Date,Close,High,Low,Open,Volume,symbol
,AAPL,AAPL,AAPL,AAPL,AAPL,
2020-01-02,72.40052032470703,72.46078378305016,71.15668166173941,71.40978524422886,135480400,AAPL
2020-01-03,71.69664764404297,72.45596582996416,71.47246932030643,71.62915285765841,146322800,AAPL
2020-01-06,72.26793670654297,72.3065062028637,70.56851011431775,70.81920816221287,118387200,AAPL
2020-01-07,71.92806243896484,72.53310260522755,71.70870255084994,72.27758611058375,108872000,AAPL
2020-01-08,73.0851058959961,73.38642316119072,71.63155170295238,71.63155170295238,132079200,AAPL
2020-01-09,74.63750457763672,74.83034471463299,73.81069163960515,74.06138234642438,170108400,AAPL
2020-01-10,74.80622100830078,75.37029336253585,74.30483235122053,74.87131024106992,140644800,AAPL
2020-01-13,76.4044189453125,76.4309386915993,75.00389679896787,75.12201817653433,121532000,AAPL
2020-01-14,75.37268829345703,76.55144471689502,75.24975587757001,76.34172912165194,161954400,AAPL
2020-01-15,75.0497055053711,76.0524904138791,74.6182170498927,75.17264532410701,121923600,AAPL
2020-01-16,75.98979949951172,76.10068954693726,75.23048148138665,75.5920621906251,108829200,AAPL
2020-01-17,76.8310775756836,76.83348311126043,75.9319442855303,76.2380799522902,137816400,AAPL
2020-01-21,76.3104019165039,76.90097930249982,76.17299948734095,76.45985409290795,110843200,AAPL
2020-01-22,76.58280944824219,77.13481745633268,76.48879491769239,76.79493065234263,101832400,AAPL
2020-01-23,76.95162963867188,77.03117417903718,76.0886526637108,76.63584965719392,104472000,AAPL
2020-01-24,76.7298355102539,77.93992295405599,76.5394009459346,77.1974804769854,146537600,AAPL
2020-01-27,74.47357940673828,75.15334557711078,73.49248860994267,74.74114561147599,161940000,AAPL
2020-01-28,76.58039855957031,76.75154473409874,75.25460237825888,75.35343533999493,162234000,AAPL
2020-01-29,78.18340301513672,79.02950436307852,77.46988569545148,78.20992276333985,216229200,AAPL
2020-01-30,78.07009887695312,78.12313101118072,76.8359045055242,77.26739289963146,126743200,AAPL
2020-01-31,74.60856628417969,77.78324080814086,74.31448034488959,77.36139664518089,199588400,AAPL
2020-02-03,74.40367889404297,75.56796570063159,72.85129158100523,73.35268032975995,173788400,AAPL
2020-02-04,76.86001586914062,77.050450456367,75.60171457078681,76.00668324335653,136616400,AAPL
2020-02-05,77.48675537109375,78.28464294726993,76.88412080562057,77.98573120045752,118826800,AAPL
2020-02-06,78.39311218261719,78.39552507490272,77.1999001655233,77.7567339114429,105425600,AAPL
2020-02-07,77.3275375366211,78.14181565091206,76.83703724788526,77.89294126547146,117684000,AAPL
2020-02-10,77.69481658935547,77.69481658935547,75.83430131081457,75.914034625019,109348800,AAPL
2020-02-11,77.22605895996094,78.26263625107545,77.0085971005104,78.19015142253798,94323200,AAPL
2020-02-12,79.05999755859375,79.06482742202022,77.67547849475221,77.67547849475221,113730400,AAPL
2020-02-13,78.49700927734375,78.82320573508036,78.12974054369347,78.3327054260137,94747600,AAPL
2020-02-14,78.51636505126953,78.76523951540129,78.0089490191431,78.4656182863691,80113600,AAPL
2020-02-18,77.07866668701172,77.25988612279623,76.01792538344428,76.19914481922879,152531200,AAPL
2020-02-19,78.19496154785156,78.42450907000605,77.32027709305024,77.32027709305024,93984000,AAPL
2020-02-20,77.39279174804688,78.44386614487053,76.88779437840257,77.95578436208415,100566000,AAPL
2020-02-21,75.64100646972656,77.42904453523326,75.02486319974747,76.98686488364316,129554000,AAPL
2020-02-24,72.04802703857422,73.49778279969091,69.88547911921196,71.8257352845529,222195200,AAPL
2020-02-25,69.60758972167969,73.09908711151304,69.13642361597664,72.71732141374063,230673600,AAPL
2020-02-26,70.7118148803711,71.9755209333374,69.22581713906433,69.23306562077462,198054800,AAPL
2020-02-27,66.08950805664062,69.10500169424336,65.95419815371966,67.92103635676665,320605600,AAPL
2020-02-28,66.05085754394531,67.27107285671417,61.94563554811998,62.1606861550344,426510000,AAPL
2020-03-02,72.20024108886719,72.83571844288954,67.10435128397388,68.20616489725688,341397200,AAPL
2020-03-03,69.90721130371094,73.45427795635602,69.05668336601278,73.37454464911569,319475600,AAPL
2020-03-04,73.14983367919922,73.30930768219956,70.82781196815235,71.62759322830975,219178400,AAPL
2020-03-05,70.7770767211914,72.37905058025478,70.41221917601806,71.40529829391956,187572800,AAPL
2020-03-06,69.83712005615234,70.26963239805877,67.95244135070753,68.1384906030925,226176800,AAPL
2020-03-09,64.31358337402344,67.19376061426469,63.54762585590985,63.72884532127841,286744800,AAPL
2020-03-10,68.94552612304688,69.21131605967966,65.0867606135554,66.96419837707879,285290000,AAPL
2020-03-11,66.55101013183594,67.95002595285474,65.6884040253017,67.02460213571918,255598800,AAPL
2020-03-12,59.97879409790039,65.23899079548863,59.923221175115486,61.84173134619349,418474000,AAPL
2020-03-13,67.16475677490234,67.6359302649127,61.119275269390535,64.00429300943405,370732000,AAPL
2020-03-16,58.52422332763672,62.60044826219108,57.9902283526449,58.46139822062626,322423600,AAPL
2020-03-17,61.097530364990234,62.245249799692694,57.60361793460999,59.80483021639644,324056000,AAPL
2020-03-18,59.601863861083984,60.406478598445545,57.29433564123959,57.93464652653443,300233600,AAPL
2020-03-19,59.14519500732422,61.09269941838276,58.62086718026377,59.77583883377371,271857200,AAPL
2020-03-20,55.39032745361328,60.848656123776394,55.09070998430256,59.72509337905043,401693200,AAPL
2020-03-23,54.213600158691406,55.21151627155354,51.372080998658355,55.11003383943649,336752800,AAPL
2020-03-24,59.65261459350586,59.848331019416534,56.6129597572638,57.110708614992014,287531200,AAPL
2020-03-25,59.32399368286133,62.399890444761496,59.02920978154729,60.587696143364745,303602000,AAPL
2020-03-26,62.44580078125,62.503788640032134,59.526959345508246,59.565620375975534,252087200,AAPL
2020-03-27,59.860408782958984,61.8248250722316,59.69368630258447,61.07095335601888,204216800,AAPL
2020-03-30,61.568695068359375,61.740251079824446,60.26149806281595,60.585279571290975,167976400,AAPL
2020-03-31,61.443058013916016,63.42438996368667,60.88973623938196,61.75959108899796,197002000,AAPL
2020-04-01,58.210105895996094,60.0972038911912,57.78001201918498,59.56079401122782,176218400,AAPL
2020-04-02,59.18144226074219,59.234600264782834,57.2411861740168,58.07238003328574,165934000,AAPL
2020-04-03,58.330909729003906,59.36748322353769,57.7413419398106,58.66676958439928,129880000,AAPL
2020-04-06,63.41956329345703,63.5742000668219,60.256680497705005,60.62394928655553,201820400,AAPL
2020-04-07,62.68501281738281,65.64976767726971,62.58111543792132,65.43229844270063,202887200,AAPL
2020-04-08,64.28943634033203,64.60354721400684,63.119967298776004,63.484817571524864,168895200,AAPL
2020-04-09,64.75330352783203,65.25588938129594,63.95835985990558,64.92486317551376,161834800,AAPL
2020-04-13,66.02428436279297,66.13301897916537,64.23141674512242,64.8306516969401,131022800,AAPL
2020-04-14,69.35871887207031,69.64867293181604,67.1840855454915,67.6552590491188,194994800,AAPL
2020-04-15,68.72566223144531,69.18475002856255,67.80748663721087,68.23516188327974,131154400,AAPL
2020-04-16,69.27173614501953,69.63659364674618,68.22308052874929,69.43845862105105,157125200,AAPL
2020-04-17,68.3318099975586,69.33456350529407,66.89655138464681,68.7884865443206,215250000,AAPL
2020-04-20,66.91345977783203,68.06118282102301,66.89413295001411,67.15992291899424,130015200,AAPL
2020-04-21,64.84514617919922,66.99078550242736,64.13476539316186,66.75640806793423,180991600,AAPL
2020-04-22,66.71292114257812,67.14784486961675,65.77058148476895,66.11126755910753,116862400,AAPL
2020-04-23,66.45438385009766,68.07811050746528,66.41572281375096,66.65734876053877,124814400,AAPL
2020-04-24,68.37288665771484,68.3825537591584,66.93037962499518,66.9787077583751,126161200,AAPL
2020-04-27,68.42121887207031,68.7522452213369,67.64318307081028,68.09018514896542,117087600,AAPL
2020-04-28,67.3121337890625,69.06392140300909,67.22032214952667,68.88270199466979,112004800,AAPL
2020-04-29,69.52302551269531,69.99178036647727,68.59518290617446,68.79814778505363,137280800,AAPL
2020-04-30,70.98968505859375,71.16607461666706,69.67282835408629,70.06184250590752,183064000,AAPL
2020-05-01,69.84679412841797,72.2461373205468,69.068758508474,69.16540738463718,240616800,AAPL
2020-05-04,70.83502960205078,70.96309099771038,69.18230980050909,69.87094489461026,133568000,AAPL
2020-05-05,71.8982162475586,72.72941009570229,71.14917433658927,71.2941513796541,147751200,AAPL
2020-05-06,72.6399917602539,73.27063178737225,72.21472783850132,72.59891211487862,142333600,AAPL
2020-05-07,73.39144897460938,73.73697961793019,72.96377378346223,73.26580616038919,115215200,AAPL
2020-05-08,75.1383056640625,75.19160756554702,73.72339119914562,74.05047071308249,133838400,AAPL
2020-05-11,76.32062530517578,76.81487118254181,74.43810496971201,74.64646961486733,145946400,AAPL
2020-05-12,75.44841766357422,77.45449582037008,75.32727766040104,77.00385116379037,162301200,AAPL
2020-05-13,74.53742980957031,76.54835795686193,73.46170617265714,75.6276896528906,200622400,AAPL
2020-05-14,74.99535369873047,75.05592369907653,73.05468852162736,73.77668558751988,158929200,AAPL
2020-05-15,74.5519790649414,74.59801285788724,72.73487900802405,72.76880175811006,166348400,AAPL
2020-05-18,76.30852508544922,76.68163844546383,75.18434945980863,75.87484910466534,135178400,AAPL
2020-05-19,75.86756134033203,77.17102150533867,75.83606375790906,76.32546668705436,101729600,AAPL
2020-05-20,77.34304809570312,77.41330397310716,76.68646396339064,76.72522965116472,111504800,AAPL
2020-05-21,76.76641845703125,77.74523171426733,76.52898139842385,77.20494465969075,102688800,AAPL
2020-05-22,77.26067352294922,77.34304783651851,76.40300024409417,76.50475370458611,81803200,AAPL
2020-05-26,76.73734283447266,78.55686050645615,76.68161577577496,78.37757568234818,125522000,AAPL
2020-05-27,77.07169342041016,77.21706291080646,75.85545038481993,76.59440888025136,112945200,AAPL
2020-05-28,77.10562896728516,78.36306306810644,76.47085639414468,76.74705181731085,133560800,AAPL
2020-05-29,77.0304946899414,77.80821132778638,76.67434283627068,77.34788086093664,153532400,AAPL
2020-06-01,77.97783660888672,78.09897663549869,76.8536536129034,76.98448691190845,80791200,AAPL
2020-06-02,78.33880615234375,78.36303562857958,77.27035057638682,77.71130190496551,87642800,AAPL
2020-06-03,78.77008056640625,79.03174713400516,78.08684912120862,78.65863382513984,104491200,AAPL
2020-06-04,78.09169006347656,78.89121109253435,77.71857679947686,78.59321142956854,87560400,AAPL
2020-06-05,80.31582641601562,80.37639642085425,78.31217331772173,78.34124573703636,137250400,AAPL
2020-06-08,80.79068756103516,80.82461031040765,79.30309219050388,80.01297082329648,95654400,AAPL
2020-06-09,83.3418960571289,83.7343884798814,80.43938634656227,80.47088393003234,147712400,AAPL
2020-06-10,85.48607635498047,85.95367499163955,83.8506863159115,84.28921253488384,166651600,AAPL
2020-06-11,81.38185119628906,85.05481691401155,81.28009773597238,84.63082691049463,201662400,AAPL
2020-06-12,82.0844497680664,84.26496946856898,80.97481077374836,83.5187504243347,200146000,AAPL
2020-06-15,83.09961700439453,83.75135081292053,80.5774812512651,80.73981210877636,138808800,AAPL
2020-06-16,85.30194091796875,85.57330073439438,83.51876362996565,85.15172849785749,165428800,AAPL
2020-06-17,85.18321990966797,86.10630607045023,85.06207991592963,86.04573607358105,114406400,AAPL
2020-06-18,85.2171630859375,85.63388506004952,84.60903780557047,85.13963169684683,96820400,AAPL
2020-06-19,84.73017120361328,86.38736569840516,83.62294970746999,85.92219218783181,264476000,AAPL
2020-06-22,86.947021484375,87.08996579558588,85.07661960868549,85.12265339969562,135445200,AAPL
2020-06-23,88.8028793334961,90.22021867227018,87.77076426941889,88.18991128978877,212155600,AAPL
2020-06-24,87.23532104492188,89.35042773903359,86.86220783951416,88.43218462838242,192623200,AAPL
2020-06-25,88.39342498779297,88.4321906709593,86.63205223537432,87.39038973838228,137522400,AAPL
2020-06-26,85.67748260498047,88.50973656249651,85.52968795154212,88.2892608623175,205256800,AAPL
2020-06-29,87.65204620361328,87.74653893980732,85.10810654900735,85.58539837995676,130646000,AAPL
2020-06-30,88.38374328613281,88.66963931267749,87.22080221413067,87.24018136135113,140223200,AAPL
2020-07-01,88.21656036376953,89.00397030229519,88.16810880383152,88.46126551068063,110737200,AAPL
2020-07-02,88.21656036376953,89.75746488824406,88.10269587070599,89.12269252080957,114041600,AAPL
2020-07-06,90.57637786865234,91.04397648582848,89.61210082402599,89.6435984064739,118655600,AAPL
2020-07-07,90.29532623291016,91.73204473813118,90.183879512503,90.95432807349727,112424400,AAPL
2020-07-08,92.39830780029297,92.42980537831811,91.18448282629508,91.27170745727221,117092000,AAPL
2020-07-09,92.79564666748047,93.34319433054527,91.74899550161554,93.28989244541889,125642800,AAPL
2020-07-10,92.95799255371094,93.01614478395153,91.78051525297649,92.39105821700926,90257200,AAPL
2020-07-13,92.52913665771484,96.86837145256374,92.31592911855529,94.26143682269026,191649200,AAPL
2020-07-14,94.06036376953125,94.25175963929699,90.97856198164641,91.91133403395911,170989200,AAPL
2020-07-15,94.7072525024414,96.18273684605151,93.51038868590005,95.93318873658312,153198000,AAPL
2020-07-16,93.54187774658203,94.39712579079603,92.94344589283693,93.58064343111674,110577600,AAPL
2020-07-17,93.35291290283203,94.14759106406643,92.8804639114332,93.99253569772281,92186800,AAPL
2020-07-20,95.32022094726562,95.45832232514117,93.09609226760277,93.44013312925429,90318000,AAPL
2020-07-21,94.004638671875,96.18515864106797,93.75509057115264,96.110052433633,103433200,AAPL
2020-07-22,94.26873016357422,94.94953641432485,93.6194214977863,93.70663875417605,89001600,AAPL
2020-07-23,89.97795867919922,94.07975781052636,89.16874426666178,94.00222642645338,197004400,AAPL
2020-07-24,89.7550277709961,90.09906855159667,86.39218089831441,88.1777903319354,185438800,AAPL
2020-07-27,91.88227081298828,91.97433840198715,90.59334674840196,90.81624022237884,121214000,AAPL
2020-07-28,90.37287902832031,91.63031301270213,90.36802869554506,91.45344592380489,103625600,AAPL
2020-07-29,92.10514831542969,92.28928344671583,90.81864234957972,90.85498286396583,90329200,AAPL
2020-07-30,93.21966552734375,93.32384416441144,90.8719714748946,91.27900014562395,158130000,AAPL
2020-07-31,102.97870635986328,103.12891879594893,97.71153346257094,99.70792594411513,374336800,AAPL
2020-08-03,105.5735092163086,108.19013023936542,104.56078059833798,104.85878026409463,308151200,AAPL
2020-08-04,106.27853393554688,107.36879381499179,105.0404794276689,105.76247640960193,173071600,AAPL
2020-08-05,106.66378021240234,106.98359161753405,105.5347544170492,105.9999353148589,121776800,AAPL
2020-08-06,110.38520050048828,110.87945383007707,106.40696656350907,106.99570525966352,202428800,AAPL
2020-08-07,107.87549591064453,110.36334336865978,107.07938502036484,109.90703455219526,198045600,AAPL
2020-08-10,109.44346618652344,110.46045047783032,106.79542421098176,109.31967821090602,212403600,AAPL
2020-08-11,106.1886215209961,109.20559017872704,105.9289127146506,108.70802360073796,187902400,AAPL
2020-08-12,109.71770477294922,109.97498398938008,107.08422600127558,107.2783964791796,165598000,AAPL
2020-08-13,111.65945434570312,112.66187605488997,110.60848630688241,111.096349513322,210082000,AAPL
2020-08-14,111.55992126464844,111.64972529333073,109.75167818563322,111.4846796510428,165565200,AAPL
2020-08-17,111.26866912841797,112.70555595050736,110.64246299694389,112.68128278727484,119561600,AAPL
2020-08-18,112.19585418701172,112.62060863769267,110.68615521459195,111.02110562369826,105633600,AAPL
2020-08-19,112.33663177490234,113.74924556112234,112.24197605902953,112.60362178027331,145538000,AAPL
2020-08-20,114.829345703125,114.94342292138063,112.36091202603218,112.37790398361146,126907200,AAPL
2020-08-21,120.74676513671875,121.22976923366335,115.77592204362502,115.78805492165831,338054800,AAPL
2020-08-24,122.19093322753906,125.03315266970756,120.32686973134855,124.94819288976294,345937600,AAPL
2020-08-25,121.18850708007812,121.53316822878249,119.4676456893335,121.06472653687041,211495600,AAPL
2020-08-26,122.83655548095703,123.29286429117482,121.43850421682247,122.50403462016395,163022400,AAPL
2020-08-27,121.36811828613281,123.77101327398971,120.22491675397727,123.43849242247208,155552400,AAPL
2020-08-28,121.17152404785156,122.75888676117691,120.94822130817289,122.3414135230096,187630000,AAPL
2020-08-31,125.28071594238281,127.1836224608346,122.32928572568825,123.8632579117057,225702700,AAPL
2020-09-01,130.27093505859375,130.87288270975856,126.72727621370097,128.8923056104839,151948100,AAPL
2020-09-02,127.57199096679688,133.96030126469617,123.30017964496024,133.58166351032548,200119000,AAPL
2020-09-03,117.35845184326172,125.08655566898445,116.98952488777601,123.21278864677252,257599600,AAPL
2020-09-04,117.43610382080078,120.0962780604988,107.65947073062564,116.57203254505438,332607200,AAPL
2020-09-08,109.53324890136719,115.52349838716887,109.39732807142673,110.63032628792358,231366600,AAPL
2020-09-09,113.90215301513672,115.66913123084257,111.90216871799983,113.8439033465614,176940500,AAPL
2020-09-10,110.18373107910156,116.98951312845449,109.22257449751976,116.85359229498353,182274400,AAPL
2020-09-11,108.73711395263672,111.8730179088,106.79537977491105,111.23224207472906,180860300,AAPL
2020-09-14,111.99922943115234,112.55262338276935,109.5138120213816,111.37787507870965,140150100,AAPL
2020-09-15,112.17399597167969,115.36814991421778,110.300221999526,114.88271631943319,184642000,AAPL
2020-09-16,108.86335754394531,112.62061700186764,108.77598303445264,111.8730523722857,154679000,AAPL
2020-09-17,107.12550354003906,108.93131746592069,105.5429923714999,106.52357050283204,178011000,AAPL
2020-09-18,103.72746276855469,107.64976770036112,102.99931226553164,107.18375552641913,287104900,AAPL
2020-09-21,106.8730697631836,106.97986575435861,100.0964130289504,101.49446425369291,195713800,AAPL
2020-09-22,108.55269622802734,109.57211009802798,105.9799031975969,109.39735364623162,183055400,AAPL
2020-09-23,103.99932098388672,108.84394734905581,103.65951146024476,108.36822438593991,150718700,AAPL
2020-09-24,105.06725311279297,107.03811241012444,101.94105943821374,102.10610509006938,167743300,AAPL
2020-09-25,109.00896453857422,109.16430684101944,104.53326629739041,105.27112741974788,149981400,AAPL
2020-09-28,111.61090850830078,111.96042134324223,109.49441741099088,111.65945483814875,137672400,AAPL
2020-09-29,110.76624298095703,111.95070223231198,110.26139526105185,111.21284844222973,99382200,AAPL
2020-09-30,112.4361343383789,113.84389630124348,110.30994008853341,110.47498574403602,142675200,AAPL
2020-10-01,113.38760375976562,114.2905107318788,112.45557195099242,114.21283956269843,116120400,AAPL
2020-10-02,109.72742462158203,112.00896881944756,108.9507351859753,109.60121453266758,144712000,AAPL
2020-10-05,113.10603332519531,113.25166489244758,110.2419779334605,110.59149073201426,106243800,AAPL
2020-10-06,109.86334991455078,112.73711630408881,108.97985709448719,112.32934639868184,161498200,AAPL
2020-10-07,111.72740936279297,112.18371817362878,110.80508099423795,111.28081129884058,96849000,AAPL
2020-10-08,111.62061309814453,113.00895361392693,111.25167878876417,112.86332203954677,83477200,AAPL
2020-10-09,113.56236267089844,113.59148750819554,111.5720815081163,111.92159436994272,100506900,AAPL
2020-10-12,120.7759017944336,121.53317715466372,115.80505821466257,116.56233357489269,240226800,AAPL
2020-10-13,117.57203674316406,121.73705863931524,116.1642820228976,121.62055188862823,262330500,AAPL
2020-10-14,117.659423828125,119.44581630770881,116.13516229019277,117.47495664988062,150712000,AAPL
2020-10-15,117.1933822631836,117.66910513115165,114.70796452850907,115.26135855246798,112559200,AAPL
2020-10-16,115.55262756347656,118.0089281560019,115.34874631090426,117.74678982617324,115393800,AAPL
2020-10-19,112.6011962890625,116.9118422011094,112.29051903948137,116.46524411778215,120639300,AAPL
2020-10-20,114.08663177490234,115.51380805714416,112.26139629791038,112.81479042703165,124423700,AAPL
2020-10-21,113.46524810791016,115.25164013400696,113.05747826966751,113.27107023085922,89946000,AAPL
2020-10-22,112.37789916992188,114.60118635769001,111.25168945435153,114.02837075211397,101988000,AAPL
2020-10-23,111.6885757446289,113.15458745033783,110.95071451824744,112.99924512599237,82572600,AAPL
2020-10-26,111.69828033447266,113.15458121285103,109.591492767667,110.6885775032748,111850700,AAPL
2020-10-27,113.20311737060547,113.86330738232272,111.203133250019,112.12545415431511,92276800,AAPL
2020-10-28,107.96044158935547,112.06721355762778,107.863356340069,111.6982866474873,143937800,AAPL
2020-10-29,111.96041107177734,113.52350793821675,108.9313025825577,109.09635564462052,146129200,AAPL
2020-10-30,105.6885986328125,108.72741014836967,104.58181067342728,107.82450340180505,190272600,AAPL
2020-11-02,105.60123443603516,107.4555945603439,104.19347979423505,105.9313331743507,122866900,AAPL
2020-11-03,107.22258758544922,108.24199381190596,105.56240538196562,106.46531227233,107624400,AAPL
2020-11-04,111.6011962890625,112.22255078584597,109.07694271998845,110.81479612438059,138235500,AAPL
2020-11-05,115.56233215332031,116.13514770518474,113.46526266207991,114.51379370413532,126387100,AAPL
2020-11-06,115.43104553222656,115.92703675245446,112.94133225108231,115.07120221763194,114457900,AAPL
2020-11-09,113.1261215209961,118.64043465344767,112.86353836131654,117.19134868504119,154515300,AAPL
2020-11-10,112.78572082519531,114.36123445028848,110.99623930767311,112.37725487942362,138023400,AAPL
2020-11-11,116.20906829833984,116.34522361614252,113.24281896631516,113.97222563450443,112295000,AAPL
2020-11-12,115.93679809570312,117.22055398262988,115.31437144870293,116.3355441082653,103162300,AAPL
2020-11-13,115.98538970947266,116.38412816982795,114.63355658842221,116.16044760960408,81581900,AAPL
2020-11-16,116.99684143066406,117.66789057082231,114.90587400574458,115.65472831052979,91183000,AAPL
2020-11-17,116.11183166503906,117.35668469756249,115.69363815380922,116.26744200405916,74271000,AAPL
2020-11-18,114.7891616821289,116.53001321672764,114.75998660153422,115.35323797332128,76322100,AAPL
2020-11-19,115.3824234008789,115.7908894056509,113.60266912591757,114.36125096903965,74113000,AAPL
2020-11-20,114.11811065673828,115.50884645150772,114.0694879933699,115.3824186228592,73604300,AAPL
2020-11-23,110.72395324707031,114.39044233270789,110.62670048886426,113.96252129270948,127959300,AAPL
2020-11-24,112.00769805908203,112.66902713847026,109.49853707376413,110.78230006896696,113874200,AAPL
2020-11-25,112.84407806396484,113.54430968345936,112.00769112066959,112.37726193090761,76499200,AAPL
2020-11-27,113.38870239257812,114.26399194036229,113.02886649286769,113.36925481147574,46691300,AAPL
2020-11-30,115.78115844726562,117.64843779643516,113.60265845332594,113.75826877571102,169410200,AAPL
2020-12-01,119.35037994384766,120.0797865936806,116.71479147284033,117.68733367261757,127728200,AAPL
2020-12-02,119.70051574707031,119.98255392256038,117.57064559900594,118.66961579736986,89004200,AAPL
2020-12-03,119.56434631347656,120.38127824003541,118.85438720785504,120.1284151780445,78967600,AAPL
2020-12-04,118.89328002929688,119.48653134532607,118.18332098194936,119.23366830409037,78260400,AAPL
2020-12-07,120.35211181640625,121.14959622013072,118.89329833984375,118.95164850453536,86712000,AAPL
2020-12-08,120.96481323242188,121.54834457068203,119.71023272701726,120.95509315138429,82225500,AAPL
2020-12-09,118.43620300292969,122.49170271232049,117.67762117756554,121.1106943933289,115089200,AAPL
2020-12-10,119.85612487792969,120.46883134674633,116.85097238388342,117.19136074438724,81312200,AAPL
2020-12-11,119.04890441894531,119.38929273400028,117.23997517904313,119.0683519998447,86939800,AAPL
2020-12-14,118.43620300292969,119.96309415447033,118.20279492279666,119.23368741163418,79184500,AAPL
2020-12-15,124.36870574951172,124.3881607505194,120.72167215100104,120.92590514212858,157243700,AAPL
2020-12-16,124.30062866210938,124.84524997430788,123.08495079030278,123.91161767905837,98208600,AAPL
2020-12-17,125.16619873046875,126.02204075578122,124.5243172114844,125.36070423445284,94359800,AAPL
2020-12-18,123.18221282958984,125.55521844582084,122.65703909059238,125.41906311570027,192541500,AAPL
2020-12-21,124.70909118652344,124.78689634893868,120.06034032088816,121.5872313887212,121251600,AAPL
2020-12-22,128.25888061523438,130.71941139606707,126.09010064650239,127.99629004452623,168904800,AAPL
2020-12-23,127.36414337158203,128.79376686890285,127.18907804467862,128.53119113827395,88223700,AAPL
2020-12-24,128.346435546875,129.79552922137646,127.50032831643357,127.71428885467729,54930100,AAPL
2020-12-28,132.93678283691406,133.56892926985674,129.84409122328378,130.31092211880733,124486200,AAPL
2020-12-29,131.16677856445312,134.97914269594398,130.6513323196226,134.25947087325437,121047300,AAPL
2020-12-30,130.04833984375,132.25601471943688,129.73711922699422,131.85726886914946,96452100,AAPL
2020-12-31,129.0466766357422,131.04039188221898,128.10330915091885,130.3985102212382,99116600,AAPL
2021-01-04,125.85669708251953,129.94137159533847,123.27945861661561,129.85384635373498,143301900,AAPL
2021-01-05,127.41276550292969,128.1227320895685,124.9036045069711,125.35098050896518,97664900,AAPL
2021-01-06,123.12385559082031,127.45167334436817,122.90989509434218,124.21310565475042,155088000,AAPL
2021-01-07,127.32527160644531,128.01578336133306,124.34929371374605,124.83556499921514,109578200,AAPL
2021-01-08,128.4241943359375,128.9882705657379,126.65416049347947,128.79375026318803,105158200,AAPL
2021-01-11,125.43850708007812,126.59583484109754,124.97169091120101,125.64274750135974,100384500,AAPL
2021-01-12,125.26345825195312,126.12902035403391,123.37672370948479,124.97169257758259,91951100,AAPL
2021-01-13,127.2960433959961,127.84066463408008,124.96194813568883,125.22452383559776,88636800,AAPL
2021-01-14,125.37042236328125,127.40303206132965,125.22453212496984,127.20852658339784,90221800,AAPL
2021-01-15,123.64901733398438,126.64444915422231,123.5128620166925,125.24398598218208,111598500,AAPL
2021-01-19,124.3200912475586,125.17593327026417,123.45452914361996,124.27146116175601,90757300,AAPL
2021-01-20,128.40476989746094,128.85214592405728,125.02032655299224,125.12730680892926,104319500,AAPL
2021-01-21,133.11187744140625,135.8349992091979,129.92193946307938,130.12617990258715,120150900,AAPL
2021-01-22,135.25146484375,136.01004665089906,131.31266555904966,132.53806351525557,114459400,AAPL
2021-01-25,138.99575805664062,141.106173284309,132.79093279458516,139.1416483205631,157611700,AAPL
2021-01-26,139.2291717529297,140.33786948106203,137.48831256904506,139.65709277779112,98390600,AAPL
2021-01-27,138.15933227539062,140.3378319835939,136.55464370074296,139.49171024148978,140843800,AAPL
2021-01-28,133.32582092285156,138.09128711738055,132.94653001780165,135.68910643879175,142621100,AAPL
2021-01-29,128.3367462158203,132.98549931554328,126.63479642458798,132.1004818625446,177523800,AAPL
2021-02-01,130.45684814453125,131.66280616641993,127.33498024294086,130.0775571695549,106239800,AAPL
2021-02-02,131.28350830078125,132.5672565949287,130.91393742770222,132.00318020332065,83305400,AAPL
2021-02-03,130.26231384277344,132.0420679752551,129.9413731133275,132.0323330550851,89880900,AAPL
2021-02-04,133.61756896972656,133.62728904915303,130.89444790890877,132.55750155942113,84183100,AAPL
2021-02-05,133.20361328125,133.84645384942093,132.32702331519238,133.77828189570104,75693800,AAPL
2021-02-08,133.34976196289062,133.39846472288602,131.411505066242,132.49264094535826,71297200,AAPL
2021-02-09,132.47311401367188,134.29449558670797,132.3172860388913,133.06725182462114,76774200,AAPL
2021-02-10,131.86924743652344,133.42764614924684,130.9049865610518,132.93089894279558,73046600,AAPL
2021-02-11,131.61602783203125,132.84325691578465,130.291393245221,132.3659937299951,64280000,AAPL
2021-02-12,131.84976196289062,132.00560480490336,130.2134567077312,130.85629728454018,60145100,AAPL
2021-02-16,129.7264404296875,132.47309953309198,129.33683338034655,131.96663266193272,80576300,AAPL
2021-02-17,127.43756866455078,128.781687221056,126.10319957479774,127.83691038959827,97918500,AAPL
2021-02-18,126.33699798583984,126.61945022012958,124.09680474031526,125.84025063099111,96856700,AAPL
2021-02-19,126.4927749633789,127.31094237587132,125.45060763733204,126.85316335933045,87668800,AAPL
2021-02-22,122.72344207763672,126.34670679460257,122.33384236261952,124.68116782712916,103916400,AAPL
2021-02-23,122.58708190917969,123.4149766498793,115.31133387912055,120.54169271715817,158273000,AAPL
2021-02-24,122.0903549194336,122.29489311702532,119.05149320550255,121.69102056156322,111039900,AAPL
2021-02-25,117.84371948242188,123.17147632846172,117.40542445743719,121.43776543888308,148199500,AAPL
2021-02-26,118.106689453125,121.60332952526318,118.04824467349069,119.4020977442568,164560400,AAPL
2021-03-01,124.46690368652344,124.60326248159897,119.59692548811965,120.53196041049354,116307900,AAPL
2021-03-02,121.86632537841797,125.37270785746594,121.75918527388905,125.07077161615514,102260900,AAPL
2021-03-03,118.88589477539062,122.44098002866822,118.6716145648539,121.56438254510716,112966300,AAPL
2021-03-04,117.00608825683594,120.38585416346811,115.53536025738819,118.58396379730593,178155000,AAPL
2021-03-05,118.2625503540039,118.76903225470893,114.51266857773292,117.83399731994245,153766600,AAPL
2021-03-08,113.33411407470703,117.85345248459532,113.18801326724598,117.7852730985796,154376600,AAPL
2021-03-09,117.94112396240234,118.88590088596752,115.70093853482196,115.93469539878758,129525800,AAPL
2021-03-10,116.85999298095703,118.99303824849771,116.34376908141869,118.52552453136408,111943300,AAPL
2021-03-11,118.78849029541016,120.00598467048323,118.10669641776761,119.35340946888309,103026500,AAPL
2021-03-12,117.8826904296875,118.01904922400895,116.0613233493951,117.26907585524096,88105100,AAPL
2021-03-15,120.76569366455078,120.77543569972144,117.28853020817765,118.25279105319385,92403800,AAPL
2021-03-16,122.30463409423828,123.9117284110974,121.47673927373422,122.4312508542222,115227900,AAPL
2021-03-17,121.51568603515625,122.58707964634337,119.15861117334904,120.82415009129004,111932600,AAPL
2021-03-18,117.39567565917969,119.97676520351848,117.1911374972353,119.68456358302885,121229700,AAPL
2021-03-19,116.8697280883789,118.27228410779664,116.56779183514182,116.7820720526636,185549500,AAPL
2021-03-22,120.18132019042969,120.64884136246526,117.13271654370864,117.20089594056832,111912300,AAPL
2021-03-23,119.3534164428711,121.0092059173222,118.96381673388366,120.12287382459728,95467100,AAPL
2021-03-24,116.96711730957031,119.70404974763237,116.94764066899515,119.62612832333967,88530500,AAPL
2021-03-25,117.4541244506836,118.49630686413842,115.9054750318424,116.43143354135354,98844700,AAPL
2021-03-26,118.0580062866211,118.32098926109825,115.82755546141085,117.22036947257719,94071200,AAPL
2021-03-29,118.23332977294922,119.39238695881983,117.59049651669116,118.48657071923124,80819200,AAPL
2021-03-30,116.7820816040039,117.26907943602144,115.76912522168777,116.9866198017316,85671900,AAPL
2021-03-31,118.97357940673828,120.30794879540358,117.99958368082311,118.4865815437807,118323800,AAPL
2021-04-01,119.80146026611328,120.9507753854183,119.30472042335516,120.44430093685868,75089100,AAPL
2021-04-05,122.62604522705078,122.87928615898178,119.86963594729222,120.6488353850815,88651200,AAPL
2021-04-06,122.927978515625,123.82405264578033,122.38254338092113,123.21043811923847,80171300,AAPL
2021-04-07,124.57403564453125,124.59351228641088,121.88580577435263,122.55786509964642,83466700,AAPL
2021-04-08,126.97007751464844,126.9992961961062,125.17792902926334,125.59674003815452,88844600,AAPL
2021-04-09,129.5413818359375,129.58033511074808,126.1031794318075,126.42459968145573,106686700,AAPL
2021-04-12,127.82718658447266,129.39532007888374,127.23304868008105,129.07389975073812,91420000,AAPL
2021-04-13,130.93418884277344,131.15821847574705,128.4992004477625,128.99594759201815,91266500,AAPL
2021-04-14,128.5966339111328,131.4894019428346,128.2362603060902,131.43096458655666,87222800,AAPL
2021-04-15,131.0023956298828,131.48939338315375,130.1647588997771,130.34008581919048,89347100,AAPL
2021-04-16,130.67124938964844,131.16798178060714,129.81412853121648,130.8076081751269,84922400,AAPL
2021-04-19,131.33352661132812,131.94714842450873,129.87253361765187,130.03811104016313,94264200,AAPL
2021-04-20,129.64852905273438,132.00559615119002,128.3823320528723,131.5088638445784,94812300,AAPL
2021-04-21,130.0283966064453,130.27189547649485,127.88560952240783,128.91804235349915,68847100,AAPL
2021-04-22,128.50900268554688,130.66152498796077,127.99278612277816,129.58038910212525,84566500,AAPL
2021-04-23,130.8270721435547,131.6062565911259,128.72323846633472,128.72323846633472,78657500,AAPL
2021-04-26,131.21669006347656,131.5478450047434,130.08685158645528,131.32383017529745,66905100,AAPL
2021-04-27,130.89527893066406,131.88875868630524,130.62256132903624,131.49915149684074,66015800,AAPL
2021-04-28,130.10633850097656,131.50889459107745,129.61934068424674,130.81735115204378,107760100,AAPL
2021-04-29,130.00892639160156,133.50558183329358,129.00571212903608,132.92117853809344,151101000,AAPL
2021-04-30,128.04144287109375,130.08682431063778,127.66158525646483,128.3531136734093,109839500,AAPL
2021-05-03,129.09336853027344,130.58359545105438,128.401839986388,128.60637073689202,75135100,AAPL
2021-05-04,124.52533721923828,128.070688075214,123.40524078183631,127.77848641989287,137564700,AAPL
2021-05-05,124.76885986328125,127.05774092819507,124.64223566162377,125.84024625685937,84000900,AAPL
2021-05-06,126.3662109375,126.37594554444907,123.82407406523244,124.5643128982338,78128300,AAPL
2021-05-07,127.0394058227539,128.06382651595774,126.3271705323357,127.66382129004229,78973300,AAPL
2021-05-10,123.76118469238281,126.38567778466182,123.72215780429457,126.25885342470616,88071200,AAPL
2021-05-11,122.84407806396484,123.19530516720471,119.78053064001386,120.49275831659119,126142800,AAPL
2021-05-12,119.78053283691406,121.60500079746393,119.27319817304675,120.39519702699735,112172300,AAPL
2021-05-13,121.9269790649414,123.0782463378904,121.23426847309511,121.5464761686261,105861300,AAPL
2021-05-14,124.3465805053711,124.7758688561986,122.78554210729591,123.17580356771927,81918000,AAPL
2021-05-17,123.19532012939453,123.83925269137897,122.12210663637244,123.7319305977149,74244600,AAPL
2021-05-18,121.80990600585938,123.89779649597985,121.74161080080381,123.47826668103308,63342900,AAPL
2021-05-19,121.65379333496094,121.87818865261369,119.86835215925528,120.16105011854478,92612000,AAPL
2021-05-20,124.21001434326172,124.61003446523176,122.05382847219842,122.18066775166193,76857100,AAPL
2021-05-21,122.37578582763672,124.88320615344152,122.16114162608143,124.70758884704348,79295400,AAPL
2021-05-24,124.0051040649414,124.82465387319235,122.87335402183648,122.94164921888921,63092900,AAPL
2021-05-25,123.80996704101562,125.19539548054684,123.24408834343369,124.70756311355534,72009500,AAPL
2021-05-26,123.76118469238281,124.28803651614747,123.34165494995638,123.86850677372105,56575900,AAPL
2021-05-27,122.22942352294922,124.5319579811851,122.03429651202822,123.3611810284224,94625600,AAPL
2021-05-28,121.57573699951172,122.736762785055,121.51720038633076,122.51236002849775,71311100,AAPL
2021-06-01,121.25375366210938,122.29769863064088,120.92203630931297,122.03427646480945,67637100,AAPL
2021-06-02,122.01478576660156,122.19040306312083,121.02938463288338,121.253779962891,59278900,AAPL
2021-06-03,120.53179168701172,121.80989069682863,120.13177164794705,121.64403199734149,76229200,AAPL
2021-06-04,122.8245620727539,123.08799170722506,120.83423543606743,121.04887959937938,75169300,AAPL
2021-06-07,122.83433532714844,123.24410653680496,121.7903901347652,123.09775754946514,71057600,AAPL
2021-06-08,123.65386962890625,125.33199613747028,123.13677635872094,123.51727923465421,74403800,AAPL
2021-06-09,124.03439331054688,124.63929904628665,123.43924615992437,124.1124471042461,56877900,AAPL
2021-06-10,123.03921508789062,125.06856875877892,122.87335638380547,123.92705266664278,71186400,AAPL
2021-06-11,124.24900817871094,124.33682053678962,123.02944585374593,123.4489755912786,53522400,AAPL
2021-06-14,127.30281829833984,127.36135492119467,123.97585539548058,124.70759295564363,96906500,AAPL
2021-06-15,126.48328399658203,127.41991468464407,126.23937146072876,126.7759820170539,62746300,AAPL
2021-06-16,126.9808349609375,127.70282128290683,125.33199905171192,127.19547914078684,91815000,AAPL
2021-06-17,128.58091735839844,129.3224209462561,126.49302678487064,126.6393832290609,96721700,AAPL
2021-06-18,127.28329467773438,128.30771518043744,127.06865050509046,127.52720715689915,108953300,AAPL
2021-06-21,129.07850646972656,129.18582857227696,126.06375134431808,127.12720634134745,79663300,AAPL
2021-06-22,130.71759033203125,130.8151612925248,128.41505560442437,128.91264666080772,74783600,AAPL
2021-06-23,130.4444122314453,131.0493254021088,129.98585550457855,130.51271488266488,60214200,AAPL
2021-06-24,130.16146850585938,131.36151382298493,129.69314579268672,131.17613794325877,68711000,AAPL
2021-06-25,129.86874389648438,130.62974954026467,129.57604598259172,130.21022727723152,70783700,AAPL
2021-06-28,131.49810791015625,131.9566646084623,130.1029355337376,130.1614721527149,62111300,AAPL
2021-06-29,133.01034545898438,133.16645300747723,131.0785629298999,131.51760238370522,64556100,AAPL
2021-06-30,133.62501525878906,134.06405473109936,132.5615455661884,132.85424351014055,63261400,AAPL
2021-07-01,133.92745971679688,133.98599632611845,132.45421890843855,133.27377610064684,52485800,AAPL
2021-07-02,136.5519561767578,136.59097561940857,134.3957635112395,134.5421050302235,78852600,AAPL
2021-07-06,138.56182861328125,139.6643030810213,136.65931393358588,136.65931393358588,108181800,AAPL
2021-07-07,141.04971313476562,141.36191336128311,139.1862182535438,140.04478004189397,104911600,AAPL
2021-07-08,139.7521209716797,140.55214628534262,137.24469315334258,138.13253828734636,105575500,AAPL
2021-07-09,141.57659912109375,142.10344367127877,139.17649311255218,139.27406408607257,99890800,AAPL
2021-07-12,140.98141479492188,142.75710481226085,140.49358983023356,142.64978272453996,76299700,AAPL
2021-07-13,142.09364318847656,143.8693330567253,140.13259235448814,140.52284633857775,100827100,AAPL
2021-07-14,145.5181884765625,145.9279745686904,144.0839818158266,144.4937679079545,127050800,AAPL
2021-07-15,144.86451721191406,146.34750947636803,143.50836421958925,145.60602078776031,106820300,AAPL
2021-07-16,142.8253936767578,146.1133292004128,142.32781756831105,144.8449961921481,93251400,AAPL
2021-07-19,138.9813232421875,140.56188618036083,138.22031752231123,140.2496710710599,121434600,AAPL
2021-07-20,142.5912322998047,143.5181116494979,139.47892150687957,139.9667464752501,96350000,AAPL
2021-07-21,141.85948181152344,142.57171691870616,141.108242148076,141.98632105555998,74993500,AAPL
2021-07-22,143.2253875732422,144.59129128070637,142.25948895259933,142.38632818516166,77338200,AAPL
2021-07-23,144.94256591796875,145.0986734955369,143.34250046599004,143.95716474814094,71447400,AAPL
2021-07-26,145.36207580566406,146.1816181027515,144.10347916841854,144.65960672609336,72434100,AAPL
2021-07-27,143.1961669921875,145.57675557902394,142.00587269876928,145.48893575716545,104818600,AAPL
2021-07-28,141.44972229003906,143.39127100475073,139.06913408549428,141.28386358886817,118931200,AAPL
2021-07-29,142.09364318847656,142.98148812260095,141.0594567321274,141.16677881083731,56699500,AAPL
2021-07-30,142.30831909179688,142.7668758133756,140.60093147786202,140.86436116386733,70440600,AAPL
2021-08-02,141.9765625,143.37173456258094,141.7131328866216,142.79610475580563,62880000,AAPL
2021-08-03,143.7717742919922,144.43520909857267,141.64484970305608,142.2595139229218,64786600,AAPL
2021-08-04,143.3717498779297,144.191292221281,142.7180662311683,143.6839649919127,56368300,AAPL
2021-08-05,143.47906494140625,144.24007063545545,142.6107371680816,143.40101116673,46397700,AAPL
2021-08-06,142.79510498046875,143.74290453377364,142.29678337483543,143.0003050001657,54126800,AAPL
2021-08-09,142.7462615966797,143.34230040071924,142.18931561461758,142.853744492803,48908700,AAPL
2021-08-10,142.26747131347656,144.32917762337323,141.97433481779836,143.08824157374232,69023100,AAPL
2021-08-11,142.5215301513672,143.36184690994065,142.19908146277635,142.7071837820295,48493500,AAPL
2021-08-12,145.48214721679688,145.63848865290169,142.5019538202862,142.84394884807298,72282600,AAPL
2021-08-13,145.68739318847656,146.0196076628779,144.87638850599475,145.56036386786354,59375000,AAPL
2021-08-16,147.66111755371094,147.72952253031957,143.1175540441941,145.1401675406519,103296000,AAPL
2021-08-17,146.75241088867188,148.20829780218608,145.67758203815535,146.79148879708086,92229700,AAPL
2021-08-18,143.01007080078125,147.2702784625577,142.8048707810112,146.37133747643588,86326000,AAPL
2021-08-19,143.34228515625,144.61253336364982,141.1926423719419,141.71051038649435,86960300,AAPL
2021-08-20,144.7982177734375,145.10112008303318,143.42048638829777,144.0653838336242,60549600,AAPL
2021-08-23,146.28341674804688,146.7524262457425,144.50506608373868,144.91545125791524,60131800,AAPL
2021-08-24,146.19544982910156,147.40707372149436,145.73620613091066,146.02934262692168,48606400,AAPL
2021-08-25,144.96429443359375,146.87943995254733,144.41711425947602,146.3811034364789,58991300,AAPL
2021-08-26,144.1630401611328,145.7068782917423,144.13372800564036,144.95451308804914,48597200,AAPL
2021-08-27,145.19883728027344,145.34539810446006,143.46934500714787,144.10446179134948,55802400,AAPL
2021-08-30,149.6153564453125,149.97689795560206,145.20858752404757,145.58966053577964,90956700,AAPL
2021-08-31,148.35491943359375,149.30271928350763,147.82727059470037,149.1659241974142,86453100,AAPL
2021-09-01,149.01934814453125,151.43281601603445,148.8532408910105,149.3320311461323,80313700,AAPL
2021-09-02,150.13319396972656,151.1787105563669,148.91180444862712,150.34815971820325,71115500,AAPL
2021-09-03,150.76834106445312,151.09078972052774,149.5860293255129,150.24069238740682,57808700,AAPL
2021-09-07,153.10360717773438,153.66055299380585,150.85624768920798,151.42297416263037,82278300,AAPL
2021-09-08,151.559814453125,153.4456331023822,150.45567332943037,153.38700877891932,74420200,AAPL
2021-09-09,150.54359436035156,152.5368955037672,150.42633082753412,151.9310910707807,57305700,AAPL
2021-09-10,145.56033325195312,151.9213251437336,145.2965089144569,151.45231569560596,140893200,AAPL
2021-09-13,146.12705993652344,147.95425407222461,145.34536758274155,147.18234237769772,102404300,AAPL
2021-09-14,144.7298126220703,147.61230470977705,143.54751554982687,146.90878293557242,109296300,AAPL
2021-09-15,145.6189727783203,146.01959220126037,143.01985176888803,145.15972903193406,83281300,AAPL
2021-09-16,145.38446044921875,145.56034832894838,143.85040265204483,145.0424802595639,68034100,AAPL
2021-09-17,142.71697998046875,145.41381871147436,142.4238433910708,145.41381871147436,129868800,AAPL
2021-09-20,139.6683807373047,141.5248874282257,138.03660561412693,140.50869758793672,123478900,AAPL
2021-09-21,140.14710998535156,141.29034368063373,139.51199340756355,140.63566578658538,75834000,AAPL
2021-09-22,142.51174926757812,143.0784609405733,140.4109501394529,141.14378392401113,76404300,AAPL
2021-09-23,143.46932983398438,143.71360778815728,142.30656438659437,143.29344195401745,64838200,AAPL
2021-09-24,143.55722045898438,144.0946347683932,142.22834821641814,142.32606533068824,53477900,AAPL
2021-09-27,142.04270935058594,142.61921652920344,140.52819828937186,142.1404264749726,74150700,AAPL
2021-09-28,138.66192626953125,141.43691994614318,138.44696050068399,139.97125238193445,108972300,AAPL
2021-09-29,139.5608673095703,141.14378350850296,138.77917495976774,139.2091064976362,74602000,AAPL
2021-09-30,138.26132202148438,141.07540882378817,138.04635622911155,140.37188712321222,89056700,AAPL
2021-10-01,139.38497924804688,139.64880358400276,135.9260103602956,138.65214546670163,94639600,AAPL
2021-10-04,135.955322265625,138.95506236159227,135.1052398519007,138.51535016597074,98322000,AAPL
2021-10-05,137.8802032470703,138.9843440041992,136.17025813588964,136.29728740091528,80861100,AAPL
2021-10-06,138.74984741210938,138.8964081885175,135.20292752763442,136.27775625309343,83221100,AAPL
2021-10-07,140.01031494140625,140.91903648455812,139.453369081024,139.78558344753552,61732700,AAPL
2021-10-08,139.62924194335938,140.87994360098938,139.29702757701324,140.73338282452485,58773200,AAPL
2021-10-11,139.54135131835938,141.49557516408288,138.56423939549762,139.0137174402137,64452200,AAPL
2021-10-12,138.27108764648438,139.97126757292082,137.8118439004276,139.9517211619384,73035900,AAPL
2021-10-13,137.684814453125,138.16358964828814,136.0139468710265,138.00726310614547,78762700,AAPL
2021-10-14,140.46958923339844,140.58685278975153,138.27108764845218,138.85736070158842,69907100,AAPL
2021-10-15,141.52487182617188,141.58349614959462,140.22531132197605,140.4793699361988,67940300,AAPL
2021-10-18,143.19573974609375,143.47909561279081,139.88333128324254,140.1666871499396,85589200,AAPL
2021-10-19,145.35516357421875,145.75578303894451,143.195754584487,143.64521771748375,76378900,AAPL
2021-10-20,145.84368896484375,146.32247907181252,144.7297822080243,145.29650879090318,58418800,AAPL
2021-10-21,146.0586700439453,146.21501151275598,144.48551942420278,145.40400691653662,61421000,AAPL
2021-10-22,145.28675842285156,146.74264548774926,145.23789985010384,146.26387023963363,58883400,AAPL
2021-10-25,145.23788452148438,145.95117189778182,144.24122639888336,145.27696242983234,50720600,AAPL
2021-10-26,145.90237426757812,147.38757380600188,145.59945701676844,145.91214002036054,60893400,AAPL
2021-10-27,145.443115234375,146.30296358535784,145.0913543468451,145.94143694606547,56094900,AAPL
2021-10-28,149.07794189453125,149.66419997930225,146.29316753585874,146.3908846714247,100077900,AAPL
2021-10-29,146.37132263183594,146.5081176612954,143.05891485963772,143.85037288076313,124953200,AAPL
2021-11-01,145.55059814453125,146.2736514231289,144.41714473918745,145.57991030936387,74588300,AAPL
2021-11-02,146.58628845214844,148.10081443519022,145.2476354029817,145.25741606122364,69122000,AAPL
2021-11-03,148.0226593017578,148.49166875101167,146.39088452432864,146.94783044977856,54511500,AAPL
2021-11-04,147.50479125976562,148.94113176601576,147.192108353955,148.11059575284676,60394600,AAPL
2021-11-05,148.033203125,148.9334561453401,146.83938576662882,148.6301118041856,65463900,AAPL
2021-11-08,147.2112274169922,148.31697989696048,146.93723803048172,148.16041026715402,55020900,AAPL
2021-11-09,147.57327270507812,148.17996131979666,146.8393694074151,146.97636409239348,56787900,AAPL
2021-11-10,144.74526977539062,146.90784428839714,144.67677991250417,146.8002045627489,65187100,AAPL
2021-11-11,144.6964111328125,146.22292804332957,144.51048652142552,145.76302891424749,41000000,AAPL
2021-11-12,146.7708740234375,147.1720631299846,144.3147348567186,145.2443426792842,63804000,AAPL
2021-11-15,146.78065490722656,148.6203105600799,146.22288125155492,147.1427090779816,59222800,AAPL
2021-11-16,147.75918579101562,148.23867461686362,146.1348097014568,146.72193826652372,59256200,AAPL
2021-11-17,150.19578552246094,151.67337235529826,147.7494408070529,147.7592208106454,88807000,AAPL
2021-11-18,154.48175048828125,155.26458367795593,149.76520627698585,150.41104477831504,137827700,AAPL
2021-11-19,157.10423278808594,157.56414670764048,153.17050700157068,154.26646446197273,117305600,AAPL
2021-11-22,157.56417846679688,162.14372871908944,157.54460352782965,158.21000213967926,117467900,AAPL
2021-11-23,157.94580078125,158.32742995233392,155.64623082003743,157.6620164381372,96041900,AAPL
2021-11-24,158.46441650390625,158.66012108108276,156.2137765381209,157.29995411244806,69463600,AAPL
2021-11-26,153.44451904296875,157.00639624695634,153.00417999336176,156.1452930856568,76959800,AAPL
2021-11-29,156.80088806152344,157.7304958999759,155.38199643665857,155.94955010034442,88748200,AAPL
2021-11-30,161.7523193359375,161.9675988704111,156.4877806077615,156.5562854284138,174048100,AAPL
2021-12-01,161.23367309570312,166.6449857878265,160.99881865483053,163.88550209995378,152052500,AAPL
2021-12-02,160.24533081054688,160.6758897940943,154.41325439149716,155.33308223247562,136739200,AAPL
2021-12-03,158.3665771484375,161.41962568459428,156.29208148681235,160.4997976289517,118023100,AAPL
2021-12-06,161.77186584472656,164.27692006238982,160.75417823673777,160.76395823883925,107497000,AAPL
2021-12-07,167.50608825683594,167.89751232351225,164.72704457429052,165.45116789916563,120405400,AAPL
2021-12-08,171.32241821289062,172.18353634737676,167.03641741062992,168.4357343791699,116998900,AAPL
2021-12-09,170.8135528564453,172.95655298827864,170.18728927314578,171.15604705270513,108923700,AAPL
2021-12-10,175.59861755371094,175.77476213435622,170.94078267392138,171.4496265464153,115402700,AAPL
2021-12-13,171.9682159423828,178.22107107247726,171.7627164613835,177.232738467209,153237000,AAPL
2021-12-14,170.5885009765625,173.92531854630914,168.51400556372403,171.48875398461132,139380400,AAPL
2021-12-15,175.4518280029297,175.6475325738547,168.611843504033,171.35175229088827,131063300,AAPL
2021-12-16,168.5629425048828,177.25236431050817,167.08535557027756,175.4322831196354,150185800,AAPL
2021-12-17,167.4669647216797,169.74695967221308,166.0480878451819,166.28292736988075,195432700,AAPL
2021-12-20,166.1068115234375,166.91899978685493,163.86596626176092,164.66835958996737,107499100,AAPL
2021-12-21,169.27725219726562,169.48273676499653,165.49030091905374,167.87793543850688,91185900,AAPL
2021-12-22,171.87039184570312,172.08567137280502,168.45528928513505,169.32618739702795,92135300,AAPL
2021-12-23,172.49664306640625,173.05441678226669,171.50832525865067,172.07587897729215,68356600,AAPL
2021-12-27,176.4597625732422,176.5478274113467,173.26973400991258,173.28929401973235,74919600,AAPL
2021-12-28,175.4420166015625,177.4382418590108,174.69833332933095,176.293354548695,79144300,AAPL
2021-12-29,175.53012084960938,176.75329313798875,174.3167285642682,175.48119097181373,62348900,AAPL
2021-12-30,174.3754425048828,176.69458737092964,174.26780274374727,175.61818975957434,59773000,AAPL
2021-12-31,173.75894165039062,175.3833028387427,173.45558242966288,174.2677704894889,64062300,AAPL
2022-01-03,178.1036834716797,178.9550216250589,173.89598231281707,174.01340208653673,104487900,AAPL
2022-01-04,175.84326171875,179.013729963492,175.27570793184105,178.71038559647081,99310400,AAPL
2022-01-05,171.1658477783203,176.30317175638402,170.8918583606612,175.75519292106577,94537600,AAPL
2022-01-06,168.30848693847656,171.53766438344002,167.95621276391145,168.99346035254746,96904000,AAPL
2022-01-07,168.47488403320312,170.4026050689991,167.3593513212815,169.17943258086993,86709100,AAPL
2022-01-10,168.4944305419922,168.79777487885306,164.56070430318124,165.4511773077938,106765600,AAPL
2022-01-11,171.32241821289062,171.42026304461638,167.1538521125257,168.62165897014336,76138300,AAPL
2022-01-12,171.7627410888672,173.37732250749067,171.0679876032979,172.3400748149154,74805200,AAPL
2022-01-13,168.4944305419922,172.82934594142114,168.10300645305696,172.00737775161056,84505800,AAPL
2022-01-14,169.3555145263672,170.05026788105346,167.41799927146064,167.6626336785782,80440800,AAPL
2022-01-18,166.1556854248047,168.83686885983136,165.77405636274548,167.82897633871863,90956700,AAPL
2022-01-19,162.66232299804688,167.40823697043027,162.3785536255594,166.35141442818917,94815000,AAPL
2022-01-20,160.97926330566406,166.0383024176851,160.65634400941124,163.39625309442948,91420500,AAPL
2022-01-21,158.92434692382812,162.76021377251277,158.81670715554318,160.89120276470334,122848900,AAPL
2022-01-24,158.15127563476562,158.81668910799385,151.37979580013618,156.58562410189697,162294600,AAPL
2022-01-25,156.35081481933594,159.26685414665158,153.65005506631607,155.56798136110652,115798400,AAPL
2022-01-26,156.2626953125,160.86181974023197,154.43283450239605,159.99092174206848,108275300,AAPL
2022-01-27,155.8027801513672,160.3236197319786,154.88295228679408,158.9634528706825,121954600,AAPL
2022-01-28,166.67434692382812,166.69392186078738,159.30595841103175,162.15350702087153,179935700,AAPL
2022-01-31,171.02877807617188,171.244057514408,165.8718814205463,166.5079397358065,115541600,AAPL
2022-02-01,170.86248779296875,171.08754730875657,168.61184784118433,170.2753591337895,86213900,AAPL
2022-02-02,172.06610107421875,172.10525095182186,169.6099763158955,170.99949834473722,84914300,AAPL
2022-02-03,169.18919372558594,172.4575215973305,168.42593537257994,170.7352853699913,89418100,AAPL
2022-02-04,168.90505981445312,170.580497991328,167.22962163757825,168.20940619823992,82465400,AAPL
2022-02-07,168.1898193359375,170.43351937589156,167.49416572772904,169.36555780513737,77251200,AAPL
2022-02-08,171.2957305908203,171.80522273077705,167.96445422996524,168.2583925780297,74829200,AAPL
2022-02-09,172.7164306640625,173.07894618735656,171.36432311182244,172.49108438879807,71285000,AAPL
2022-02-10,168.6405029296875,171.93257943938036,168.08203354026793,170.6196718007765,90865900,AAPL
2022-02-11,165.23085021972656,169.58109560057568,164.64297356543503,168.84625725787345,98670700,AAPL
2022-02-14,165.4660186767578,166.15186486791518,163.19291135712115,163.98653444619794,86185500,AAPL
2022-02-15,169.29698181152344,169.45375094241317,166.80833539753965,167.51378153621621,62527400,AAPL
2022-02-16,169.06182861328125,169.83585183660028,166.6123672162483,168.3759824121772,61177400,AAPL
2022-02-17,165.4660186767578,168.43476465088062,165.06430342539218,167.57254946752525,69589300,AAPL
2022-02-18,163.91798400878906,167.09247688230448,162.8304223890737,166.38704564955626,82772700,AAPL
2022-02-22,160.99819946289062,163.32028399061443,158.87205389872815,161.64484588368407,91162800,AAPL
2022-02-23,156.83412170410156,162.7911986729469,156.52058346872764,162.19352949330056,90009200,AAPL
2022-02-24,159.4501495361328,159.5579264390306,148.9272576589058,149.49553451506446,141147500,AAPL
2022-02-25,161.51747131347656,161.78200234869726,157.61791846840168,160.5278794584224,91974200,AAPL
2022-02-28,161.78199768066406,162.07593599497437,159.14637521454355,159.76364417956287,95056600,AAPL
2022-03-01,159.90081787109375,163.23209394256236,158.69568719407653,161.37049453342058,83474400,AAPL
2022-03-02,163.1929168701172,163.97674752234462,159.65589394659725,161.06678613054137,79724800,AAPL
2022-03-03,162.86956787109375,165.49539801856008,162.20332160924863,165.06429046074288,76678400,AAPL
2022-03-04,159.87147521972656,162.20336769944225,158.82311331561885,161.16479826067675,83737200,AAPL
2022-03-07,156.07968139648438,161.6840502038395,155.82492784594277,160.05760426701897,96418800,AAPL
2022-03-08,154.25729370117188,159.58732445146612,152.65044751471495,155.6094012673305,131148300,AAPL
2022-03-09,159.6558837890625,160.10659124427465,156.1874531828048,158.21559935544633,91454900,AAPL
2022-03-10,155.31544494628906,157.14763719865718,152.82678391494153,156.9614757494235,105342000,AAPL
2022-03-11,151.60203552246094,156.0600575177212,151.37668929729986,155.7171269987306,96970100,AAPL
2022-03-14,147.5751190185547,151.0043643598726,147.0656419035059,148.38834185067742,108732100,AAPL
2022-03-15,151.9547576904297,152.42506496258488,147.33998157862231,147.8494586979721,92964300,AAPL
2022-03-16,156.3638153076172,156.76553056777536,151.3375306500096,153.8751690879972,102300200,AAPL
2022-03-17,157.37298583984375,157.7453087439647,154.44343967423552,155.40362432397723,75615400,AAPL
2022-03-18,160.6650390625,161.15493125437885,156.53034776701656,157.26518605483486,123511700,AAPL
2022-03-21,162.0367431640625,162.98713519470292,159.71464405141342,160.20453623420445,95811400,AAPL
2022-03-22,165.4072265625,165.9950882926474,161.5762655771906,162.164127307338,81532000,AAPL
2022-03-23,166.76913452148438,169.15000379737148,164.2608735199057,164.5940116285297,98062700,AAPL
2022-03-24,170.55113220214844,170.61970935790146,166.76916261119956,167.60197064721902,90131400,AAPL
2022-03-25,171.1879425048828,171.73661941189775,169.2577659174967,170.3649271443604,80546200,AAPL
2022-03-28,172.05020141601562,172.17756326235886,168.5229704725063,168.68953207951532,90371900,AAPL
2022-03-29,175.34222412109375,175.39120138120336,172.77517880756406,173.11810933027303,100589400,AAPL
2022-03-30,174.17630004882812,175.979099995584,173.12792342578476,174.94053078604693,92633200,AAPL
2022-03-31,171.08018493652344,174.43104638306448,170.87442359799343,174.2448849220912,103049300,AAPL
2022-04-01,170.78623962402344,171.34472398421482,168.46415506398156,170.5119011506989,78751300,AAPL
2022-04-04,174.83277893066406,174.88177115423625,170.91364025013027,171.04101704135246,76468400,AAPL
2022-04-05,171.52108764648438,174.6955950948926,170.89402610794616,173.91176443413826,73401800,AAPL
2022-04-06,168.3563690185547,170.1199840728932,166.69073839236125,168.87565359700926,89058800,AAPL
2022-04-07,168.6600799560547,169.85541807711806,166.41638033883945,167.69989546465595,77594700,AAPL
2022-04-08,166.65155029296875,168.30738857225097,165.77954264267717,168.30738857225097,76575500,AAPL
2022-04-11,162.39930725097656,165.61299973690032,162.1543610861938,165.29947642014864,72246700,AAPL
2022-04-12,164.2706756591797,166.4359910689201,163.27129126604743,164.62339868320723,79265200,AAPL
2022-04-13,166.9552764892578,167.58233798502656,163.39866884231074,164.00613046155772,70618900,AAPL
2022-04-14,161.94857788085938,167.80770011623432,161.70363174912274,167.17083120352376,75329400,AAPL
2022-04-18,161.73306274414062,163.23213209405864,160.26338573831293,160.6063014028095,69023900,AAPL
2022-04-19,164.0159149169922,164.4274375522312,160.59647667199232,161.6840380358106,67723800,AAPL
2022-04-20,163.849365234375,165.4660187034269,162.74221886501599,165.34843439183405,67929800,AAPL
2022-04-21,163.05572509765625,168.062424195949,162.55604041418727,165.4953937411617,87227800,AAPL
2022-04-22,158.51931762695312,164.47640880332085,158.23518671810965,163.09492410815207,84882400,AAPL
2022-04-25,159.58731079101562,159.87144172970685,155.2566649146805,157.862880430984,96046400,AAPL
2022-04-26,153.63021850585938,159.0582182667308,153.55183394880203,158.9700412464134,95623200,AAPL
2022-04-27,153.40484619140625,156.5597381127117,152.2389003975014,152.7581849182673,88063200,AAPL
2022-04-28,160.33192443847656,161.19413952588084,155.71713316880462,156.0306713643422,130216800,AAPL
2022-04-29,154.4630126953125,162.84017274008735,154.0711048951049,158.5683119363977,131747600,AAPL
2022-05-02,154.76678466796875,155.0313157503038,150.17159242252777,153.5420538968097,123055300,AAPL
2022-05-03,156.2560272216797,157.46117291588328,153.15991957685017,154.95291204808,88966500,AAPL
2022-05-04,162.66384887695312,163.11454143572888,156.04049519291306,156.44221048032446,108256500,AAPL
2022-05-05,153.600830078125,160.76305283929582,151.8176149978829,160.53770657596968,130525300,AAPL
2022-05-06,154.32691955566406,156.44636712680793,151.2851189689877,153.0807608024048,116124600,AAPL
2022-05-09,149.20494079589844,152.90416000742098,148.6456508199546,152.0210492953049,131577900,AAPL
2022-05-10,151.6089630126953,153.79710400786678,150.05862680351393,152.60000914979375,115366700,AAPL
2022-05-11,143.74935913085938,152.5313135713574,143.07231197215032,150.61792919171955,142689800,AAPL
2022-05-12,139.88330078125,143.45495579096956,136.19390367446763,140.08936442340104,182602000,AAPL
2022-05-13,144.347900390625,145.31931779066926,140.4230033804494,141.87521108197208,113990900,AAPL
2022-05-16,142.807373046875,144.7502078730768,141.47290744658727,142.81719487180055,86643800,AAPL
2022-05-17,146.43788146972656,146.95792901438662,143.9259353445969,146.0650115425021,78336300,AAPL
2022-05-18,138.17596435546875,144.59316242526515,137.27322514239307,144.09274359887067,109742900,AAPL
2022-05-19,134.77113342285156,139.00020681352638,134.03521536260072,137.2536291483144,136095600,AAPL
2022-05-20,135.00657653808594,138.05818309823013,130.12008629719486,136.47841221071587,137426100,AAPL
2022-05-23,140.42300415039062,140.57018180016163,135.06551311431642,135.202883911534,117726300,AAPL
2022-05-24,137.724609375,139.3043807072169,134.75150167714628,138.1661572066265,104132700,AAPL
2022-05-25,137.88162231445312,139.12776621000188,135.742545873108,135.8308524536192,92482700,AAPL
2022-05-26,141.0803680419922,141.6298510183434,134.56504208814962,134.81034805775556,90601500,AAPL
2022-05-27,146.8303680419922,146.869610416665,142.5326018592053,142.6601657784012,90978500,AAPL
2022-05-31,146.04539489746094,147.8312299883083,144.08294665114528,146.27108722583742,103718400,AAPL
2022-06-01,145.91781616210938,148.89092345071006,144.9071417470177,147.08546005363647,74286600,AAPL
2022-06-02,148.37091064453125,148.42978169809749,144.10257959347064,145.05436821890447,72348100,AAPL
2022-06-03,142.65036010742188,145.19172685572278,141.7476357595722,144.14180991397814,88570300,AAPL
2022-06-06,143.39608764648438,145.78046996633253,142.17936438712687,144.2693764860653,71598400,AAPL
2022-06-07,145.91781616210938,146.20236451194296,141.3943732786537,141.63967925937843,67808200,AAPL
2022-06-08,145.1819305419922,147.0560572730291,144.69131847131706,145.79028471849585,53950200,AAPL
2022-06-09,139.96180725097656,145.17210490927135,139.85387199936835,144.31844471982856,69473000,AAPL
2022-06-10,134.55523681640625,138.11706935567418,134.48654395741318,137.64608608075142,91437900,AAPL
2022-06-13,129.40379333496094,132.6614484092865,128.97205248808118,130.37519526815413,122207100,AAPL
2022-06-14,130.26730346679688,131.3760914682962,129.01133784221852,130.63036655754385,84784300,AAPL
2022-06-15,132.88719177246094,134.76133366612893,129.67859928442957,131.7685967366082,91533000,AAPL
2022-06-16,127.61798095703125,129.90423449299203,126.61712836390117,129.60005747260172,108123900,AAPL
2022-06-17,129.08982849121094,130.58129318016776,127.37268647196602,127.62781429709099,134520300,AAPL
2022-06-21,133.31890869140625,134.48656772231706,130.8167993077871,130.91491273074396,81000500,AAPL
2022-06-22,132.8086700439453,135.17340842764006,131.3957051346055,132.25917204519908,73409200,AAPL
2022-06-23,135.67388916015625,135.98787315289331,133.08345758782295,134.25111690905595,72433800,AAPL
2022-06-24,139.00018310546875,139.24548908371264,137.14567050883647,137.273219436367,89116800,AAPL
2022-06-27,139.00018310546875,140.7958246628887,138.3231362099494,140.0206493871563,70207900,AAPL
2022-06-28,134.8594512939453,140.7271675936439,134.7417091855751,139.46139501178652,67083400,AAPL
2022-06-29,136.61581420898438,138.02877917366496,134.10388314834785,134.87905849783044,66242400,AAPL
2022-06-30,134.15296936035156,135.77198324759192,131.25836106107414,134.67301697127326,98964500,AAPL
2022-07-01,136.3214111328125,136.42934634636708,133.1128201860554,133.4856750373731,71051600,AAPL
2022-07-05,138.90208435058594,138.951148551157,134.35901187342057,135.18325151505502,73353800,AAPL
2022-07-06,140.23655700683594,141.41402301996357,138.4311081218874,138.69604284083624,74064300,AAPL
2022-07-07,143.60214233398438,143.79838414491758,140.58977738452884,140.59958423477383,66253700,AAPL
2022-07-08,144.27919006347656,144.7796239540416,142.2774994180926,142.5326123028861,64547800,AAPL
2022-07-11,142.1499481201172,143.88671918371236,141.08041731246487,142.9349304914586,63141600,AAPL
2022-07-12,143.12135314941406,145.66272006961017,142.32656399441228,143.02322474684678,77588800,AAPL
2022-07-13,142.75828552246094,143.700252180436,139.4515504526769,140.30522551606126,71185600,AAPL
2022-07-14,145.6823272705078,146.15331059436355,140.56033683517074,141.37475454509644,78140700,AAPL
2022-07-15,147.35043334960938,148.0274804295402,145.41742051675783,146.96775651820843,76259900,AAPL
2022-07-18,144.3086395263672,148.7241480973096,143.9455764182645,147.9097302753274,81420900,AAPL
2022-07-19,148.16482543945312,148.39050276940443,144.1516228338136,145.1426536934173,82982400,AAPL
2022-07-20,150.16656494140625,150.83380527169302,147.54669777582993,148.28261602365345,64823400,AAPL
2022-07-21,152.43316650390625,152.64903699884627,149.08718880462706,151.5991200487024,65086600,AAPL
2022-07-22,151.19683837890625,153.34572184345396,150.5296130875675,152.47243287549966,66675400,AAPL
2022-07-25,150.0782470703125,152.1290021734992,149.4208286149878,151.11834238686484,53623900,AAPL
2022-07-26,148.7535858154297,150.21560020375307,147.96860350790257,149.40118236976926,55138700,AAPL
2022-07-27,153.84609985351562,154.37596918243503,149.30304304810883,149.7151553193297,78620700,AAPL
2022-07-28,154.39564514160156,154.6801935925864,151.51084338722362,154.0325819799109,81378700,AAPL
2022-07-29,159.45870971679688,160.5576907977121,156.5052308137223,158.21256599444197,101786900,AAPL
2022-08-01,158.4774932861328,160.51844113720935,157.8691391572039,157.98688125382472,67829400,AAPL
2022-08-02,157.0056610107422,159.36060780651525,156.63280603827062,157.0939825576486,59907000,AAPL
2022-08-03,163.0107879638672,163.46214273028536,157.7317967556544,157.82010334400223,82507500,AAPL
2022-08-04,162.69679260253906,164.05088687619767,161.34269832888046,162.89303446062004,55474100,AAPL
2022-08-05,162.4707794189453,162.96207295817032,160.1616937873522,160.36804367078585,56697000,AAPL
2022-08-08,161.99911499023438,164.88792318870864,161.34078349494277,163.47299550022427,60276900,AAPL
2022-08-09,162.04823303222656,162.93257025599664,160.40731467514888,161.16391080154307,63135500,AAPL
2022-08-10,166.29306030273438,166.3913100252121,163.99379489901474,164.76021170255777,70170500,AAPL
2022-08-11,165.55606079101562,168.01252787205166,165.26128174267427,167.09871432150194,57149200,AAPL
2022-08-12,169.1032257080078,169.17199900038648,166.45022886043446,166.86292858705644,68039400,AAPL
2022-08-15,170.1742706298828,170.37078506094434,168.36631387517275,168.53335189122956,54091700,AAPL
2022-08-16,170.01702880859375,170.6851957704937,168.6708894053126,169.77138205657383,56377100,AAPL
2022-08-17,171.5105743408203,173.08270464114312,169.5650561598673,169.76157057327157,79542000,AAPL
2022-08-18,171.11753845214844,171.8544787813878,170.1054749327735,170.72450960712317,62290100,AAPL
2022-08-19,168.53335571289062,170.71470043124475,168.3270058100883,170.01705694310306,70346300,AAPL
2022-08-22,164.65213012695312,166.9022480242965,164.22960987091767,166.73521001384654,69026800,AAPL
2022-08-23,164.3179931640625,165.77223248324796,163.74809099731448,164.17061113519893,54147100,AAPL
2022-08-24,164.61279296875,165.18269520734955,163.35508285359487,164.40645810232692,53841500,AAPL
2022-08-25,167.06924438476562,167.17732954023958,165.41850563907502,165.84101079669136,51218200,AAPL
2022-08-26,160.77088928222656,168.0715189036816,160.71193645776907,167.59988131493301,78961000,AAPL
2022-08-29,158.56988525390625,160.06340660842702,157.03705202563728,158.34387946257124,73314000,AAPL
2022-08-30,156.14291381835938,159.7293506019625,154.97363281420544,159.3068453614504,77906200,AAPL
2022-08-31,154.48231506347656,157.78380767810359,154.4037063115704,157.51850501455607,87991100,AAPL
2022-09-01,155.20945739746094,155.66143904544523,151.97673759886456,153.91243529158203,74229900,AAPL
2022-09-02,153.09690856933594,157.56768330857054,152.27153892325623,156.96830451944558,76957800,AAPL
2022-09-06,151.8391571044922,154.3545772465812,151.01378768157298,153.74537814772464,73714800,AAPL
2022-09-07,153.24427795410156,153.9419063408882,150.93519246411637,152.1241293530868,87449600,AAPL
2022-09-08,151.77040100097656,153.6373103822705,150.02138227376568,151.94725947173376,84923800,AAPL
2022-09-09,154.62969970703125,155.07187581808674,152.0553267593616,152.76279054534643,68028800,AAPL
2022-09-12,160.58421325683594,161.39976240335073,156.5261384587271,156.81108213975503,104956000,AAPL
2022-09-13,151.16114807128906,157.74447656114404,150.69933108085993,157.11562161569998,122656600,AAPL
2022-09-14,152.60560607910156,154.36444545311878,150.93521094229624,152.09465656902455,87965400,AAPL
2022-09-15,149.71678161621094,152.5368165999088,148.74403004784534,151.9570788549336,90481100,AAPL
2022-09-16,148.0758514404297,148.71454195841454,145.7864220311532,148.57698038414023,162278800,AAPL
2022-09-19,151.7900390625,151.8686478234834,146.50373107588743,146.71006595451675,81474200,AAPL
2022-09-20,154.16790771484375,155.3273682721185,150.41443284470995,150.7288529156578,107689800,AAPL
2022-09-21,151.04327392578125,155.9758648340084,150.92536828428254,154.600234046477,101696800,AAPL
2022-09-22,150.08033752441406,151.78020876552435,148.28220159016286,149.7266056194288,86652500,AAPL
2022-09-23,147.81057739257812,148.83247642204518,145.97314422465584,148.55735322020942,96029900,AAPL
2022-09-26,148.1446075439453,151.09236777501016,147.03427972579073,147.05393565872797,93339400,AAPL
2022-09-27,149.11741638183594,152.02588086273627,147.33893608818533,150.08036255735442,84442700,AAPL
2022-09-28,147.23085021972656,148.01692291304855,142.31791462782627,145.06916155790836,146691400,AAPL
2022-09-29,139.99900817871094,144.16518295071455,138.23034837016746,143.55598373619551,128138200,AAPL
2022-09-30,135.7935028076172,140.60818747966655,135.59698843169565,138.8198721746833,124925300,AAPL
2022-10-03,139.9695281982422,140.57874239032802,135.29241903979042,135.8033685254817,114311700,AAPL
2022-10-04,143.55596923828125,143.67387488258018,141.7479977315321,142.504593932989,87830100,AAPL
2022-10-05,143.85073852539062,144.81368463210958,140.51976901629106,141.56132388640066,79471000,AAPL
2022-10-06,142.8976287841797,144.97088807825529,142.69129389793306,143.27101666436323,68402200,AAPL
2022-10-07,137.65061950683594,140.60821619318722,137.02176437961742,140.05795483791823,85925600,AAPL
2022-10-10,137.974853515625,139.4192574875598,136.15707670936632,137.974853515625,74899000,AAPL
2022-10-11,136.5599822998047,138.88872445654073,135.81322132993873,137.46396084009277,77033700,AAPL
2022-10-12,135.9310760498047,137.9159059012539,135.7542175942047,136.70732814205923,70433700,AAPL
2022-10-13,140.5001220703125,141.08966528093347,132.0302118420066,132.63942598399592,113224000,AAPL
2022-10-14,135.9704132080078,142.00349764686453,135.78371925254498,141.79714775053986,88598000,AAPL
2022-10-17,139.93023681640625,140.41169491464842,137.82750095740744,138.61357366022068,85250900,AAPL
2022-10-18,141.24688720703125,144.1455159806622,138.1615644966325,142.95659405664904,99136600,AAPL
2022-10-19,141.3549346923828,142.4259506836505,139.03602929314133,139.22272318013162,61758300,AAPL
2022-10-20,140.89315795898438,143.34962560942563,140.16603813694184,140.52960554450746,64522000,AAPL
2022-10-21,144.7056121826172,145.2755145225026,140.16604940438248,140.38221977444553,86548600,AAPL
2022-10-24,146.84762573242188,147.6140424012265,143.45770354454174,144.62698448602487,75981900,AAPL
2022-10-25,149.68731689453125,149.83471395703802,146.75921150175503,147.476495894735,74732300,AAPL
2022-10-26,146.74937438964844,149.34340346890698,145.4621728259598,148.33134005875115,88194300,AAPL
2022-10-27,142.27859497070312,146.45458955551916,141.62026350591435,145.49165853167307,109180200,AAPL
2022-10-28,153.02813720703125,154.7574852960008,145.24604831703184,145.61942126085685,164762400,AAPL
2022-10-31,150.6698760986328,151.55421333060897,149.27460445858512,150.4930176480896,97943200,AAPL
2022-11-01,148.0267333984375,152.74315424703352,146.5332118743015,152.3796018355527,80379300,AAPL
2022-11-02,142.50460815429688,149.5202795588878,142.47513174028055,146.35634784769096,93604600,AAPL
2022-11-03,136.46168518066406,140.3134243600425,136.33394407491397,139.58630459413143,97918500,AAPL
2022-11-04,136.19595336914062,140.41823769444377,132.25908536615194,139.84739003185524,140814800,AAPL
2022-11-07,136.72744750976562,136.95381325392813,133.52874170596672,134.94601683421618,83374600,AAPL
2022-11-08,137.2982635498047,139.19779504119253,135.31999290082103,138.1939045722533,89908500,AAPL
2022-11-09,132.74134826660156,136.36327480735815,132.46576869499577,136.31406095143706,74917800,AAPL
2022-11-10,144.5519561767578,144.5519561767578,137.2982811810409,139.0108242882595,118854000,AAPL
2022-11-11,147.33729553222656,147.64240042758996,142.09141663457416,143.51854343102002,93979700,AAPL
2022-11-14,145.93971252441406,147.90814675324938,145.10312196997452,146.61882473623606,73374100,AAPL
2022-11-15,147.67190551757812,151.16587871608763,146.21526862726066,149.81750629168315,89868300,AAPL
2022-11-16,146.441650390625,147.50460662223392,144.96532479416157,146.77629560614008,64218300,AAPL
2022-11-17,148.34120178222656,149.08920136807347,143.84332244877638,144.1189020339811,80389400,AAPL
2022-11-18,148.90220642089844,150.28995621048665,147.6030475887024,149.90611212166033,74829600,AAPL
2022-11-21,145.67398071289062,147.99673387925796,145.38856433603218,147.79005667966175,58724100,AAPL
2022-11-22,147.8097381591797,148.04595570366934,144.61103212345353,145.79210482793843,51804100,AAPL
2022-11-23,148.68568420410156,149.4336837921187,146.98297781162248,147.09124229312135,58301400,AAPL
2022-11-25,145.77236938476562,146.53022062215993,144.79798922240155,145.96920976620405,35195900,AAPL
2022-11-28,141.9438018798828,144.32560563619245,141.1170630589414,142.84927987681326,69246000,AAPL
2022-11-29,138.94189453125,142.5244433578434,138.13484450256723,142.012646377485,83763800,AAPL
2022-11-30,145.6936492919922,146.37276146207836,138.33170993361605,139.16828541868128,111380900,AAPL
2022-12-01,145.96922302246094,146.7762881829984,144.29605710134743,145.87081033178356,71250400,AAPL
2022-12-02,145.4771270751953,145.66413072697534,143.35121453595042,143.6563344518848,65447400,AAPL
2022-12-05,144.3157501220703,148.53803463745106,143.46932286260514,145.4377569527139,68826400,AAPL
2022-12-06,140.65443420410156,144.97514559227898,139.68005411221395,144.74877992089566,64727200,AAPL
2022-12-07,138.71554565429688,141.10718574311466,137.7903792762826,139.9458168978351,69721100,AAPL
2022-12-08,140.39854431152344,141.25482328488022,138.8730200272998,140.1131279990439,62128300,AAPL
2022-12-09,139.91629028320312,143.27247380855323,138.67616726979998,140.09344213199822,76097000,AAPL
2022-12-12,142.20950317382812,142.21933993621704,138.83363144766497,140.44774653895632,70462700,AAPL
2022-12-13,143.17405700683594,147.60303377953338,141.9634742273276,147.1404505596148,93886200,AAPL
2022-12-14,140.94973754882812,144.34528354143862,138.93208948952125,143.05596154285573,82291200,AAPL
2022-12-15,134.34561157226562,139.5619643292127,133.88302841156911,138.88285224146853,98931900,AAPL
2022-12-16,132.3870391845703,135.47748033551235,131.6193510336839,134.53264031194206,160156900,AAPL
2022-12-19,130.28077697753906,133.06611240851234,129.24736132043492,132.9775364981246,79592600,AAPL
2022-12-20,130.2119140625,131.14691722297425,127.83994745250583,129.31627297471567,77432800,AAPL
2022-12-21,133.31219482421875,134.6507305969255,130.65481182459862,130.88117753836192,85928000,AAPL
2022-12-22,130.14300537109375,132.4362327068824,128.24347383297044,132.2295555538223,77852100,AAPL
2022-12-23,129.7788543701172,130.33001348787815,127.59389142616514,128.8536879861786,63814900,AAPL
2022-12-27,127.97774505615234,129.33596942535033,126.68842309082302,129.30644411453827,69007800,AAPL
2022-12-28,124.05070495605469,128.96194542125178,123.88338987714543,127.62340977201893,85438400,AAPL
2022-12-29,127.56436920166016,128.42063320760047,125.71404389802797,125.9699349180437,75703700,AAPL
2022-12-30,127.87931823730469,127.8990067839709,125.41878304163788,126.38331908581098,77034200,AAPL
2023-01-03,123.09602355957031,128.8340031338152,122.21022673136561,128.22379338136977,112117500,AAPL
2023-01-04,124.36566162109375,126.62936374107429,123.10586505340991,124.88729543343348,89113600,AAPL
2023-01-05,123.04681396484375,125.75341088924934,122.79092293482029,125.12351256937882,80962700,AAPL
2023-01-06,127.57421875,128.2336424206293,122.91887596059405,124.02120184221346,87754700,AAPL
2023-01-09,128.09580993652344,131.30436630158056,127.83991897613902,128.4107665197256,70790800,AAPL
2023-01-10,128.6666717529297,129.1883055110105,126.09786503081405,128.20408860626057,63896200,AAPL
2023-01-11,131.38316345214844,131.40283698381694,128.40098644639082,129.17851145026387,69458900,AAPL
2023-01-12,131.30441284179688,132.14098840377943,129.36550386584642,131.76699610111268,71379600,AAPL
2023-01-13,132.63307189941406,132.7905502170586,129.58200833933589,129.94616380817476,57809700,AAPL
2023-01-17,133.79446411132812,135.12314807764807,132.01303370787318,132.7019826183309,63646600,AAPL
2023-01-18,133.0760040283203,136.42233624485746,132.898837136548,134.6605941996835,69672800,AAPL
2023-01-19,133.135009765625,134.09953801753062,131.65868457644117,131.9637893793328,58280400,AAPL
2023-01-20,135.69398498535156,135.84162653742413,132.1015991542997,133.14486670992753,80223600,AAPL
2023-01-23,138.8828582763672,141.0579844042408,135.72351517113088,135.94004410758743,81760300,AAPL
2023-01-24,140.28042602539062,140.90048744485267,138.08562666123444,138.0954634232415,66435100,AAPL
2023-01-25,139.6210174560547,140.18201330953534,136.61915274790366,138.6663258108729,65799300,AAPL
2023-01-26,141.68789672851562,141.9733130723702,139.66039693887691,140.91035682918778,54105100,AAPL
2023-01-27,143.6267852783203,144.9062704324847,140.82177572822627,140.90051489349364,70555800,AAPL
2023-01-30,140.74302673339844,143.2527830109075,140.59540019505755,142.67209860282117,64015300,AAPL
2023-01-31,142.01266479492188,142.06187864867766,140.03439402480078,140.4477633640219,65874500,AAPL
2023-02-01,143.13467407226562,144.29605796571016,139.08955653554688,141.69772563249788,77663600,AAPL
2023-02-02,148.43960571289062,148.7939093931277,145.831421817907,146.5498959772077,118339000,AAPL
2023-02-03,152.06153869628906,154.8960886893848,145.496812581912,145.6936529941079,154357300,AAPL
2023-02-06,149.3352508544922,150.6836384438328,148.40024764766747,150.1620046015634,69858300,AAPL
2023-02-07,152.20916748046875,152.7800151967711,148.26246234257331,148.26246234257331,83322600,AAPL
2023-02-08,149.52224731445312,152.14026818212696,148.78408455222657,151.45131927430748,64120100,AAPL
2023-02-09,148.48880004882812,151.89419715713953,148.04590544398496,151.3528748543498,56007100,AAPL
2023-02-10,148.85354614257812,149.1788354914484,147.08911426452642,147.32569243849323,57450700,AAPL
2023-02-13,151.65298461914062,152.0571182724141,148.7648180243575,148.79438841262413,62199000,AAPL
2023-02-14,151.01226806640625,151.5741355635304,148.7056873791277,149.9476888936107,61707600,AAPL
2023-02-15,153.11184692382812,153.27941747242824,150.69683660205456,150.92354792770303,65573800,AAPL
2023-02-16,151.51499938964844,154.09758049199988,151.16013965459408,151.31784339392544,68167900,AAPL
2023-02-17,150.3715362548828,150.8151070910907,148.69581585093724,150.17439533222245,59144100,AAPL
2023-02-21,146.3596649169922,149.1394018439348,146.29067235544917,148.05510409777494,58867200,AAPL
2023-02-22,146.78353881835938,147.8086807909047,145.0585291708209,146.74410160351695,51011300,AAPL
2023-02-23,147.26651000976562,148.19308888929672,145.13736699227027,147.94665897626774,48394200,AAPL
2023-02-24,144.61492919921875,145.08807039598366,143.6390613800591,145.00921102304162,55469600,AAPL
2023-02-27,145.80763244628906,147.03978187039664,145.3443430595537,145.60063976593545,44998500,AAPL
2023-02-28,145.30496215820312,146.95111245136155,144.73324285815977,144.9501024216552,50547000,AAPL
2023-03-01,143.23492431640625,145.12750429739225,142.9392054041828,144.73322244168676,55479000,AAPL
2023-03-02,143.82638549804688,144.6149643784106,141.8450789930105,142.31823534576338,52238100,AAPL
2023-03-03,148.87326049804688,148.9521198871165,145.22610023869615,145.9259528752422,70732300,AAPL
2023-03-06,151.63330078125,154.06803024605406,151.26858921507775,151.59386356059247,87558000,AAPL
2023-03-07,149.43511962890625,151.83041139396585,148.9718301446463,151.50512207262017,56182000,AAPL
2023-03-08,150.6869659423828,151.27840377958802,149.6618240709013,150.6278251668401,47204800,AAPL
2023-03-09,148.4395294189453,152.33311931510104,148.08466971716794,151.36711819838627,53833600,AAPL
2023-03-10,146.37940979003906,148.78456882882224,145.5021196528658,148.0649974904625,68572400,AAPL
2023-03-13,148.3212432861328,150.95311305935627,145.59079552733544,145.69922529511118,84457100,AAPL
2023-03-14,150.41098022460938,151.209410853691,147.95654755608294,149.11968969699433,73695900,AAPL
2023-03-15,150.80528259277344,151.06156433450928,147.77911548729296,149.03098388604963,77167900,AAPL
2023-03-16,153.62442016601562,154.22570978036399,149.47453364061312,149.98711209240733,76161100,AAPL
2023-03-17,152.7865447998047,154.50170239485772,152.07682545294745,153.85112382009055,98944600,AAPL
2023-03-20,155.1522674560547,155.5662829465371,151.94867858194203,152.85555389921097,73641400,AAPL
2023-03-21,157.00543212890625,157.1237136794573,154.30455474450915,155.07342994575768,73938300,AAPL
2023-03-22,155.576171875,159.824622189753,155.55645326577164,157.02518131500096,75701800,AAPL
2023-03-23,156.6604461669922,159.24304236266408,155.428296373163,156.56188320802048,67622100,AAPL
2023-03-24,157.9615936279297,158.0503047976887,155.59587218901564,156.5914437450547,59196500,AAPL
2023-03-27,156.01971435546875,158.47416184588545,155.61556566491817,157.6560126824132,52390300,AAPL
2023-03-28,155.39871215820312,156.22672817707905,153.7525619849842,155.714149696992,45992200,AAPL
2023-03-29,158.47418212890625,158.75018247951246,157.07446176772007,157.09416533498404,51305700,AAPL
2023-03-30,160.0414581298828,160.1498879032855,158.96702721945866,159.22330893800608,49501700,AAPL
2023-03-31,162.545166015625,162.64374399803975,159.59787385661696,160.1203040734608,68749800,AAPL
2023-04-03,163.7970428466797,163.91532439911353,161.87489241518372,161.92418140899423,56976200,AAPL
2023-04-04,163.26475524902344,164.45746763773894,162.75217680448466,164.22090454094308,46278300,AAPL
2023-04-05,161.42144775390625,162.69303455117807,159.489445623491,162.38746386000238,51511700,AAPL
2023-04-06,162.30860900878906,162.60432792623257,159.68659100348637,160.1104432538072,45390100,AAPL
2023-04-10,159.71620178222656,159.71620178222656,157.794050894079,159.11491201302218,47716900,AAPL
2023-04-11,158.5037384033203,160.04145880285023,158.21787125365222,160.03160702009572,47644200,AAPL
2023-04-12,157.81373596191406,159.7457382241708,157.49829842634344,158.9177372546322,50133100,AAPL
2023-04-13,163.1957550048828,163.4323331532267,159.11487595150933,159.32188371142138,68445600,AAPL
2023-04-14,162.85076904296875,163.94491858408577,161.48061917083933,162.23961256067847,49386500,AAPL
2023-04-17,162.8704833984375,163.02820218114718,161.6876226098968,162.73248322378927,41516200,AAPL
2023-04-18,164.0927734375,165.01935243982652,163.2844759960185,163.72806193096773,49923000,AAPL
2023-04-19,165.23622131347656,165.75865162452376,163.1760554202755,163.43235220441335,47720200,AAPL
2023-04-20,164.2701873779297,165.47276665465435,163.1957564794937,163.71818673436218,52456400,AAPL
2023-04-21,162.66348266601562,164.07305473489896,162.14105238473394,162.69305305620966,58337300,AAPL
2023-04-24,162.96902465820312,163.23517316391397,161.5495860155954,162.64373538253156,41949600,AAPL
2023-04-25,161.43133544921875,163.93505711689548,161.3918982344198,162.83105575677226,48714100,AAPL
2023-04-26,161.42144775390625,162.91974586384254,160.47516529354857,160.73144699304368,45498800,AAPL
2023-04-27,166.00509643554688,166.15294840816836,162.83107706887154,162.83107706887154,64902300,AAPL
2023-04-28,167.25694274902344,167.42452836533985,165.48265898999023,166.08394872105114,55275900,AAPL
2023-05-01,167.16819763183594,168.0159171618742,166.23176694003394,166.86262693627947,52472900,AAPL
2023-05-02,166.1331787109375,167.917343863649,165.14745908753102,167.6610471353951,48425700,AAPL
2023-05-03,165.05880737304688,168.47925690132791,164.7729551973071,167.0795363369228,65136000,AAPL
2023-05-04,163.4224395751953,164.6545890277647,161.96357883480147,162.53529798570008,81235400,AAPL
2023-05-05,171.09136962890625,171.81094077356033,168.32148473339686,168.5383442631647,113453200,AAPL
2023-05-08,171.02236938476562,171.3673772990156,169.65221959190652,170.01693107088172,55962800,AAPL
2023-05-09,169.31707763671875,171.06179068201072,169.14950709207488,170.57879765359286,45326900,AAPL
2023-05-10,171.08154296875,171.5448325237521,169.44524432941884,170.54926084220077,53724500,AAPL
2023-05-11,171.26881408691406,172.09681510347738,169.71137500858376,171.36739208260082,49514700,AAPL
2023-05-12,170.3409423828125,171.8116866019269,168.79121464447562,171.3773676163626,45533100,AAPL
2023-05-15,169.84742736816406,170.97270170588305,169.25517137496644,170.92334452950067,37266700,AAPL
2023-05-16,169.84742736816406,170.9035986466086,169.58091066505557,169.76845889829133,42110300,AAPL
2023-05-17,170.45941162109375,170.69630196545663,168.21872838992437,169.4920742376562,57951600,AAPL
2023-05-18,172.78892517089844,172.97647339745131,170.35082834910114,170.76540150488879,65496700,AAPL
2023-05-19,172.89747619628906,174.11158416944232,172.68031671339108,174.11158416944232,55809500,AAPL
2023-05-22,171.9499053955078,172.45332751081392,171.2095929310653,171.73274586766902,43570900,AAPL
2023-05-23,169.34400939941406,171.1405082441651,169.06762727894406,170.89373741791002,50747300,AAPL
2023-05-24,169.62034606933594,170.19285604024458,168.31740428792023,168.88003378894078,45143500,AAPL
2023-05-25,170.7555389404297,171.65377326209193,169.47232768730396,170.18302884098296,56058300,AAPL
2023-05-26,173.16400146484375,173.49962120538788,170.87397623432938,171.08127033696854,54835000,AAPL
2023-05-30,175.00985717773438,176.67803022234617,174.28929064745816,174.6742524991613,55964400,AAPL
2023-05-31,174.9605255126953,177.03340659281355,174.47684924421523,175.03949398887755,99625300,AAPL
2023-06-01,177.76380920410156,177.79342049505456,174.64462268903534,175.40468096744894,68901800,AAPL
2023-06-02,178.6127166748047,179.43199760539318,176.94454352013497,178.69168514468382,61996900,AAPL
2023-06-05,177.26039123535156,182.56102285189482,175.7402747725204,180.27099781019854,121946500,AAPL
2023-06-06,176.8951873779297,177.79342164547316,175.13816542041533,177.64536518975015,64848400,AAPL
2023-06-07,175.5231475830078,178.86935913776645,175.02960596689772,176.135134367242,61944600,AAPL
2023-06-08,178.23760986328125,178.50411146672758,175.16778069465795,175.60208462454239,50214900,AAPL
2023-06-09,178.6226043701172,179.87618934318917,178.29686506682958,179.1556227362357,48900000,AAPL
2023-06-12,181.416015625,181.51472997018058,178.63244881890137,178.92857679274874,54274900,AAPL
2023-06-13,180.94223022460938,181.77137654932005,180.08347260699438,180.43882318354116,54929100,AAPL
2023-06-14,181.573974609375,182.0082936822176,179.66891102186548,181.0014644735094,57462900,AAPL
2023-06-15,183.6073455810547,184.11076766616947,181.4061542027307,181.5838370156226,65433200,AAPL
2023-06-16,182.5314178466797,184.57468723659963,181.88981981135748,184.31803597311566,101256200,AAPL
2023-06-20,182.62026977539062,183.69620198313194,182.02802885230534,182.02802885230534,49799100,AAPL
2023-06-21,181.58384704589844,183.01511479137184,180.23153270863293,182.51169267844918,49515700,AAPL
2023-06-22,184.58457946777344,184.63393664574576,181.29759022920584,181.36669329070625,51245300,AAPL
2023-06-23,184.26869201660156,185.13733008755815,182.62026481317798,183.15329819733586,53117000,AAPL
2023-06-26,182.8769073486328,185.6209974197008,182.83741558637178,184.4167547195407,48088700,AAPL
2023-06-27,185.63087463378906,185.95661391553264,183.27174625542975,183.48890577659213,50730800,AAPL
2023-06-28,186.8054962158203,187.44709427325768,185.17681495512898,185.50253915791174,51216800,AAPL
2023-06-29,187.14109802246094,187.61490879718235,186.49949997485513,186.63769101872532,46347300,AAPL
2023-06-30,191.46453857421875,191.96794560784363,188.78953634841974,189.1547673916645,85213200,AAPL
2023-07-03,189.97402954101562,191.37568580561538,189.28305928715224,191.27697146600818,31458200,AAPL
2023-07-05,188.85865783691406,190.48733932830032,188.15782203618815,189.0955632614615,46920300,AAPL
2023-07-06,189.33241271972656,189.53970680413252,186.75612514844465,187.3878577490578,45094300,AAPL
2023-07-07,188.21702575683594,190.1813268348204,187.78272178125238,188.93760736945495,46815000,AAPL
2023-07-10,186.17376708984375,187.5359467558433,184.62403920180722,186.8153651594175,59922200,AAPL
2023-07-11,185.65060424804688,186.85484691926047,184.18972537508213,186.71665587805697,46638100,AAPL
2023-07-12,187.31878662109375,189.22385000348103,186.03557542450565,187.22993768452707,60750200,AAPL
2023-07-13,188.07879638671875,188.7204094016861,187.3286186962453,188.03931969214307,41342300,AAPL
2023-07-14,188.22691345214844,188.71057462083735,187.18060758311253,187.77284851528793,41616200,AAPL
2023-07-17,191.48428344726562,191.81002272437502,189.33243414864154,189.42126802557274,50520200,AAPL
2023-07-18,191.2276153564453,191.81987127398517,189.93453883356673,190.85253399958415,48288200,AAPL
2023-07-19,192.5799560546875,195.66951651285706,190.1615899429346,190.60578947313948,80507300,AAPL
2023-07-20,190.6353759765625,193.93223012421538,190.01350876450033,192.57005054034346,59581200,AAPL
2023-07-21,189.46075439453125,192.45161532627134,188.75991868585442,191.59285775033445,71951700,AAPL
2023-07-24,190.26026916503906,192.392372294224,189.76672761078473,190.91174763146105,45377800,AAPL
2023-07-25,191.11904907226562,191.92846454581797,190.42809382758358,190.83280156435973,37283200,AAPL
2023-07-26,191.98764038085938,193.11291438010988,190.8228896893944,191.16835969676694,47471900,AAPL
2023-07-27,190.72422790527344,194.6528150463848,190.06288393124004,193.48806403406496,47460200,AAPL
2023-07-28,193.30052185058594,194.09019149232068,191.63234868611636,192.15550162315532,48291400,AAPL
2023-07-31,193.91249084472656,193.95198260711592,192.7378594315981,193.52752900074864,38824100,AAPL
2023-08-01,193.08331298828125,194.18884116722148,192.75757377948096,193.70518011978103,35175100,AAPL
2023-08-02,190.09246826171875,192.65887532596588,189.37190180440743,192.52068429221174,50389300,AAPL
2023-08-03,188.70069885253906,189.885195713569,188.22690312046603,189.09554118067888,61235200,AAPL
2023-08-04,179.63926696777344,184.9596445164711,179.57016391801557,183.12366926443607,115956800,AAPL
2023-08-07,176.53985595703125,180.76457131743229,175.0592309925441,179.77748800777417,97576100,AAPL
2023-08-08,177.4775390625,177.9414693105031,175.2862134413724,177.36895932229305,67823000,AAPL
2023-08-09,175.8883514404297,178.59294967088076,174.72358547458126,178.53372709089916,60378500,AAPL
2023-08-10,175.6711883544922,178.41527829006225,175.30597241092943,177.1616784798233,54686900,AAPL
2023-08-11,175.7305145263672,176.55090180538758,174.50488805624465,175.26597277471524,52036700,AAPL
2023-08-14,177.3811798095703,177.60851131506328,175.25607590732963,175.90843422608452,43675600,AAPL
2023-08-15,175.3944091796875,177.40089237300145,174.99904882828764,176.8078518459017,43622600,AAPL
2023-08-16,174.52464294433594,176.47180884084688,174.45544657600635,175.07815356283987,46964900,AAPL
2023-08-17,171.9844207763672,175.4537562487029,171.47044012349116,175.08804707675128,66062900,AAPL
2023-08-18,172.46875,173.0716844916875,169.96805819399307,170.30411608587545,61172200,AAPL
2023-08-21,173.80307006835938,174.08971916130307,171.7274054668453,173.04200058882003,46311900,AAPL
2023-08-22,175.17697143554688,175.62175563939851,174.2083279343983,175.00894251773767,42038900,AAPL
2023-08-23,179.02194213867188,179.44696895877536,176.2642675025049,176.45206899868776,52722800,AAPL
2023-08-24,174.33680725097656,179.00213166563918,173.97108309964577,178.57710497139806,54945800,AAPL
2023-08-25,176.541015625,177.07475372946672,173.78334110152613,175.3252679389123,51449600,AAPL
2023-08-28,178.10272216796875,178.49808262553688,176.48172016068384,178.00387451255935,43820700,AAPL
2023-08-29,181.98716735839844,182.75813070921157,177.4206898063463,177.61837000977968,53003900,AAPL
2023-08-30,185.4762725830078,185.67396786591692,182.5999932338842,182.79767343476072,60813900,AAPL
2023-08-31,185.69374084472656,186.92926105598286,185.30825914209595,185.66408956621913,60794500,AAPL
2023-09-01,187.26528930664062,187.7199521898943,186.0989506630177,187.2949405780689,45766500,AAPL
2023-09-05,187.50253295898438,187.77928826308653,185.4367469097816,186.09898389331408,45280000,AAPL
2023-09-06,180.7911834716797,186.66237722656214,179.36786194540127,186.21757793807612,81755800,AAPL
2023-09-07,175.503173828125,176.1456533918577,171.52973657694065,173.15073850258275,112488800,AAPL
2023-09-08,176.11598205566406,178.15213198996554,175.7305003611282,176.2840260730559,65551300,AAPL
2023-09-11,177.28231811523438,178.21143169284028,175.28571330476424,177.98410020535158,58953100,AAPL
2023-09-12,174.25775146484375,178.04338672084478,172.79489994360574,177.4108010563609,90370200,AAPL
2023-09-13,172.19200134277344,175.24620393193433,171.96465474647994,174.46534664942806,84267900,AAPL
2023-09-14,173.7042694091797,174.06009984649242,171.5692867853032,171.98441978182902,60895800,AAPL
2023-09-15,172.9827117919922,174.45545734300367,171.80650919609533,174.43568479625586,109259500,AAPL
2023-09-18,175.90841674804688,177.30208708635865,174.1292647291417,174.43567131089117,67257600,AAPL
2023-09-19,176.9956817626953,177.54919237650395,175.07815207769175,175.46363376102514,51826900,AAPL
2023-09-20,173.4571533203125,177.61837681135137,173.36818440563272,177.18347129792434,58436200,AAPL
2023-09-21,171.9152069091797,174.25776334751873,171.846025624082,172.5280351536478,63149100,AAPL
2023-09-22,172.76524353027344,175.0287248458324,172.03382526857388,172.6466384244914,56725400,AAPL
2023-09-25,174.04029846191406,174.91998813589507,172.13264765845275,172.18207147695253,46172700,AAPL
2023-09-26,169.96804809570312,173.1705067749598,169.67152023376326,172.7949188930673,64588900,AAPL
2023-09-27,168.4557647705078,171.03553164114703,167.0917606780329,170.62039864934732,66921800,AAPL
2023-09-28,168.71275329589844,170.03722730338785,165.67830850769053,167.37838547451082,56294400,AAPL
2023-09-29,169.2267608642578,171.06521578016338,168.36682842998798,170.02737565179098,51861100,AAPL
2023-10-02,171.7373046875,172.28093658205415,168.9499639274405,169.23661305458424,52164500,AAPL
2023-10-03,170.40293884277344,171.61870157072957,168.84125459232132,170.26456118455488,49594600,AAPL
2023-10-04,171.64833068847656,172.19196251916273,168.9894891655102,169.10809426237566,53020300,AAPL
2023-10-05,172.8838653564453,173.41760341955526,170.67968657288918,171.77682905786853,48527900,AAPL
2023-10-06,175.43399047851562,175.92819856079907,171.17390414032383,171.78673241813826,57266700,AAPL
2023-10-09,176.91661071777344,176.9759132731787,173.76356081110382,174.76185568517045,42390800,AAPL
2023-10-10,176.3235626220703,177.63815795783916,175.8886570875863,176.03692856454262,43698000,AAPL
2023-10-11,177.71722412109375,177.76664794425923,175.54271164011269,176.13575227199846,47551100,AAPL
2023-10-12,178.61669921875,180.2278073787141,176.96603088257305,177.98411345020415,56743100,AAPL
2023-10-13,176.77825927734375,179.82256817452978,176.07647707622922,179.31848129679557,51427100,AAPL
2023-10-16,176.64971923828125,177.00554962273654,174.46531311220224,174.7025383958498,52517000,AAPL
2023-10-17,175.09788513183594,176.35317765161014,172.77511662397336,174.6036771409676,57549400,AAPL
2023-10-18,173.80307006835938,175.52291937992672,173.08153059369246,173.54608733160953,54764400,AAPL
2023-10-19,173.427490234375,175.7799102245973,173.16061367257353,174.00075828264139,59302900,AAPL
2023-10-20,170.87741088867188,173.38798159754705,170.6401855525277,173.2792552037354,64244000,AAPL
2023-10-23,170.9959716796875,171.9942664316387,167.96152725501383,168.93018581492106,55980100,AAPL
2023-10-24,171.43089294433594,171.65822442721412,169.4639394511676,171.045411263789,43816600,AAPL
2023-10-25,169.1180419921875,171.05532957477058,168.6732425730708,169.88900553166965,57157000,AAPL
2023-10-26,164.956787109375,169.39478149468584,163.7509180796386,168.39647143119544,70625300,AAPL
2023-10-27,166.27137756347656,167.00281099505466,164.89747962237493,164.97655472973753,58499100,AAPL
2023-10-30,168.31739807128906,169.18720920526536,166.91384879366788,167.06212028170575,51131000,AAPL
2023-10-31,168.7918243408203,168.92030818010912,165.9550598323106,167.38827526603964,44846000,AAPL
2023-11-01,171.95472717285156,172.21170989502042,168.1493196629443,169.01913054110156,56934900,AAPL
2023-11-02,175.51304626464844,175.72060519042475,173.42748778366638,173.48679033388817,77334800,AAPL
2023-11-03,174.60369873046875,174.77174274032964,171.34193765305042,172.22162738228718,79829200,AAPL
2023-11-06,177.15380859375,177.35148879200258,174.16880291146146,174.33683183407777,63841300,AAPL
2023-11-07,179.71383666992188,180.32664987384885,176.89684453064555,177.10440348202485,70530000,AAPL
2023-11-08,180.7714385986328,181.32494925868284,179.48649451949703,180.23770048559436,49340300,AAPL
2023-11-09,180.29696655273438,181.98714947029399,179.7039109186948,180.84059837026544,53763500,AAPL
2023-11-10,184.4834747314453,184.65174012268164,181.64298820237886,182.07846664625706,66133400,AAPL
2023-11-13,182.8999481201172,184.11729742228064,182.31601793716675,183.9094650326421,43627500,AAPL
2023-11-14,185.51280212402344,186.17591157835597,184.38452385663774,185.77012344749633,60108400,AAPL
2023-11-15,186.07691955566406,187.55160515956638,185.84928859059917,185.91857611582427,53790500,AAPL
2023-11-16,187.75946044921875,188.99660829200764,186.7103463929358,187.62090049490251,54412900,AAPL
2023-11-17,187.73968505859375,188.42259316852056,186.63120528706287,188.29392494435922,50922700,AAPL
2023-11-20,189.4815673828125,189.93684445013852,187.92771748948175,187.93760923589429,46505100,AAPL
2023-11-21,188.67987060546875,189.55082742435687,187.7891302966246,189.44195782199586,38134500,AAPL
2023-11-22,189.34300231933594,190.9463411053134,188.8679417719912,189.52115946327928,39617700,AAPL
2023-11-24,188.01678466796875,188.93721542830764,187.30418629136327,188.9075250877743,24048300,AAPL
2023-11-27,187.83863830566406,188.70959528304604,186.95778958150402,187.96730652329646,40552600,AAPL
2023-11-28,188.44235229492188,189.1153685705385,187.45263402635211,187.82873180101734,38415400,AAPL
2023-11-29,187.42295837402344,190.11499348364924,187.02707707633283,188.93722623545,43014200,AAPL
2023-11-30,187.99697875976562,188.36318478193425,186.2550800746654,187.888109148078,48794400,AAPL
2023-12-01,189.2737274169922,189.59042941044567,187.2843840288066,188.37308016671426,45704800,AAPL
2023-12-04,187.4823455810547,188.0959812462982,185.5227074160739,188.0266937107449,43389500,AAPL
2023-12-05,191.43130493164062,192.40122460244103,188.22461231756913,188.25431775925796,66628400,AAPL
2023-12-06,190.34262084960938,192.7575206909756,190.1347733725338,192.45071045016567,41089700,AAPL
2023-12-07,192.27256774902344,192.99505783958267,191.5995514892092,191.63914867608756,47477700,AAPL
2023-12-08,193.69776916503906,193.97488907234165,191.67873543823174,192.2032849129047,53406400,AAPL
2023-12-11,191.19378662109375,191.50061200003438,189.45188773429211,191.12451418849048,60943700,AAPL
2023-12-12,192.70806884765625,192.71796059458774,189.7488055095461,191.09482308550778,52696900,AAPL
2023-12-13,195.92465209960938,195.96423418895137,192.8466274130704,193.08415015292962,70404200,AAPL
2023-12-14,196.0730743408203,197.5675433947849,194.1431268600313,195.98400332676113,66831600,AAPL
2023-12-15,195.5386505126953,196.36010340669733,194.97450383643803,195.4990533238864,128538400,AAPL
2023-12-18,193.8759002685547,194.60829718334298,192.39132294807408,194.07384089090513,55751900,AAPL
2023-12-19,194.91513061523438,194.92502236186388,193.87592334681435,194.1431515248431,40714100,AAPL
2023-12-20,192.82681274414062,195.64750075817219,192.82681274414062,194.87552171417178,52242800,AAPL
2023-12-21,192.6783447265625,195.0536776254948,191.51048442189503,194.08375795359612,46482500,AAPL
2023-12-22,191.60948181152344,193.4008696387368,190.98595440796598,193.17322354105164,37149600,AAPL
2023-12-26,191.0651397705078,191.8964996004414,190.84740051477698,191.6193796571302,28919300,AAPL
2023-12-27,191.16407775878906,191.51048519395766,189.12526053943682,190.51087517820892,48087700,AAPL
2023-12-28,191.58970642089844,192.65860419850247,191.18391821699305,192.1439463570104,34049900,AAPL
2023-12-29,190.5504608154297,192.40122918172025,189.758683164504,191.9063700376295,42672100,AAPL
2024-01-02,183.73130798339844,186.5025222946912,181.99930092657837,185.22577720716953,82488700,AAPL
2024-01-03,182.3555908203125,183.96883642924203,181.5440145919006,182.32590048043423,58414500,AAPL
2024-01-04,180.03965759277344,181.2075179249861,179.0202489631632,180.27718031693732,71983600,AAPL
2024-01-05,179.31715393066406,180.88091065327836,178.31754388665928,180.1188384374096,62379700,AAPL
2024-01-08,183.65213012695312,183.6917273170526,179.63387614033877,180.21780632812883,59144500,AAPL
2024-01-09,183.2364501953125,183.24634194188326,180.85122540618832,182.0289926299427,42841800,AAPL
2024-01-10,184.27566528320312,184.48349768333688,182.02900036017593,182.4545871112419,46792900,AAPL
2024-01-11,183.68179321289062,185.12678839904137,181.7320471921432,184.62202246254375,49128400,AAPL
2024-01-12,184.0084228515625,184.8199990991005,183.28593272766105,184.14698280822722,40477800,AAPL
2024-01-16,181.74197387695312,182.36548612847807,179.0697224204938,180.28708678689063,65603000,AAPL
2024-01-17,180.8017578125,181.0491874231052,178.4462381888341,179.40626628613458,47317400,AAPL
2024-01-18,186.69058227539062,187.1953332109462,183.9193677995691,184.17668914088887,78005800,AAPL
2024-01-19,189.59043884277344,189.97642838325277,186.8786203129096,187.38337121910467,68903000,AAPL
2024-01-22,191.89646911621094,193.3216657993532,190.28322355100102,190.32282073770045,60133900,AAPL
2024-01-23,193.17323303222656,193.73737977781175,191.83712223283266,193.01488956324005,42355600,AAPL
2024-01-24,192.5001983642578,194.36087349468033,192.3418398208385,193.41073733606618,53631300,AAPL
2024-01-25,192.17361450195312,194.2520291241628,191.1245154438125,193.21282181305796,54822100,AAPL
2024-01-26,190.44155883789062,192.7574956142312,189.96649836882335,192.27254340064795,44594000,AAPL
2024-01-29,189.75869750976562,190.22386634852867,187.63080907007364,190.03581744325376,47145600,AAPL
2024-01-30,186.10662841796875,189.82797900977772,185.54249682198056,188.97682064057707,55859400,AAPL
2024-01-31,182.5040283203125,185.1762795166647,182.45455449229945,185.11688373962707,55467800,AAPL
2024-02-01,184.93875122070312,185.02782223798647,181.93001441121828,182.0982647000541,64885400,AAPL
2024-02-02,183.93914794921875,185.40392677166545,177.4070012757119,178.01073002917815,102551700,AAPL
2024-02-05,185.7503204345703,187.30418539055444,183.9292424150712,186.21548923655902,69668800,AAPL
2024-02-06,187.3537139892578,187.36360573751463,184.84972740685953,184.93879844688814,43490800,AAPL
2024-02-07,187.46253967285156,189.08567701882757,186.6707620426896,188.67988890685803,53439000,AAPL
2024-02-08,186.38375854492188,187.59120098390878,185.42373058041275,187.44274927884152,40962000,AAPL
2024-02-09,187.14682006835938,188.27653811843788,186.30447993507684,186.9486117161699,45155200,AAPL
2024-02-12,185.46212768554688,186.96842336096995,185.1053738445565,186.72067805809255,41781900,AAPL
2024-02-13,183.37115478515625,184.53061609699293,181.85495475727518,184.0945819491523,56529500,AAPL
2024-02-14,182.4891815185547,183.85674041023526,180.79461213824646,183.64864282656313,54630500,AAPL
2024-02-15,182.20179748535156,182.82612045767794,179.71444020641266,181.89459574378543,65434500,AAPL
2024-02-16,180.66578674316406,183.18288755084293,180.03155935687485,181.76577652013776,49752500,AAPL
2024-02-20,179.9225311279297,180.78467987026374,178.37660298808711,180.1504525533752,53665600,AAPL
2024-02-21,180.67572021484375,181.24057170015067,179.03068760645021,180.29914247718926,41371400,AAPL
2024-02-22,182.7071990966797,183.29188949706392,180.8144364958238,181.82522643308513,52292200,AAPL
2024-02-23,180.87388610839844,183.37114775196545,180.58649310326592,183.34141952676862,45119700,AAPL
2024-02-26,179.52615356445312,181.11171437415507,179.0207434868858,180.59641504961763,40867400,AAPL
2024-02-27,180.98289489746094,182.2612539462515,177.94057546451762,179.4666949255866,54318900,AAPL
2024-02-28,179.78382873535156,181.4684939502017,178.50546948959806,180.86399474191828,48953900,AAPL
2024-02-29,179.119873046875,180.92346630197014,177.9108746304469,179.63518756564144,136682600,AAPL
2024-03-01,178.03968811035156,178.90183692569335,175.78025215753124,177.93067957222544,73563100,AAPL
2024-03-04,173.52081298828125,175.30456703921072,172.22261492332544,174.56133114426578,81510100,AAPL
2024-03-05,168.58572387695312,170.48840604509627,168.0902332564625,169.21995126633416,95132400,AAPL
2024-03-06,167.59475708007812,169.69564777442116,167.1587228770791,169.5172632726602,68587700,AAPL
2024-03-07,167.47581481933594,169.1902079797121,166.97041987504164,167.62445594378354,71765100,AAPL
2024-03-08,169.19020080566406,172.13341591430694,167.41635127072408,167.47580771798204,76267000,AAPL
2024-03-11,171.1920166015625,172.80732093128213,170.49833272784605,171.38030546468005,60139500,AAPL
2024-03-12,171.66766357421875,172.46045153320196,169.4676841705973,171.58838326620315,59825400,AAPL
2024-03-13,169.58663940429688,171.62805851944387,169.2199660307435,171.21184817645832,52488700,AAPL
2024-03-14,171.4397430419922,172.73792596009017,170.49831395125625,171.35055836544484,72913500,AAPL
2024-03-15,171.06317138671875,171.06317138671875,168.75418335618096,169.62625165850892,121752700,AAPL
2024-03-18,172.1532440185547,176.10726419166866,171.9550508157469,173.98656516716395,75604200,AAPL
2024-03-19,174.49197387695312,175.01719271038215,171.46947815172825,172.76766112194616,55215200,AAPL
2024-03-20,177.05862426757812,177.05862426757812,173.51090945491785,174.1352325028599,53423100,AAPL
2024-03-21,169.82444763183594,175.8892630091755,169.29922879245808,175.45322885093574,106181300,AAPL
2024-03-22,170.72625732421875,171.48931715990707,168.5262776263353,170.210942813777,71160100,AAPL
2024-03-25,169.30917358398438,170.38933965120722,167.92179058941932,169.03170000930652,54288300,AAPL
2024-03-26,168.17941284179688,169.87398209229724,168.0505804571819,168.46679071381658,57388400,AAPL
2024-03-27,171.7469482421875,172.0343412561863,168.575811446925,168.87310882923745,60273300,AAPL
2024-03-28,169.93345642089844,170.67669234048742,168.97220342186947,170.20102558587905,65672700,AAPL
2024-04-01,168.49652099609375,169.70551918920845,167.95147834818596,169.64606274055888,46240500,AAPL
2024-04-02,167.3172607421875,167.81275133793278,166.71276161053132,167.55510167176752,49329500,AAPL
2024-04-03,168.11996459960938,169.14067408704202,167.05962251511946,167.2677201117247,47691700,AAPL
2024-04-04,167.29745483398438,170.3694875068381,167.29745483398438,168.7541832986243,53704400,AAPL
2024-04-05,168.0506134033203,168.85330584999502,167.4262903353845,168.06051777285862,42104800,AAPL
2024-04-08,166.93080139160156,167.67403738632925,166.72270378093583,167.50557237539863,37425500,AAPL
2024-04-09,168.13978576660156,168.5460917055098,166.83169838821917,167.17853275073267,42373800,AAPL
2024-04-10,166.26683044433594,167.5650134431552,165.60287483124418,167.27763553824258,49709300,AAPL
2024-04-11,173.4613494873047,173.87757491447604,166.64340884278624,166.8217782077108,91070300,AAPL
2024-04-12,174.95774841308594,176.7514221146486,172.63885584160187,172.68839280877705,101670900,AAPL
2024-04-15,171.13253784179688,175.03700600653332,170.94424900321735,173.7784557074799,73531800,AAPL
2024-04-16,167.85240173339844,172.19288913903023,166.7524119884344,170.20102235595408,73711200,AAPL
2024-04-17,166.48484802246094,169.11094225529814,166.48484802246094,168.08032842085646,50901200,AAPL
2024-04-18,165.5334930419922,167.11906901091456,165.0479219314042,166.51456987389489,43122900,AAPL
2024-04-19,163.51193237304688,164.89930029622644,162.60023129193223,164.71102653043343,68149400,AAPL
2024-04-22,164.34432983398438,165.75152141981465,163.28398774037723,164.0272236912775,48116400,AAPL
2024-04-23,165.39476013183594,165.54341638804536,163.43262154349364,163.85875133255257,49537800,AAPL
2024-04-24,167.4956512451172,167.77312477902248,164.71099641624178,165.03800691456527,48251800,AAPL
2024-04-25,168.3577880859375,169.07129572836638,166.63347542987228,168.00103426472305,50558300,AAPL
2024-04-26,167.77310180664062,169.79469657988224,167.6541737932701,168.34787265422193,44838400,AAPL
2024-04-29,171.9352264404297,174.4424074952563,171.5388400360099,171.80639405446584,68169400,AAPL
2024-04-30,168.7938232421875,173.4117990890393,168.46679764398493,171.76676673002254,65934800,AAPL
2024-05-01,167.77310180664062,171.1523509575647,167.5848129798778,168.05057530255277,50383100,AAPL
2024-05-02,171.469482421875,171.8559644998941,169.34878317714927,170.95416794412498,94214900,AAPL
2024-05-03,181.72613525390625,185.31348231884328,181.01262758822543,184.9666328542693,163224100,AAPL
2024-05-06,180.0712127685547,182.53874644704828,178.79283846563771,180.70544017490002,78569700,AAPL
2024-05-07,180.75497436523438,183.23242749590466,179.68472791941784,181.79550770435065,77305800,AAPL
2024-05-08,181.09190368652344,181.41892928578648,179.81352951475225,181.20091221961113,45057100,AAPL
2024-05-09,182.90542602539062,182.99461071341904,180.46760537105857,180.9135439323752,48983000,AAPL
2024-05-10,181.6451416015625,183.669478466616,180.73220418072017,183.48093424482693,50759500,AAPL
2024-05-13,184.85035705566406,185.6640710757596,183.2030934113359,184.01680743143146,72044800,AAPL
2024-05-14,185.9915313720703,186.8548647149755,184.8602810891409,186.07091921634225,52393600,AAPL
2024-05-15,188.2639617919922,189.1868170758504,185.93199122253947,186.46785537715886,70400000,AAPL
2024-05-16,188.38304138183594,189.6333810173086,188.2044300863017,189.00821119957226,52845200,AAPL
2024-05-17,188.41281127929688,189.34559954047234,187.72810435814964,188.0555735439889,41282900,AAPL
2024-05-20,189.5738525390625,190.4471038045087,187.55943303128691,187.87698445206195,44361300,AAPL
2024-05-21,190.87379455566406,191.2508679069906,189.45476137627725,189.62345487533878,42309400,AAPL
2024-05-22,189.43490600585938,191.3401840301744,188.8097513226368,190.79440205142186,34648500,AAPL
2024-05-23,185.44577026367188,189.5341459487459,185.19768892080702,189.51429520164533,51005900,AAPL
2024-05-24,188.52195739746094,189.11735863774422,186.59684388111853,187.37087155015982,36327000,AAPL
2024-05-28,188.53189086914062,191.5187845976106,187.64872194997955,190.04021443649896,52280100,AAPL
2024-05-29,188.82958984375,190.7745542503335,188.05557725890648,188.15481585355153,53068000,AAPL
2024-05-30,189.82191467285156,190.70508365256933,189.16699143181853,189.29598343446253,49889100,AAPL
2024-05-31,190.77455139160156,191.09210277636024,188.45251367186646,189.9707702687458,75158300,AAPL
2024-06-03,192.54087829589844,193.49351725389894,191.04247253185534,191.41954585254337,50080500,AAPL
2024-06-04,192.8584442138672,193.82100104656786,191.548567440495,193.1462119125533,47471400,AAPL
2024-06-05,194.36676025390625,195.38885414673365,193.3744349100596,193.90036613096368,54156800,AAPL
2024-06-06,192.98745727539062,194.99195900714616,192.67983879580981,194.1881777820001,41181800,AAPL
2024-06-07,195.37892150878906,195.42854080055034,192.65002702042116,193.15610745634936,53103900,AAPL
2024-06-10,191.63787841796875,195.78580650726497,190.67532155851157,195.3888672580803,97010200,AAPL
2024-06-11,205.56019592285156,205.57012886730556,192.14396771907968,192.1638033246204,172373300,AAPL
2024-06-12,211.4347686767578,218.51003809526938,205.3121079690946,205.77850209290926,198134300,AAPL
2024-06-13,212.5957794189453,215.08651049080893,209.97604121171418,213.09194207290335,97862700,AAPL
2024-06-14,210.85922241210938,213.5186471242216,209.67835280423736,212.20878551515116,70122700,AAPL
2024-06-17,215.00714111328125,217.26964179829142,211.08745883873982,211.7324642876032,93728300,AAPL
2024-06-18,212.6453857421875,216.95208913019513,211.36529274424583,215.9200623200828,79943300,AAPL
2024-06-20,208.0707550048828,212.59577094768608,207.2471383568116,212.28813739547695,86172500,AAPL
2024-06-21,205.89759826660156,210.26382387597764,205.5205097773767,208.77533580800622,241805100,AAPL
2024-06-24,206.54261779785156,211.06761941054305,205.0045103276704,206.12584292738626,80727000,AAPL
2024-06-25,207.46546936035156,209.75773850908567,207.0089930344414,207.54484206411715,55549700,AAPL
2024-06-26,211.61338806152344,213.2110325348534,209.0234182045521,209.87681864015101,66213200,AAPL
2024-06-27,212.4568634033203,214.0842763709762,210.7202940415425,213.04233172557286,49772700,AAPL
2024-06-28,209.0035400390625,214.41172478378184,208.6860038316288,214.11402417940656,82542700,AAPL
2024-07-01,215.08651733398438,215.84067914098924,210.29358412725625,210.46227761796723,60402900,AAPL
2024-07-02,218.57948303222656,218.6886394133838,213.44916340119858,214.49109278116705,58046200,AAPL
2024-07-03,219.8496856689453,219.8496856689453,217.34902153194005,218.31157833867707,37369800,AAPL
2024-07-05,224.60292053222656,224.71207692855523,219.94891212590596,219.94891212590596,60412400,AAPL
2024-07-08,226.07154846191406,226.1013170084402,221.53661474646515,225.3471401186269,59085900,AAPL
2024-07-09,226.92495727539062,227.63943274976205,224.63268810415036,226.180713251394,48076100,AAPL
2024-07-10,231.19195556640625,231.29119415797783,227.49058625437067,227.54020555015646,62627700,AAPL
2024-07-11,225.82350158691406,230.6065022056456,224.0373128145247,229.61417679228308,64710600,AAPL
2024-07-12,228.7706756591797,230.8545649156238,226.92494993371525,227.16311346469493,53046500,AAPL
2024-07-15,232.60107421875,235.40935699641528,231.3011303310065,234.66511292556817,62631300,AAPL
2024-07-16,233.01783752441406,234.4567062015191,230.54694204130521,233.19644881294397,43234300,AAPL
2024-07-17,227.12342834472656,229.6836295353235,224.9006141352506,227.68904591405493,57345900,AAPL
2024-07-18,222.45950317382812,228.67146993188885,220.5641731481692,228.51269423226466,66034600,AAPL
2024-07-19,222.58848571777344,225.05938116686082,221.5663918696606,223.09458131167176,49151500,AAPL
2024-07-22,222.24118041992188,226.03185518490554,221.37784711424985,225.2677604657143,48201800,AAPL
2024-07-23,223.2831268310547,225.19832267550643,220.97100689389265,222.64803919770813,39960300,AAPL
2024-07-24,216.86279296875,223.0747598557794,215.46362561910502,222.28089648286087,61777600,AAPL
2024-07-25,215.8208465576172,219.15506035064124,212.97286249707204,217.24978234747041,51391200,AAPL
2024-07-26,216.28721618652344,217.8054725938896,214.35216985326556,217.0215271741731,41601300,AAPL
2024-07-29,216.56509399414062,217.61695646267233,214.0941983741811,215.29491873308154,36311800,AAPL
2024-07-30,217.1207733154297,218.63902977566391,214.4613337033208,217.50777956722112,41643800,AAPL
2024-07-31,220.3756103515625,222.10226187087767,218.93674165630796,219.7405227481965,50036300,AAPL
2024-08-01,216.68417358398438,222.7572001483694,215.35446119036925,222.64804374939,62501000,AAPL
2024-08-02,218.1726531982422,223.86860618805187,216.0391597412521,217.46809553371503,105568600,AAPL
2024-08-05,207.66392517089844,211.8614570593827,194.49576385779395,197.56204548052773,119548600,AAPL
2024-08-06,205.63958740234375,208.37841518370308,199.52687447574846,203.72440665766518,69660500,AAPL
2024-08-07,208.209716796875,212.00039184379946,204.80603289763474,205.31211338628992,63516400,AAPL
2024-08-08,211.6729278564453,212.55609685346144,207.22731432081122,211.4744658055274,47161100,AAPL
2024-08-09,214.58045959472656,215.11630867247783,210.34322570654538,210.47223285968454,42201600,AAPL
2024-08-12,216.1103973388672,218.07747160820446,214.1929998012183,214.65993379251097,38028100,AAPL
2024-08-13,219.8259735107422,220.44192247615112,217.58071280084246,217.58071280084246,44155300,AAPL
2024-08-14,220.27305603027344,221.57450454206742,218.2662343099079,219.13056699635618,41960600,AAPL
2024-08-15,223.2534637451172,223.87935717471936,221.30624816369337,223.13425172393934,46414000,AAPL
2024-08-16,224.57479858398438,225.34970708383625,222.19045191126241,222.45869413327577,44340200,AAPL
2024-08-19,224.4158477783203,224.515201244893,221.5844407323156,224.24695901251525,40687800,AAPL
2024-08-20,225.03179931640625,225.68749582093912,223.97871925960482,224.2966382287883,30299000,AAPL
2024-08-21,224.9224853515625,226.4921759358446,223.58130467937312,225.04171252806572,34765500,AAPL
2024-08-22,223.06472778320312,226.8498614975527,222.43883427921395,226.3034477368646,43695300,AAPL
2024-08-23,225.359619140625,226.7306179936649,222.8660050723941,224.18732719786422,38677300,AAPL
2024-08-26,225.6973876953125,225.7967411465175,222.4288653159012,225.2801304868265,30602200,AAPL
2024-08-27,226.54185485839844,227.356510742363,223.42234738221904,224.52510403050715,35934600,AAPL
2024-08-28,225.0119171142578,228.35991942602843,224.20719049274723,226.43257756563742,38052200,AAPL
2024-08-29,228.29039001464844,231.3999685703833,227.38634017099784,228.59837969678284,51906300,AAPL
2024-08-30,227.50552368164062,228.89638108151303,225.9954391052015,228.68776005113654,52990800,AAPL
2024-09-03,221.31617736816406,227.50551530861938,219.72661311891838,227.0584551007716,50190600,AAPL
2024-09-04,219.4087371826172,220.33266071869627,216.06071952153204,220.21344869061124,43840200,AAPL
2024-09-05,220.92872619628906,224.00848612752256,220.07433805346514,220.18362078658942,36615400,AAPL
2024-09-06,219.37892150878906,223.7700744804958,218.33577084564575,222.4884846157397,48423000,AAPL
2024-09-09,219.4683380126953,219.82598924771256,215.2957503769675,219.37892899374344,67180000,AAPL
2024-09-10,218.67355346679688,220.03460793809228,215.31560663834654,217.49131703149231,51591000,AAPL
2024-09-11,221.20689392089844,221.6340804054664,216.46801935094325,220.01472831742512,44587100,AAPL
2024-09-12,221.31617736816406,222.09108577088907,218.385432495375,221.0479351797721,37455600,AAPL
2024-09-13,221.04795837402344,222.57790161811045,220.46181236980377,222.12091208096655,36766600,AAPL
2024-09-16,214.90829467773438,215.80241517960704,212.52394807405793,215.126845002842,59357400,AAPL
2024-09-17,215.3751983642578,215.48448109873988,213.10014982176025,214.3419921866889,45519300,AAPL
2024-09-18,219.24977111816406,221.25659276615585,216.12031904206836,216.13026348358338,59894900,AAPL
2024-09-19,227.37637329101562,228.32018565098164,223.16405353373213,223.52170475455895,66781300,AAPL
2024-09-20,226.71075439453125,231.56884144729943,226.1345376792504,228.46920754640476,318679900,AAPL
2024-09-23,224.99205017089844,227.95259834339626,224.33635371548323,225.8563676699032,54146000,AAPL
2024-09-24,225.88616943359375,227.85325878901892,224.25687274556688,227.15781488965328,43556100,AAPL
2024-09-25,224.8927001953125,225.80669443859438,222.55804543582803,223.462095237407,42308700,AAPL
2024-09-26,226.0352020263672,227.00880227293717,223.9389713421174,225.81663654010723,36636700,AAPL
2024-09-27,226.3034210205078,228.02214184296878,225.8166284941723,226.9690618971705,34026000,AAPL
2024-09-30,231.4794464111328,231.4794464111328,228.15130238402674,228.53875664504176,54541900,AAPL
2024-10-01,224.7337646484375,228.15130254219565,222.27988260723768,228.02216122790813,63285000,AAPL
2024-10-02,225.30003356933594,225.8861795938886,221.56457676904253,224.41584231153624,32880600,AAPL
2024-10-03,224.197265625,225.3298253274289,221.8626109260752,223.67072564154154,34044200,AAPL
2024-10-04,225.3199005126953,226.5120662505933,222.66732681912907,226.41271278943105,37245100,AAPL
2024-10-07,220.24322509765625,224.2171205854488,219.8855738973866,223.0348842523572,39505400,AAPL
2024-10-08,224.29661560058594,224.5052366387564,221.79305702807565,222.83620769655573,31855700,AAPL
2024-10-09,228.04200744628906,228.25064364916537,223.36275355639287,223.7601370790405,33591100,AAPL
2024-10-10,227.54527282714844,228.00227752622936,225.68748134269669,226.29350107451606,28183500,AAPL
2024-10-11,226.0650177001953,227.91287999534921,225.8563814846346,227.80359724609562,31759200,AAPL
2024-10-14,229.79054260253906,230.21772915238438,227.1081657950345,227.2075041009655,39882100,AAPL
2024-10-15,232.3238983154297,235.9401430278398,230.85354589755886,232.08545910083197,64751400,AAPL
2024-10-16,230.26739501953125,230.60517253033711,228.34005309673006,230.0885769817669,34082200,AAPL
2024-10-17,230.63497924804688,232.3238971476739,229.0156269629083,231.9066247344228,32993800,AAPL
2024-10-18,233.4663543701172,234.63864623478992,232.48280980290272,234.63864623478992,46431500,AAPL
2024-10-21,234.9367218017578,235.30431748145634,232.9199708414818,232.9199708414818,36254500,AAPL
2024-10-22,234.32077026367188,234.67842149785605,231.0820505913223,232.36362533760988,38846600,AAPL
2024-10-23,229.25405883789062,233.60547988580885,226.27363678517082,232.55239985265487,52287000,AAPL
2024-10-24,229.06532287597656,229.31369139269552,226.91941525331413,228.4791616555193,31109500,AAPL
2024-10-25,229.89981079101562,231.69799621804017,228.07182235817814,228.2407111108546,38802300,AAPL
2024-10-28,231.87681579589844,233.19813797949908,231.032372026897,231.7973512193415,36087100,AAPL
2024-10-29,232.1450653076172,232.80076177889833,230.80388451731673,231.5787930163908,35417200,AAPL
2024-10-30,228.5983428955078,231.94634497686565,228.05192923673224,231.09195684474602,47070900,AAPL
2024-10-31,224.43569946289062,228.330115454563,223.89921505082026,227.84330777090054,64370100,AAPL
2024-11-01,221.4552764892578,223.87935529424118,218.83250593091054,219.5279346472888,65276700,AAPL
2024-11-04,220.56114196777344,221.33605042122997,218.2761640538016,219.54780947276666,44944500,AAPL
2024-11-05,221.99176025390625,222.48849724939907,219.69683776020295,220.3525342324639,28111300,AAPL
2024-11-06,221.26651000976562,224.59465366535846,219.7464961432124,221.15722727351368,54561100,AAPL
2024-11-07,225.99545288085938,226.39285156162418,223.10445516924474,223.16406118155706,42137700,AAPL
2024-11-08,225.7269287109375,227.4176895436531,225.17991383614745,225.9357792784742,38328800,AAPL
2024-11-11,223.01174926757812,224.47376393957063,220.29658566640109,223.77757009002366,42005600,AAPL
2024-11-12,223.01174926757812,224.36436096493557,222.14648085284745,223.33001798502116,40398300,AAPL
2024-11-13,223.8969268798828,225.41861323491412,221.54974806168275,222.79295685996902,48566200,AAPL
2024-11-14,226.98007202148438,227.62653447284012,223.77756520755418,223.7974607959322,44923900,AAPL
2024-11-15,223.7775421142578,225.68710865252652,223.05151256020181,225.1699296392811,47923700,AAPL
2024-11-18,226.78115844726562,228.49181480220403,223.94663659117114,224.02620376766677,44633700,AAPL
2024-11-19,227.0397491455078,228.90953992555222,225.4285554930197,225.74680903538962,36211800,AAPL
2024-11-20,227.75584411621094,228.68078414631773,224.6627401240164,226.82094870348703,35169600,AAPL
2024-11-21,227.2784423828125,228.9095315645878,224.48371169719937,227.63648708983084,42108300,AAPL
2024-11-22,228.62110900878906,229.46649702017746,226.82094518602503,226.82094518602503,38168300,AAPL
2024-11-25,231.6048126220703,231.98275293866183,228.49182822914253,230.20248468460477,90152800,AAPL
2024-11-26,233.7829132080078,234.29015208323423,232.06231657216094,232.06231657216094,45986200,AAPL
2024-11-27,233.6536407470703,234.40952145314378,232.539730455033,233.19614838107907,33498400,AAPL
2024-11-29,236.04058837890625,236.51797629056327,232.698842645531,233.5342752849028,28481400,AAPL
2024-12-02,238.2882843017578,239.4817615684827,235.8714939748314,235.98089694287458,48137100,AAPL
2024-12-03,241.33168029785156,241.441083276618,237.60205398884364,238.50711361537608,38861000,AAPL
2024-12-04,241.68971252441406,242.78374225546824,239.9392801306149,241.55047375645148,44383900,AAPL
2024-12-05,241.7195587158203,243.21140922639395,240.81451427308068,242.6644095132275,40033900,AAPL
2024-12-06,241.52066040039062,243.30094393033409,240.76479490063875,241.59028737878447,36870600,AAPL
2024-12-09,245.40939331054688,245.89673657618508,240.43655859300793,240.51612576959502,44649200,AAPL
2024-12-10,246.42385864257812,246.86147053083658,244.00705305092782,245.54863486606115,36914800,AAPL
2024-12-11,245.15081787109375,249.43739908317045,244.92205654138039,246.61283253090062,45205800,AAPL
2024-12-12,246.6128387451172,247.3885997871069,244.34521203481492,245.54864477609476,32777500,AAPL
2024-12-13,246.7819061279297,247.9355922748061,244.90217516923994,246.47359279661413,33155300,AAPL
2024-12-16,249.67608642578125,250.01425073054844,246.3045049916291,246.6426692963963,51694800,AAPL
2024-12-17,252.1028289794922,252.45093348613432,248.42293425963442,248.72130738305802,51356400,AAPL
2024-12-18,246.7023468017578,252.89849494785605,246.39403346062903,250.7900177691265,56774100,AAPL
2024-12-19,248.43289184570312,250.63089166027345,245.74756389880645,246.15534002348284,60882300,AAPL
2024-12-20,253.10736083984375,253.6145845456153,244.35516822034685,246.69239156062656,147495300,AAPL
2024-12-23,253.88311767578125,254.26104280923545,252.07299848460428,253.38583418491564,40858800,AAPL
2024-12-24,256.79718017578125,256.80710520536127,253.90297174117552,254.10189725758943,23234700,AAPL
2024-12-26,257.6127014160156,258.6868506395932,256.2302692406472,256.7872242633273,27237100,AAPL
2024-12-27,254.2013702392578,257.29448932345014,251.68511699924173,256.42919055718573,42355300,AAPL
2024-12-30,250.82980346679688,252.122743648892,249.38768429964367,250.8596392638085,35557500,AAPL
