Date,Close,High,Low,Open,Volume,symbol
,GOOGL,GOOGL,GOOGL,GOOGL,GOOGL,
2020-01-02,67.8730239868164,67.8730239868164,66.77262179859589,66.86783552352698,27278000,GOOGL
2020-01-03,67.51795959472656,68.12445054033702,66.81378055903824,66.84750602902096,23408000,GOOGL
2020-01-06,69.31758880615234,69.34287723228258,66.99627473144326,67.02751070483214,46768000,GOOGL
2020-01-07,69.18370056152344,69.59976407326137,69.00765768436452,69.44900962487809,34330000,GOOGL
2020-01-08,69.6761245727539,70.01383328257931,69.06071230813146,69.16931180182212,35314000,GOOGL
2020-01-09,70.40757751464844,70.84842998736566,69.93250016192401,70.51369507317621,33200000,GOOGL
2020-01-10,70.86233520507812,71.1588878585611,70.39817669120252,70.88763120468502,26258000,GOOGL
2020-01-13,71.41128540039062,71.48318564833806,70.68429232295442,71.17423856104631,30730000,GOOGL
2020-01-14,70.94316101074219,71.54022369151787,70.80331039967703,71.40980138157744,26076000,GOOGL
2020-01-15,71.37013244628906,71.44848723259247,70.99622386006052,71.06366724106702,21550000,GOOGL
2020-01-16,71.91362762451172,71.94040671901234,71.40978868488912,71.6800539909866,26080000,GOOGL
2020-01-17,73.3696060180664,73.42068229124506,72.23052189077428,72.52756636187075,52424000,GOOGL
2020-01-21,73.50498962402344,73.88336264250772,72.90791936171401,73.34381561207009,48930000,GOOGL
2020-01-22,73.58531188964844,74.41396566579424,73.5253143022731,73.87591692725086,28458000,GOOGL
2020-01-23,73.62596893310547,74.06286392107879,73.40926181542616,73.76780203530112,26650000,GOOGL
2020-01-24,72.70758056640625,74.09758915730573,72.55930047284312,74.02915451930895,29786000,GOOGL
2020-01-27,70.99970245361328,71.24021496663292,70.3932113908152,70.99028171808679,34132000,GOOGL
2020-01-28,71.93049621582031,72.14373017574707,70.93174708981847,71.49608309873746,29724000,GOOGL
2020-01-29,72.23795318603516,72.60690544755049,71.67709035915647,72.32522928653594,21566000,GOOGL
2020-01-30,72.11647033691406,72.16605594211511,71.16185852623971,71.3155867660176,27110000,GOOGL
2020-01-31,71.0517578125,72.88113570169328,70.76809913606537,72.79137767304688,43822000,GOOGL
2020-02-03,73.52233123779297,73.70581988228172,72.23348411673724,72.4834173068673,71636000,GOOGL
2020-02-04,71.6780776977539,72.76558597572388,70.51866160482743,72.12835848746417,95880000,GOOGL
2020-02-05,71.70982360839844,72.6287273771318,70.89803624268711,72.58062487826129,36376000,GOOGL
2020-02-06,73.19356536865234,73.47077712052415,71.92951458765228,72.00389677738615,37822000,GOOGL
2020-02-07,73.3492660522461,73.65374870960305,72.66988358975605,72.76807109346798,28360000,GOOGL
2020-02-10,74.81465911865234,74.82557052333453,73.15537648833067,73.25604592514885,38302000,GOOGL
2020-02-11,74.88407897949219,75.86696037630945,74.65546917942103,75.0432628919805,34852000,GOOGL
2020-02-12,75.30907440185547,75.39188605793423,74.81515553865327,75.17170572454793,31042000,GOOGL
2020-02-13,75.0492172241211,75.67206769006663,74.58356058636251,74.88110442539049,22914000,GOOGL
2020-02-14,75.31401824951172,75.37947909731743,74.66041616294213,75.10574061272382,23198000,GOOGL
2020-02-18,75.34923553466797,75.90067759877253,74.9311895426324,75.09632856792217,25642000,GOOGL
2020-02-19,75.6185073852539,75.90960425641619,75.42560557770153,75.73405324495363,22746000,GOOGL
2020-02-20,75.22773742675781,75.72760378166284,74.5964499569271,75.32790743593482,25962000,GOOGL
2020-02-21,73.56498718261719,74.92822421575049,73.31852714783577,74.61233071932669,42520000,GOOGL
2020-02-24,70.41104888916016,71.23028195609393,69.76290996883232,70.56924154888083,49560000,GOOGL
2020-02-25,68.74779510498047,71.25358143993788,68.45521513612178,70.96348339912412,51580000,GOOGL
2020-02-26,68.9535903930664,70.10408510430565,68.26329659306435,69.17724388929183,49776000,GOOGL
2020-02-27,65.20854949951172,67.90873614395468,65.17334092529835,67.39994084412521,62290000,GOOGL
2020-02-28,66.41358947753906,66.5722739739755,62.89070436777219,63.193204492422396,80198000,GOOGL
2020-03-02,68.74779510498047,68.80481891518373,65.7168464160506,67.0156136346648,55430000,GOOGL
2020-03-03,66.33772277832031,69.83233844511692,65.9171948251204,69.31114862306558,56602000,GOOGL
2020-03-04,68.51374053955078,68.57225502928063,66.30201692418471,67.39101599549596,47598000,GOOGL
2020-03-05,65.19913482666016,67.12670796663788,64.5485139115482,66.72601271363625,54380000,GOOGL
2020-03-06,64.25593566894531,64.60355700885466,62.34522521289,62.97700467595164,64640000,GOOGL
2020-03-09,60.291194915771484,62.12305473019572,59.410969211683664,59.75413363170908,69252000,GOOGL
2020-03-10,63.23585891723633,63.26958060641454,60.227720041786434,62.20537812329449,54872000,GOOGL
2020-03-11,60.0486946105957,62.331330808488026,59.06879454018304,61.901881557171805,54732000,GOOGL
2020-03-12,55.12191390991211,58.95027293420525,54.96917696011716,55.67087782381842,94326000,GOOGL
2020-03-13,60.215824127197266,60.22227108794998,55.15861851087593,58.267922606953604,79400000,GOOGL
2020-03-16,53.21022415161133,56.804018794531096,52.916649086900534,54.03391417465646,96520000,GOOGL
2020-03-17,55.44474792480469,55.83849297321683,52.02501404698684,54.08498798539528,83194000,GOOGL
2020-03-18,54.112266540527344,54.79660911099285,51.42497370415476,52.56257466439651,93044000,GOOGL
2020-03-19,55.12786865234375,57.15808978102262,52.34487034827302,53.96497931020589,74064000,GOOGL
2020-03-20,52.972679138183594,56.45737823212612,52.66968337475193,56.08148339433845,82878000,GOOGL
2020-03-23,52.274452209472656,52.90821410094761,50.030002120502026,52.385533632275504,83672000,GOOGL
2020-03-24,56.037349700927734,56.20198931680837,53.87621071144316,54.74652002572422,72468000,GOOGL
2020-03-25,54.62948989868164,56.83872770368654,53.70661738665387,55.768078303487016,90324000,GOOGL
2020-03-26,57.66936492919922,58.09385791556648,54.15392148412994,55.27912035694048,76562000,GOOGL
2020-03-27,55.05794906616211,57.08073204784074,54.74751506360393,55.911395704558494,62794000,GOOGL
2020-03-30,56.84566879272461,57.078247414984624,54.474269571410154,56.16777321835151,58736000,GOOGL
2020-03-31,57.62125778198242,58.18906316864204,56.370097362055304,56.96567688694709,65228000,GOOGL
2020-04-01,54.65329360961914,56.008097373392076,54.22632246793909,55.73931890160938,51970000,GOOGL
2020-04-02,55.393680572509766,55.67832676102087,54.20847642144488,54.54915895870375,56410000,GOOGL
2020-04-03,54.1871452331543,55.480952582798494,53.31337022040269,55.278626230732584,51374000,GOOGL
2020-04-06,58.674556732177734,59.049456548881885,55.78890642035224,56.18562904604569,63320000,GOOGL
2020-04-07,58.643306732177734,60.538644724889906,58.379984000621846,60.35168668267904,61620000,GOOGL
2020-04-08,59.85529708862305,60.24705964616023,58.71224421750471,59.66189584651864,40334000,GOOGL
2020-04-09,59.83396911621094,60.59864892090374,59.132268239290795,60.40971213758575,54028000,GOOGL
2020-04-13,60.02439880371094,60.228215813461446,58.63190840184953,59.582551251526766,38702000,GOOGL
2020-04-14,62.7429313659668,63.26461680088407,60.923466061815894,61.49028400054519,63358000,GOOGL
2020-04-15,62.34968185424805,63.23288132977035,61.194230736716015,61.81460308752658,42236000,GOOGL
2020-04-16,62.35612487792969,63.14609692046677,61.40250825663297,62.837645447215486,57896000,GOOGL
2020-04-17,63.42578887939453,63.971279654647915,62.781115555550386,63.55968059070784,51050000,GOOGL
2020-04-20,62.54059600830078,63.31767406866534,62.30702614581183,62.97401404891222,35292000,GOOGL
2020-04-21,60.111183166503906,61.98767228700058,59.756116084668555,61.62616202853529,49648000,GOOGL
2020-04-22,62.40472412109375,63.46942212095462,61.352916257316856,61.54681311207686,46296000,GOOGL
2020-04-23,63.03749084472656,63.879534159122194,62.50985410412235,62.76821677257481,34202000,GOOGL
2020-04-24,63.30677032470703,63.361815406709226,61.69013080899274,62.23562155598527,37402000,GOOGL
2020-04-27,63.022125244140625,64.17460265209323,62.73450152115081,64.07046002760272,44186000,GOOGL
2020-04-28,61.12430953979492,63.71142467884531,61.0147150018543,63.63406872473429,80700000,GOOGL
2020-04-29,66.55888366699219,67.4500168748035,65.79271704540977,66.6987266872826,108358000,GOOGL
2020-04-30,66.78305053710938,66.94669893140887,65.5333767050034,66.02233937163489,55842000,GOOGL
2020-05-01,65.32608795166016,67.01761314548959,64.94623179479512,65.66181420599857,48872000,GOOGL
2020-05-04,65.602783203125,65.68064612813664,64.26930683547664,64.87034202825359,30806000,GOOGL
2020-05-05,66.89807891845703,67.98856850629761,66.20431948237466,66.32680414700387,39666000,GOOGL
2020-05-06,66.72004699707031,67.87351539698507,66.70517056369631,67.34339679611239,31732000,GOOGL
2020-05-07,67.90278625488281,68.23603812169104,67.0726492790664,67.50755427769955,30652000,GOOGL
2020-05-08,68.64962005615234,69.25957668434151,68.03817275749519,68.52465344306268,33326000,GOOGL
2020-05-11,69.6042251586914,70.19633158338425,68.21124277247152,68.27521296690415,32718000,GOOGL
2020-05-12,68.19537353515625,70.13682424784653,68.16214747442724,69.83383223606998,33918000,GOOGL
2020-05-13,66.86386108398438,68.69870207901334,65.8561907203026,68.24395686168661,40368000,GOOGL
2020-05-14,67.286865234375,67.31215365788991,65.62261910048919,66.12943179653402,36660000,GOOGL
2020-05-15,68.09024810791016,68.16562156088912,66.40120477088043,66.86041456316379,41544000,GOOGL
2020-05-18,68.69126892089844,69.06715998167876,67.15496289864852,67.52094138012248,47094000,GOOGL
2020-05-19,68.15669250488281,69.05377345364818,68.12495711426654,68.70615212677366,31586000,GOOGL
2020-05-20,69.88043975830078,70.02276472704372,68.80235214483642,68.88863698818672,38262000,GOOGL
2020-05-21,69.76093292236328,70.24244974483369,69.14799496101227,69.9711931242331,30894000,GOOGL
2020-05-22,70.08277893066406,70.26923381967933,69.22536338810905,69.61960413209609,28544000,GOOGL
2020-05-26,70.4859390258789,71.66321308887383,70.38825092272327,71.50700292608954,44590000,GOOGL
2020-05-27,70.431884765625,70.68330865481425,69.15841334614704,70.4179995868047,31684000,GOOGL
2020-05-28,70.33071899414062,71.63096943029363,69.38057178014799,69.426192345688,35170000,GOOGL
2020-05-29,71.08845520019531,71.24763911516013,70.2186452926417,70.4393174660561,37044000,GOOGL
2020-06-01,71.1553955078125,71.48814791077972,70.53105438742989,70.70065785212817,25162000,GOOGL
2020-06-02,71.52435302734375,71.55857034348811,70.49783354301282,71.16184772780194,23442000,GOOGL
2020-06-03,71.37260437011719,71.85660306579962,70.99423139231902,71.54369094375163,27732000,GOOGL
2020-06-04,70.13532257080078,71.4752534941647,69.72422296477501,71.25010932295427,26982000,GOOGL
2020-06-05,71.41079711914062,71.72222618313101,69.80407376319808,70.20178767828749,42642000,GOOGL
2020-06-08,71.80850219726562,71.85610527816216,70.64015718062795,70.72942336173372,33878000,GOOGL
2020-06-09,72.00884246826172,72.78840250945899,71.52682627591334,71.66965065277674,33624000,GOOGL
2020-06-10,72.63467407226562,73.0348622998667,72.1219137520516,72.47648141459497,31762000,GOOGL
2020-06-11,69.52041625976562,71.98504674451961,69.34734716096332,71.46087559148388,47144000,GOOGL
2020-06-12,70.06690216064453,71.1375515555571,68.7220148203328,70.70859413359544,36676000,GOOGL
2020-06-15,70.4546890258789,70.66594045276953,68.79143400610754,68.90499734928308,30468000,GOOGL
2020-06-16,71.73064422607422,72.26125473639239,70.86380812050945,71.85610266711461,30648000,GOOGL
2020-06-17,72.03166961669922,72.51071212227092,71.1683065061805,72.05150991254823,30610000,GOOGL
2020-06-18,71.11820983886719,72.05298121424725,70.72743476994945,71.8982617395041,34862000,GOOGL
2020-06-19,70.6480941772461,71.63295053322123,70.36840054135394,71.40979643273978,52784000,GOOGL
2020-06-22,71.93842315673828,71.95280774652628,70.37782758468947,70.66644253665869,29442000,GOOGL
2020-06-23,72.5989761352539,73.15538214854752,71.65775768919568,72.00488718193142,37752000,GOOGL
2020-06-24,71.04779052734375,73.18462478275211,70.91389504036651,72.5642562323238,31592000,GOOGL
2020-06-25,71.46434783935547,71.52484484122479,70.39518156341698,70.97439400933185,23958000,GOOGL
2020-06-26,67.56854248046875,71.26201482286062,67.19463394651147,71.04431642722474,97640000,GOOGL
2020-06-29,69.28585052490234,69.32701421353897,67.02850648187311,67.45944641414235,45074000,GOOGL
2020-06-30,70.3212890625,70.61635097847407,68.77804426486243,69.27147126590755,40286000,GOOGL
2020-07-01,71.50897979736328,71.83032898693156,70.12938326370785,70.3768421161721,42182000,GOOGL
2020-07-02,72.8940200805664,73.81590498317027,71.95874941401952,71.99693932392367,57218000,GOOGL
2020-07-06,74.36785888671875,74.88111870181295,73.24365115078267,73.79757524785116,44712000,GOOGL
2020-07-07,73.88534545898438,75.44247559216144,73.87443405399931,74.19330132589292,42364000,GOOGL
2020-07-08,74.56373596191406,74.93913520411024,74.0033649498385,74.42488417311117,31766000,GOOGL
2020-07-09,75.3105697631836,75.83027655124542,74.16652927231475,74.87764724395905,41836000,GOOGL
2020-07-10,76.31971740722656,76.43526327419461,74.42091366005153,75.04227347746796,35918000,GOOGL
2020-07-13,74.99169158935547,78.17190408455957,74.71051486489596,76.8617335973757,42954000,GOOGL
2020-07-14,75.41966247558594,75.51586747193137,73.68748069578344,74.02767136950519,38108000,GOOGL
2020-07-15,75.22228240966797,76.18680655802422,74.27759098501936,75.53717702893292,31026000,GOOGL
2020-07-16,75.12509155273438,75.17418530345144,73.80351018131975,74.45958671679637,26484000,GOOGL
2020-07-17,75.22079467773438,75.54710012521701,74.29097965125972,75.22376845137862,34264000,GOOGL
2020-07-20,77.55103302001953,77.80741315385244,74.51909314973128,75.12904965194888,30166000,GOOGL
2020-07-21,77.15828704833984,78.70203135101997,76.99463868090396,78.60186132798782,27486000,GOOGL
2020-07-22,77.60112762451172,77.70675334704666,76.52898757148118,77.14787303751817,24482000,GOOGL
2020-07-23,75.2158432006836,77.87387489576915,74.81118295355448,77.65468582028785,33910000,GOOGL
2020-07-24,74.7923355102539,75.15037633795211,73.7697887035883,74.34503607352454,29902000,GOOGL
2020-07-27,75.84465026855469,76.24781989329986,74.99666304671776,75.04278303062988,27124000,GOOGL
2020-07-28,74.56621551513672,75.67504727423581,74.41099662396583,75.62496226274747,30910000,GOOGL
2020-07-29,75.55106353759766,76.03803598682765,74.53446428373476,74.63315119222594,22676000,GOOGL
2020-07-30,76.28797912597656,76.41294572195511,74.14568165173718,74.28453342504669,36042000,GOOGL
2020-07-31,73.78764343261719,74.63414743431856,72.10405616294213,74.2389154953102,91468000,GOOGL
2020-08-03,73.5302734375,74.27263483646993,72.982796377369,73.93889871670713,45482000,GOOGL
2020-08-04,73.0611572265625,74.0435393333621,72.6014556409733,73.72616272675874,37212000,GOOGL
2020-08-05,73.34827423095703,73.88930432200833,72.95799858052132,73.23570970460068,29134000,GOOGL
2020-08-06,74.63068389892578,74.69614476480311,72.991733291416,73.2024929142667,33306000,GOOGL
2020-08-07,74.30437469482422,75.3814709934715,73.70433072116582,74.83350211063035,27718000,GOOGL
2020-08-10,74.2275161743164,74.73977711058357,73.26893187451145,73.92898105188225,20546000,GOOGL
2020-08-11,73.4201889038086,74.90293686647448,73.30365176800044,74.08766876140056,31098000,GOOGL
2020-08-12,74.74423217773438,74.96392064558853,73.64134809525314,73.74648196265801,22512000,GOOGL
2020-08-13,75.21087646484375,76.21855444545622,74.79233862250962,74.79233862250962,22388000,GOOGL
2020-08-14,74.61479949951172,75.36658911360824,74.33560529912201,75.06011640568661,21942000,GOOGL
2020-08-17,75.1905517578125,75.56446789757864,74.63316208489026,75.17716599131961,19990000,GOOGL
2020-08-18,77.1513442993164,77.23019092166476,75.45982697689634,75.68049915036515,28378000,GOOGL
2020-08-19,76.59741973876953,77.79998205796244,76.36880993674055,76.98818722838891,30472000,GOOGL
2020-08-20,78.16645812988281,78.36085063108287,76.0940857567351,76.36732488551415,26382000,GOOGL
2020-08-21,78.13274383544922,78.94155742131991,77.47517655139052,77.94578197707564,34838000,GOOGL
2020-08-24,78.60780334472656,79.7796215208328,78.10644628557537,78.97080047471435,25638000,GOOGL
2020-08-25,79.63433074951172,79.7845857885125,78.2472884005145,78.35737857337155,25150000,GOOGL
2020-08-26,81.53262329101562,81.96208008160359,79.39281538968537,79.65663374936909,52188000,GOOGL
2020-08-27,80.75853729248047,81.72405283891463,80.27701291660559,81.65561820356022,31350000,GOOGL
2020-08-28,81.299560546875,81.3947742823975,80.61423049630892,80.80564922534911,22418000,GOOGL
2020-08-31,80.80863189697266,81.55099341484878,80.6003541922264,81.50487342900215,26422000,GOOGL
2020-09-01,82.07563781738281,82.280941701102,80.80861351008971,80.93903580626339,22652000,GOOGL
2020-09-02,85.16561889648438,85.59755015191129,82.3290619784215,82.71685576471795,49522000,GOOGL
2020-09-03,80.80763244628906,84.30323947854686,79.72656344056428,84.27943415274483,63726000,GOOGL
2020-09-04,78.41242980957031,81.07938305548198,76.26814951914791,79.7905357444449,55850000,GOOGL
2020-09-08,75.5555419921875,77.13994312238728,75.20344864833461,75.62496788954304,54032000,GOOGL
2020-09-09,76.72734832763672,77.29713244236171,75.63338552792708,76.81015997905173,39242000,GOOGL
2020-09-10,75.6770248413086,78.0380120006391,75.37700663755594,76.87363960393168,33024000,GOOGL
2020-09-11,75.16675567626953,76.30434911532208,74.03907481748664,75.78117674902929,30706000,GOOGL
2020-09-14,74.82308197021484,77.21183946322891,74.63860963235427,75.95472771220844,42660000,GOOGL
2020-09-15,76.1268081665039,76.91380642864527,75.48115117831345,75.76827546976736,23042000,GOOGL
2020-09-16,74.98475646972656,77.08142606699325,74.95995988574093,76.49180158810144,22128000,GOOGL
2020-09-17,73.74251556396484,74.31875423371972,72.52359367520403,73.68151914994446,40008000,GOOGL
2020-09-18,71.95974731445312,74.14717354274497,70.99423184511045,73.80500039329375,63056000,GOOGL
2020-09-21,70.92085266113281,71.41278150456299,69.55910621020328,70.99424359270485,56908000,GOOGL
2020-09-22,72.39266967773438,72.59847297958909,70.88909790425686,71.92156489906783,33950000,GOOGL
2020-09-23,69.89183044433594,72.05842484061942,69.55908563863417,72.00933109660266,37726000,GOOGL
2020-09-24,70.55982208251953,71.31012111863477,69.53281074002145,69.55909799295081,34552000,GOOGL
2020-09-25,71.36318969726562,71.70436404875389,69.8070508636011,70.66843135233466,30326000,GOOGL
2020-09-28,72.33515167236328,73.04577770670436,71.72123004229934,72.99619210723424,30784000,GOOGL
2020-09-29,72.70014190673828,72.99668695835517,72.1040628957375,72.59550743432801,31816000,GOOGL
2020-09-30,72.6792984008789,73.70085393963538,72.19133469589396,72.44820668393999,40924000,GOOGL
2020-10-01,73.78516387939453,74.14073037908443,73.23471303836575,73.57490368942042,32884000,GOOGL
2020-10-02,72.18340301513672,73.34530108822473,71.77428589367447,72.38325120895068,31222000,GOOGL
2020-10-05,73.53373718261719,73.6264689731756,72.4060565612274,72.5330056636508,21602000,GOOGL
2020-10-06,71.95629119873047,73.61755643574848,71.65825547079119,73.17025692104377,26096000,GOOGL
2020-10-07,72.35894012451172,72.84641193042906,71.07405821255635,72.36736959878746,36108000,GOOGL
2020-10-08,73.5634994506836,73.79160984769521,72.67186671262658,72.67186671262658,26076000,GOOGL
2020-10-09,74.90342712402344,74.97285301834012,73.74053771907792,74.03113521720735,32966000,GOOGL
2020-10-12,77.5882339477539,78.76996475880563,75.83819452463318,76.26963387133897,55344000,GOOGL
2020-10-13,77.71122741699219,78.60831596819463,77.29268950678924,78.20415508340002,39072000,GOOGL
2020-10-14,77.53119659423828,78.54333141599089,76.66138672902949,78.08462872761372,33174000,GOOGL
2020-10-15,77.13597106933594,77.92594312364784,76.42485320690311,76.59196719094011,31210000,GOOGL
2020-10-16,77.74246978759766,78.23886306630772,77.24458583838096,77.45137286175847,34194000,GOOGL
2020-10-19,75.87043762207031,78.54731865297327,75.5218250273045,78.150595991625,29734000,GOOGL
2020-10-20,76.91827392578125,78.04694597778177,75.40180813556019,75.53123918577117,41670000,GOOGL
2020-10-21,78.64945983886719,80.09501655041937,77.71468849305327,77.84907582540164,60322000,GOOGL
2020-10-22,79.67449188232422,80.00971867518831,78.22745200812956,78.6003693037984,30512000,GOOGL
2020-10-23,80.97970581054688,81.0362377810544,79.93483669697007,80.09055499720758,30548000,GOOGL
2020-10-26,78.5651626586914,80.81109596389342,77.7464289699495,80.08807542144447,35826000,GOOGL
2020-10-27,79.2886734008789,79.4433928628806,78.203147671929,78.7952539907842,25902000,GOOGL
2020-10-28,74.92078399658203,77.05365336346415,74.80573753596516,76.86521597799047,45174000,GOOGL
2020-10-29,77.20589447021484,78.78583097305014,75.20592187839175,75.22922779001276,55406000,GOOGL
2020-10-30,80.14311218261719,83.37689063114517,79.42207419697557,82.68857929063469,99878000,GOOGL
2020-11-02,80.55026245117188,82.23235921213355,80.050388434645,80.51158068776404,44228000,GOOGL
2020-11-03,81.6084976196289,82.27002983001302,79.9447507315101,80.86960946086896,31432000,GOOGL
2020-11-04,86.57695007324219,87.77603930665698,84.45201073795255,84.57995112111725,71342000,GOOGL
2020-11-05,87.40261840820312,88.85660464736164,86.33791656920567,87.79685909810694,39758000,GOOGL
2020-11-06,87.26525115966797,87.70015609543829,86.12219462200115,86.84918769044951,28622000,GOOGL
2020-11-09,87.34906005859375,90.09982356156625,87.15714949334874,89.06289964750782,53440000,GOOGL
2020-11-10,86.17378234863281,87.24790499621608,85.10263347510187,85.77954163133082,43022000,GOOGL
2020-11-11,86.64537811279297,87.42244865386503,86.43858355014122,86.70339318512825,31838000,GOOGL
2020-11-12,86.42668914794922,87.52560837715443,86.18617665930869,86.38602486876236,26474000,GOOGL
2020-11-13,87.8866195678711,88.12812330500522,86.08749390814062,86.68356532652022,29744000,GOOGL
2020-11-16,87.9743881225586,88.98156668140368,87.34459128225902,87.48394246884763,25468000,GOOGL
2020-11-17,87.3609619140625,88.12861930166262,87.25335367641775,87.66841834553581,21314000,GOOGL
2020-11-18,86.31857299804688,87.52659102492422,86.21592105216274,87.11201820971709,20108000,GOOGL
2020-11-19,87.20773315429688,87.4517188316341,85.79193672214883,85.9511206538615,20106000,GOOGL
2020-11-20,86.10731506347656,87.69320654241716,86.03888043804935,87.37781251074621,27694000,GOOGL
2020-11-23,85.6699447631836,86.58389223770376,84.80807238631498,86.29775917426349,22530000,GOOGL
2020-11-24,87.47203826904297,87.59997863727754,85.33123148878767,85.66695766916568,27984000,GOOGL
2020-11-25,87.48343658447266,87.79337490877796,86.7014022627697,87.66593396009755,19600000,GOOGL
2020-11-27,88.61857604980469,89.1139856384809,87.50378908073866,87.50378908073866,14790000,GOOGL
2020-11-30,87.00093078613281,88.28729593403301,86.67561660708266,88.05472111529265,32418000,GOOGL
2020-12-01,89.03214263916016,90.33933938625974,87.42889272522542,87.6089081843694,37350000,GOOGL
2020-12-02,90.5005111694336,90.88583053694929,88.52682579597574,89.03214790983743,29424000,GOOGL
2020-12-03,90.34529113769531,91.43577314265566,90.10527053443715,90.28082154312534,24728000,GOOGL
2020-12-04,90.44050598144531,90.72514832522789,89.93616760104676,90.26495497057907,20544000,GOOGL
2020-12-07,90.10677337646484,90.71474746268916,89.41300629000888,90.03337488446918,22288000,GOOGL
2020-12-08,89.8240966796875,90.05419714492693,88.82981962250061,89.68475306209454,19936000,GOOGL
2020-12-09,88.16432189941406,90.66912483380474,87.3778230247118,89.77600140990651,31728000,GOOGL
2020-12-10,87.65800476074219,88.02199315546525,85.96598802674157,87.40757214922617,28688000,GOOGL
2020-12-11,88.01258087158203,88.13705563756427,86.91862549969234,87.27864889730141,18628000,GOOGL
2020-12-14,86.89481353759766,88.75642621466821,86.7395946512999,87.81025159464944,33050000,GOOGL
2020-12-15,87.33219909667969,87.47699842212751,86.36965738505812,87.27169452904377,21352000,GOOGL
2020-12-16,87.1392822265625,87.73039727323327,86.73612025973473,87.73039727323327,24676000,GOOGL
2020-12-17,86.31212615966797,87.61139288477847,85.84796774736196,87.4735323654879,34880000,GOOGL
2020-12-18,85.60348510742188,86.7014130032397,85.04708672490963,86.59281350662172,85256000,GOOGL
2020-12-21,86.0170669555664,86.13806852719698,84.00569107154372,84.75599010453729,33974000,GOOGL
2020-12-22,85.30594635009766,85.9203673555766,84.58986465657318,85.75771025470374,20370000,GOOGL
2020-12-23,85.70317077636719,86.49066096594188,85.35455062268282,85.4899367962746,22974000,GOOGL
2020-12-24,85.99723815917969,86.40635530459163,85.51075748898015,85.74134982606715,9312000,GOOGL
2020-12-28,87.9709243774414,88.61758023825367,86.37710257664094,86.53033139024102,27650000,GOOGL
2020-12-29,87.16755676269531,88.69046939494899,87.03614320674384,88.62898113815957,19726000,GOOGL
2020-12-30,86.10087585449219,87.66346156450165,85.69175873529313,87.52659230132683,21026000,GOOGL
2020-12-31,86.91365814208984,87.15466244553635,86.09293444461045,86.15145649430762,21070000,GOOGL
2021-01-04,85.59901428222656,87.40210462736596,84.65729668535373,87.27862871480643,37324000,GOOGL
2021-01-05,86.28931427001953,86.62553228807558,85.14130146810675,85.54744478278593,20360000,GOOGL
2021-01-06,85.43785858154297,86.48371900443895,84.10983770465201,84.31613287098162,46588000,GOOGL
2021-01-07,87.9897689819336,88.16233866820387,85.63026481011545,85.63026481011545,41936000,GOOGL
2021-01-08,89.1546401977539,89.23051304839001,87.33913991776798,88.12961137899272,35484000,GOOGL
2021-01-11,87.09465789794922,88.48764764784643,86.88886216525205,88.1226604372479,34796000,GOOGL
2021-01-12,86.15938568115234,87.67039562957231,85.11551546654566,86.55263508531978,29528000,GOOGL
2021-01-13,86.64637756347656,87.09963218216294,85.65804035537805,85.65804035537805,23432000,GOOGL
2021-01-14,85.83656311035156,87.65305472805,85.59605062771794,86.72670521887984,29212000,GOOGL
2021-01-15,85.67290496826172,86.66470765909816,84.88393179958005,85.74233085394611,31444000,GOOGL
2021-01-19,88.49211883544922,89.45267807678509,85.93128331929772,86.43561418775866,41660000,GOOGL
2021-01-20,93.23294067382812,94.20738515359416,90.22976177839239,90.56994488790521,64152000,GOOGL
2021-01-21,93.43524932861328,95.81210413081008,93.20019257350067,93.90636166357693,58634000,GOOGL
2021-01-22,93.85231018066406,94.43896084883245,93.05589117003073,93.79776072604933,32744000,GOOGL
2021-01-25,93.9375991821289,95.30331799676104,92.19599688493652,94.8530372036717,50586000,GOOGL
2021-01-26,94.6155014038086,95.00230386878823,93.03754741432294,93.5265024141675,31462000,GOOGL
2021-01-27,90.20147705078125,93.25275793882243,89.12735456548495,92.97703691453077,82512000,GOOGL
2021-01-28,91.90044403076172,93.62567923928557,90.79954240185926,90.79954240185926,55278000,GOOGL
2021-01-29,90.61902618408203,91.61975778123126,89.33960734800256,90.94929666786128,44530000,GOOGL
2021-02-01,93.87760925292969,94.99189672698161,91.47347570612914,91.47347570612914,40252000,GOOGL
2021-02-02,95.16943359375,96.66953234686342,94.53715474973095,94.87238913054661,66332000,GOOGL
2021-02-03,102.10014343261719,104.4675776467,99.85222011919001,102.43388711910048,97882000,GOOGL
2021-02-04,101.83980560302734,102.61687621970769,100.92089428767255,102.18643566787544,48596000,GOOGL
2021-02-05,103.58537292480469,103.93795810388866,101.65978991268837,102.13386851685974,29866000,GOOGL
2021-02-08,103.37162780761719,104.88313720480986,102.32181002045341,104.13928516789632,28828000,GOOGL
2021-02-09,102.91888427734375,104.06540659089865,102.6515926888036,102.88962324878285,21892000,GOOGL
2021-02-10,103.46883392333984,104.08375438993346,101.77086950936979,103.30320303558659,25102000,GOOGL
2021-02-11,103.58140563964844,103.84175084970272,102.59505853519615,103.69298648216022,20480000,GOOGL
2021-02-12,103.89282989501953,104.1144933325463,102.82861990262512,103.13608390402558,18990000,GOOGL
2021-02-16,104.66990661621094,106.37779106891139,103.73017139399565,103.73017139399565,31004000,GOOGL
2021-02-17,105.06266784667969,105.25210406830482,103.56157779925294,103.84076449120744,20294000,GOOGL
2021-02-18,104.42742156982422,105.22979581753432,103.80853600666798,104.38725669961877,22546000,GOOGL
2021-02-19,103.5843734741211,105.06067434938426,103.31758131898079,104.52559936877174,37938000,GOOGL
2021-02-22,101.87103271484375,103.1638524951323,101.56060251176662,101.83830606942489,29466000,GOOGL
2021-02-23,102.16162109375,102.77555020656679,98.69576750003357,99.874032566136,34658000,GOOGL
2021-02-24,103.33642578125,103.56007930549984,100.54549736259403,100.66996455548863,22608000,GOOGL
2021-02-25,99.97123718261719,103.29625677290161,99.50211491084727,101.95385140255122,41548000,GOOGL
2021-02-26,100.26679992675781,101.98311399374562,99.23036778781363,100.6655050872536,40042000,GOOGL
2021-03-01,102.63472747802734,102.96053353696968,100.88716997270484,101.5606048992847,26060000,GOOGL
2021-03-02,102.37785339355469,103.87845154552576,101.99055905326092,102.39570360453789,25564000,GOOGL
2021-03-03,99.74610137939453,102.94862875695728,98.88273085300933,101.75648597138567,33892000,GOOGL
2021-03-04,100.86286926269531,102.87920137299997,99.44954734195224,99.91767835282445,49216000,GOOGL
2021-03-05,103.99398803710938,104.44674319929116,100.55788705118852,102.21271269276662,53100000,GOOGL
2021-03-08,99.55220031738281,104.8206529765834,99.43764570827803,103.34882412283017,36868000,GOOGL
2021-03-09,101.1817398071289,102.35008494397798,100.94569176049765,101.64739650665258,33920000,GOOGL
2021-03-10,100.9749526977539,102.22511823828405,100.13886060476449,102.22511823828405,27100000,GOOGL
2021-03-11,104.16605377197266,104.69815490688714,101.97962660002626,102.06740210009748,27702000,GOOGL
2021-03-12,101.65977478027344,103.0289591680474,100.78798240311897,102.96945342859367,33818000,GOOGL
2021-03-15,101.87996673583984,101.90723768058707,100.5583928421277,101.41084443797796,26168000,GOOGL
2021-03-16,103.34040069580078,104.81768533806229,102.12047992122729,102.45273295151992,31900000,GOOGL
2021-03-17,103.25758361816406,104.08970309819375,101.36820045374888,102.57571917832706,26382000,GOOGL
2021-03-18,100.238525390625,102.58959237276454,100.13140900343207,101.56951989998234,31700000,GOOGL
2021-03-19,100.51721954345703,101.01708592464301,99.32556866080017,100.65458821260705,46072000,GOOGL
2021-03-22,100.70219421386719,101.57745981871109,99.87453168948488,100.55044851754279,33536000,GOOGL
2021-03-23,101.22982788085938,102.35949109317576,100.56879507536709,101.16139325256839,28510000,GOOGL
2021-03-24,100.7934341430664,102.53255438518828,100.61837498384067,101.74704687448738,25218000,GOOGL
2021-03-25,100.78997802734375,101.44357268903416,98.98638031979517,100.62087395330168,35616000,GOOGL
2021-03-26,100.40665435791016,101.1336399863924,99.371205870775,100.756757621596,27978000,GOOGL
2021-03-29,101.45101165771484,101.62061514543679,99.45054707058068,100.2792009272737,26492000,GOOGL
2021-03-30,101.48473358154297,102.28809141391507,100.97296449597272,101.80756587150155,27312000,GOOGL
2021-03-31,102.28065490722656,103.45792888550099,101.51101496662734,101.87798472633357,42570000,GOOGL
2021-04-01,105.61608123779297,105.91213441854954,103.71430370630291,103.7549679821722,39880000,GOOGL
2021-04-05,110.03852844238281,110.53592048261828,106.38125583923181,106.47746082606572,48510000,GOOGL
2021-04-06,109.55750274658203,110.48682596318324,109.18706739203486,109.63982255502079,35240000,GOOGL
2021-04-07,111.03382110595703,111.30507774335658,109.74794750975937,109.74794750975937,24134000,GOOGL
2021-04-08,111.59913635253906,112.658382510487,111.23117534122576,112.27207187647824,28664000,GOOGL
2021-04-09,112.60284423828125,112.76649260885407,110.94603596033518,111.35168748380296,26146000,GOOGL
2021-04-12,111.3110122680664,111.91947814319695,110.4778940603642,111.78211703998792,25024000,GOOGL
2021-04-13,111.79749298095703,112.24579128521644,111.23315696050524,111.6269058095295,25682000,GOOGL
2021-04-14,111.17662048339844,112.44216174007808,110.88453990540746,112.44216174007808,21002000,GOOGL
2021-04-15,113.32586669921875,113.85896676847962,111.63583989984983,112.17042307269293,29174000,GOOGL
2021-04-16,113.20187377929688,113.77166544008382,112.61522316816087,113.52371477354995,26282000,GOOGL
2021-04-19,113.54951477050781,114.26014079100582,112.57854354901255,112.57854354901255,30290000,GOOGL
2021-04-20,113.01641845703125,114.00772178331093,111.93089265988128,113.9328401922627,22288000,GOOGL
2021-04-21,112.98368835449219,113.06550874851278,111.32092512104474,112.67126807997798,23204000,GOOGL
2021-04-22,111.7027816772461,113.50587995571698,111.09778136352259,112.83740129654701,24146000,GOOGL
2021-04-23,114.05384063720703,114.36080521624167,112.13569603609702,112.4208378072845,29066000,GOOGL
2021-04-26,114.54974365234375,115.27376298428891,113.92441123580916,114.28146082870616,32038000,GOOGL
2021-04-27,113.61002349853516,114.97226168999597,113.37099411833077,114.93159741163268,44386000,GOOGL
2021-04-28,116.98512268066406,120.57247005777245,116.69650771409113,118.6444052488308,81106000,GOOGL
2021-04-29,118.65728759765625,119.22261481345136,117.71953497051605,118.48223600136917,41234000,GOOGL
2021-04-30,116.71038818359375,118.1162643027293,116.36623251844566,117.43043490062821,44856000,GOOGL
2021-05-03,116.19366455078125,118.10139729687744,115.81777346888248,117.2762166409626,28242000,GOOGL
2021-05-04,114.3960189819336,115.29657305551342,111.9090738290094,114.72926326113381,44818000,GOOGL
2021-05-05,114.7897720336914,115.79297809431026,114.46793099267961,115.47709216813345,26636000,GOOGL
2021-05-06,115.90950775146484,115.90950775146484,113.71216888819075,114.371219210084,25190000,GOOGL
2021-05-07,116.63253021240234,117.59061507127338,116.34639717350244,117.22563540770174,28898000,GOOGL
2021-05-10,113.648193359375,115.59460767080654,113.290644369783,115.45277455769148,30914000,GOOGL
2021-05-11,112.57258605957031,113.07939883944981,110.78039927471382,111.23415327092532,34186000,GOOGL
2021-05-12,109.1107177734375,111.47766057171206,108.781937883842,110.39709084619064,46376000,GOOGL
2021-05-13,110.53839874267578,111.05413282086089,109.43154201842614,110.39359185483993,33204000,GOOGL
2021-05-14,112.98517608642578,113.29957888960938,111.577809256897,112.00131096781348,31996000,GOOGL
2021-05-17,113.50786590576172,113.55051270106033,111.85105758223382,112.2507540019044,21598000,GOOGL
2021-05-18,112.19620513916016,114.43818107942103,112.1823199599926,114.17386326279856,22204000,GOOGL
2021-05-19,112.64399719238281,112.81706629241613,110.35988157512777,110.50815409240448,23684000,GOOGL
2021-05-20,114.40196990966797,114.65239495545593,113.24007185238473,113.61100662106799,32352000,GOOGL
2021-05-21,113.76622772216797,114.99408615470026,113.52670649294609,114.92068766087792,40632000,GOOGL
2021-05-24,117.08430480957031,117.30795076933327,114.65041840397706,114.79571714938808,31832000,GOOGL
2021-05-25,117.17504119873047,118.22287643220353,116.78476557290928,117.6277963375595,22440000,GOOGL
2021-05-26,118.03990173339844,118.47034224534134,117.35307349417839,117.35604726795344,21572000,GOOGL
2021-05-27,117.16563415527344,118.47332287279623,116.84726630527486,118.47332287279623,35224000,GOOGL
2021-05-28,116.87651824951172,117.82963927117555,116.67816071964592,117.74781887099097,21482000,GOOGL
2021-06-01,118.08304595947266,118.3076907432192,116.74907000230994,117.74881041841671,23354000,GOOGL
2021-06-02,117.5578842163086,118.70093322748687,116.65384943203411,118.47827097273424,21158000,GOOGL
2021-06-03,116.41681671142578,116.88494774617168,115.52121891925472,116.3250761646754,18696000,GOOGL
2021-06-04,118.69746398925781,118.96822874582733,117.15223662042179,117.49242726754059,24458000,GOOGL
2021-06-07,119.13038635253906,119.2399846738455,118.07412155900927,118.49265941789501,24120000,GOOGL
2021-06-08,118.93896484375,119.98432577535812,118.757466274763,119.61190790368995,24240000,GOOGL
2021-06-09,119.41007232666016,119.65504166013505,118.86259530140607,119.58314141281689,17942000,GOOGL
2021-06-10,120.75843048095703,120.801576684723,119.20378241102719,119.35949314078805,25904000,GOOGL
2021-06-11,120.51395416259766,121.08522897452744,119.95655696176605,120.99993539094038,21958000,GOOGL
2021-06-14,121.44178771972656,121.44227956527116,119.90895486343989,120.61610768688743,22098000,GOOGL
2021-06-15,120.42420959472656,121.76908949058003,120.06368677320248,121.44625717538425,21562000,GOOGL
2021-06-16,119.7824935913086,120.88686840654948,118.49067266185558,120.5754393849675,26472000,GOOGL
2021-06-17,120.74554443359375,121.51815815207105,119.51223788888802,119.70812106140869,25842000,GOOGL
2021-06-18,119.12641906738281,120.60618554839238,119.03120533837755,120.37212004101573,46116000,GOOGL
2021-06-21,120.81398010253906,120.99994312989033,118.91566806650118,119.51273832350716,27414000,GOOGL
2021-06-22,121.32772064208984,121.39665468442757,120.07160770069062,120.75198140176597,22390000,GOOGL
2021-06-23,121.12590026855469,122.08645953120904,120.83580218507122,121.0926742086513,19148000,GOOGL
2021-06-24,121.495849609375,122.04679234158628,121.2974920653263,121.6942071534237,21362000,GOOGL
2021-06-25,121.50426483154297,121.62774832820787,120.5685022175003,120.99993398696205,34594000,GOOGL
2021-06-28,121.53153991699219,121.77849933650862,120.41030616677962,121.6728660523082,28526000,GOOGL
2021-06-29,121.27020263671875,122.0125716067318,120.69347211365788,121.66494274006068,23108000,GOOGL
2021-06-30,121.08869171142578,121.25482198698087,120.35971614839114,120.99446924769488,24474000,GOOGL
2021-07-01,121.44078826904297,121.58211440160566,120.53527041512392,120.72718096682148,18110000,GOOGL
2021-07-02,124.2307357788086,124.37603452212761,122.05075521661516,122.14051324667714,25982000,GOOGL
2021-07-06,125.15557861328125,125.39162661449004,123.5612501052931,124.61851360498521,26404000,GOOGL
2021-07-07,125.43726348876953,126.240621316996,125.1188956447412,126.11962731057842,24060000,GOOGL
2021-07-08,124.01898956298828,124.56596723994673,123.00537150808182,123.00933654007592,23790000,GOOGL
2021-07-09,124.4896011352539,124.70382636334314,123.53052498165191,124.00014669515204,18632000,GOOGL
2021-07-12,125.93463897705078,126.02787018136053,124.58132232837067,125.14367576087542,17668000,GOOGL
2021-07-13,126.29764556884766,127.00777214039663,125.63611333534345,125.99712795199184,19240000,GOOGL
2021-07-14,127.18579864501953,128.266375645742,126.86594016488215,126.90908636567568,23742000,GOOGL
2021-07-15,125.96390533447266,127.64501069030976,125.49280054236102,127.59443383506836,24218000,GOOGL
2021-07-16,125.92919158935547,126.763792905859,125.11938685402984,126.61651165592089,20424000,GOOGL
2021-07-19,123.55681610107422,125.17047821898709,122.4926060326798,125.05592359959856,27968000,GOOGL
2021-07-20,125.1749267578125,126.00159043894895,123.33116437738677,124.49851053248894,26312000,GOOGL
2021-07-21,126.50345611572266,126.55006794062126,124.99045595333612,125.09955486427575,20746000,GOOGL
2021-07-22,127.3687973022461,127.42980128632463,126.45386617760096,126.7960393554764,14302000,GOOGL
2021-07-23,131.92465209960938,132.30550704776215,128.73650906326645,129.36133455179797,41506000,GOOGL
2021-07-26,132.936279296875,133.13661932706722,131.2169841004671,132.23557346986715,30572000,GOOGL
2021-07-27,130.81875610351562,133.29727889774745,129.03748857228877,133.14999766536482,54710000,GOOGL
2021-07-28,134.97840881347656,137.16335335815197,134.16860398036314,135.1946241311871,95130000,GOOGL
2021-07-29,134.6644744873047,135.5407312408076,134.43189968224377,135.0339185360519,31716000,GOOGL
2021-07-30,133.62210083007812,134.19536566595704,133.1544692717714,133.92807412606015,25576000,GOOGL
2021-08-02,133.7490692138672,134.22711280471987,132.6972613245468,134.00941440487134,21634000,GOOGL
2021-08-03,134.51821899414062,134.61937271017896,132.22665752851483,134.02726631580427,20762000,GOOGL
2021-08-04,134.01783752441406,134.53754419070725,133.38456751331833,134.24000035779645,19676000,GOOGL
2021-08-05,135.1345977783203,135.2323009960872,133.74061681615711,134.56827929751879,17870000,GOOGL
2021-08-06,134.6257781982422,135.35376994829298,134.101622322161,134.92680272635337,20488000,GOOGL
2021-08-09,135.79067993164062,136.05946972764093,134.23007678129167,134.8281458060164,17760000,GOOGL
2021-08-10,135.68556213378906,136.64314754338798,135.246684585336,136.21616508986884,19414000,GOOGL
2021-08-11,135.16189575195312,136.55387918721985,135.15444996704406,136.05699411421284,15352000,GOOGL
2021-08-12,136.0693817138672,136.1745155860973,134.31538491071916,134.86086429616063,16506000,GOOGL
2021-08-13,136.5985107421875,136.72646625528014,135.90971509193332,136.12493157350525,15948000,GOOGL
2021-08-16,137.17576599121094,137.22834050741238,134.18994510794082,136.39769644559638,22384000,GOOGL
2021-08-17,135.541259765625,137.13211535901215,134.96651172789996,136.62083810095478,21716000,GOOGL
2021-08-18,134.3386993408203,135.98063113741676,134.21224206544025,135.38107897385382,19258000,GOOGL
2021-08-19,134.56781005859375,135.23479811345257,133.1495391773479,133.33351970472108,21782000,GOOGL
2021-08-20,136.30294799804688,136.42642391817594,134.14130974243275,134.8851617373076,31194000,GOOGL
2021-08-23,138.89356994628906,139.7197343782352,136.47951599303877,136.8385481592107,28454000,GOOGL
2021-08-24,140.10354614257812,140.9153334065435,139.1881081082897,139.45886528917006,19268000,GOOGL
2021-08-25,140.91433715820312,141.02393547801682,140.21711205572637,140.4640639174662,15848000,GOOGL
2021-08-26,140.28109741210938,141.2500786299819,140.19827061437374,140.58805446280763,20610000,GOOGL
2021-08-27,142.8235626220703,143.3278934785733,140.3371093469741,140.49133697664018,28780000,GOOGL
2021-08-30,143.40524291992188,144.77393543856923,142.98124183306933,143.21629858007987,24434000,GOOGL
2021-08-31,143.51136779785156,143.98148131585134,143.0982932268432,143.9571917138558,22448000,GOOGL
2021-09-01,144.025146484375,145.05513168478024,143.6958672121198,143.81141309150524,21936000,GOOGL
2021-09-02,142.11244201660156,144.32663982177834,142.01127317307444,144.02563035315396,32342000,GOOGL
2021-09-03,142.56121826171875,142.97330911300233,141.23319004017313,141.90762370846002,19850000,GOOGL
2021-09-07,143.09780883789062,143.37997686078998,142.44173224208836,142.65546562838,20124000,GOOGL
2021-09-08,142.5131378173828,143.2163256757529,141.8278077374024,142.91879692732815,18344000,GOOGL
2021-09-09,142.36436462402344,143.12755759724692,142.0038493948319,142.66140907531098,15314000,GOOGL
2021-09-10,139.72122192382812,143.5322230716602,139.5843526495749,143.03035897692502,36840000,GOOGL
2021-09-13,141.16578674316406,141.77821775342676,140.09215589506022,140.7859154673757,22094000,GOOGL
2021-09-14,141.37600708007812,142.18780941142742,140.58802520414704,141.8233140691481,19674000,GOOGL
2021-09-15,143.24559020996094,143.2664141950181,140.18885318248124,141.60117640739975,27408000,GOOGL
2021-09-16,142.4327850341797,143.1171313122396,141.23419535655154,142.77049372933465,26190000,GOOGL
2021-09-17,139.6458282470703,142.27409944382737,139.31853152816512,141.8580435231661,53384000,GOOGL
2021-09-20,137.58238220214844,137.86058517975945,135.20454353336754,137.02895758765368,46518000,GOOGL
2021-09-21,137.89329528808594,138.8637744931468,137.14447948403443,138.60391361660336,25332000,GOOGL
2021-09-22,139.13356018066406,139.73211352931875,137.41576307062647,138.1620970935906,25056000,GOOGL
2021-09-23,140.0584259033203,140.534986416547,139.25060362210317,139.83179860304818,20952000,GOOGL
2021-09-24,141.0492401123047,141.16380230179908,139.09142223509036,139.38648419130865,22984000,GOOGL
2021-09-27,139.9156036376953,140.77500156753678,138.91933644415815,139.65029458618613,21882000,GOOGL
2021-09-28,134.71658325195312,137.95630206318702,134.25043470064762,137.5184232831249,45772000,GOOGL
2021-09-29,133.25216674804688,136.02673545516842,132.7676762055498,135.85713198450668,30848000,GOOGL
2021-09-30,132.5802001953125,134.43140060858275,132.46118872527043,133.1609107915046,37996000,GOOGL
2021-10-01,135.4237060546875,135.78820139147504,132.9739523429522,133.34537891761596,35360000,GOOGL
2021-10-04,132.56385803222656,134.845991044881,129.97575169598792,134.845991044881,51202000,GOOGL
2021-10-05,134.90797424316406,136.09963269834668,132.9422266108893,132.9422266108893,32404000,GOOGL
2021-10-06,136.43736267089844,136.62084377835407,133.44707765743206,133.64543520241895,24364000,GOOGL
2021-10-07,138.08375549316406,138.89405973958108,137.51445558203253,137.75347740127893,25110000,GOOGL
2021-10-08,138.63966369628906,139.180678709359,138.0763113266695,138.43286154368056,26526000,GOOGL
2021-10-11,137.77529907226562,139.55856466782143,137.72074204736637,138.15020647249565,17954000,GOOGL
2021-10-12,135.33047485351562,138.36340580085997,134.64711234520846,138.33661914069603,36332000,GOOGL
2021-10-13,136.45420837402344,136.86878120226152,135.39991852664056,136.27617541967604,19654000,GOOGL
2021-10-14,139.99395751953125,140.17892171906655,137.68702021920703,138.33070229242213,31894000,GOOGL
2021-10-15,140.20916748046875,140.55630449662968,139.60120099035484,140.4536525487432,30274000,GOOGL
2021-10-18,141.6076202392578,141.62547801674657,139.91312902751054,139.92007540027947,20396000,GOOGL
2021-10-19,142.0628662109375,142.48488486692986,141.43109432493534,142.2121299993637,20164000,GOOGL
2021-10-20,140.60687255859375,142.3693139266215,140.2175881873202,142.163011218959,23288000,GOOGL
2021-10-21,140.72291564941406,140.99070660858933,139.34827557059145,140.6068703781535,26292000,GOOGL
2021-10-22,136.4387969970703,139.4305640446068,134.9406812517849,138.0093123880387,50588000,GOOGL
2021-10-25,136.3203125,136.86877322103567,134.31388545894404,136.42246503075222,34412000,GOOGL
2021-10-26,138.16656494140625,138.93470665883544,137.17079709217552,138.12193563067672,49236000,GOOGL
2021-10-27,145.01890563964844,147.43146079079884,138.26224995262072,138.26224995262072,85782000,GOOGL
2021-10-28,144.6534423828125,145.9517179093353,143.44145926717053,145.92841199689116,36206000,GOOGL
2021-10-29,146.8324432373047,147.026835739547,143.46378537419665,143.88877021249704,43320000,GOOGL
2021-11-01,142.32070922851562,146.8324309481015,142.05143515277334,146.8324309481015,46924000,GOOGL
2021-11-02,144.24034118652344,145.40719548804785,143.15233350459803,143.39433663204673,33482000,GOOGL
2021-11-03,145.39630126953125,145.46671841466951,143.40574947129778,144.7045091916116,27494000,GOOGL
2021-11-04,147.05213928222656,148.50612573337082,145.1086983387751,145.9185032328249,38412000,GOOGL
2021-11-05,147.6318359375,149.0952354055238,146.9822063116092,147.94672303683166,38354000,GOOGL
2021-11-08,147.80934143066406,149.38035641071258,147.21375439543775,148.59682386943936,23052000,GOOGL
2021-11-09,147.69778442382812,148.60627612949312,146.03799485146035,148.00970530712945,19530000,GOOGL
2021-11-10,144.69757080078125,146.85624308458767,143.35269859682205,146.29090824279103,29970000,GOOGL
2021-11-11,144.57159423828125,146.3261054565842,144.40695463692256,145.28867468971785,16518000,GOOGL
2021-11-12,147.459228515625,147.62983079980015,144.21901094660146,145.4136355459288,22360000,GOOGL
2021-11-15,147.23509216308594,148.32359927216987,146.36528227383033,147.67991725355816,23508000,GOOGL
2021-11-16,146.66384887695312,147.54307207632556,146.10496093518637,146.93510551026554,18904000,GOOGL
2021-11-17,146.83340454101562,147.34170037420662,146.033028153426,146.8140636628539,19594000,GOOGL
2021-11-18,148.61024475097656,149.3461667867612,146.67226728662533,147.0263355590037,35608000,GOOGL
2021-11-19,147.70571899414062,149.7290051929881,147.67844804906963,148.7461161421964,33682000,GOOGL
2021-11-22,145.10272216796875,148.6013025990791,144.94949337082977,148.10838258410493,30594000,GOOGL
2021-11-23,144.5869903564453,145.45779912839131,142.93366287312807,144.95495136652673,27218000,GOOGL
2021-11-24,144.92222595214844,145.05066575153023,143.18955232530504,144.28102578011982,18040000,GOOGL
2021-11-26,141.01748657226562,143.3725186493825,140.67977786294543,143.16523224151518,30470000,GOOGL
2021-11-29,144.33755493164062,145.0982659592094,142.7139652055701,142.81959849591408,32596000,GOOGL
2021-11-30,140.7343292236328,144.80319311094968,140.44075042064517,143.81981989380787,42068000,GOOGL
2021-12-01,139.895263671875,144.75410739029755,139.75691130496085,142.8195956469263,34020000,GOOGL
2021-12-02,141.7940673828125,142.68520065080236,139.06511173639353,140.09213056944827,29194000,GOOGL
2021-12-03,140.83749389648438,143.21633168228553,139.15093259281727,142.5032312136305,41230000,GOOGL
2021-12-06,141.98150634765625,142.67328324398704,139.0011345584632,141.8679430077585,30618000,GOOGL
2021-12-07,146.06228637695312,146.32164786424076,144.03701790710437,144.40299636708085,32240000,GOOGL
2021-12-08,146.97177124023438,147.17659085728474,145.20587927665102,146.38661124962783,24270000,GOOGL
2021-12-09,146.42828369140625,147.8778055616714,145.9090763713213,146.38117245241173,23270000,GOOGL
2021-12-10,146.78831481933594,147.7563124081406,145.5014499291834,147.48109073076458,24458000,GOOGL
2021-12-13,144.63113403320312,146.75705697342113,144.32466128723686,146.5700951293805,27070000,GOOGL
2021-12-14,142.7273712158203,143.29567231486587,140.05743659724035,142.78787579064948,38446000,GOOGL
2021-12-15,145.2406005859375,145.51830418302902,140.51664296060125,142.23345653906728,36370000,GOOGL
2021-12-16,143.26097106933594,146.4664725789084,142.42982768319294,145.96412418925743,33650000,GOOGL
2021-12-17,140.563232421875,142.655437143821,140.141713281487,141.33187339915958,50416000,GOOGL
2021-12-20,140.44618225097656,140.6123200789598,138.17892603861466,138.85236083615757,27192000,GOOGL
2021-12-21,142.29641723632812,142.68966664568237,139.35076199155114,140.88904290220043,28756000,GOOGL
2021-12-22,145.21481323242188,145.2991231367607,141.89476456543952,141.89476456543952,26322000,GOOGL
2021-12-23,145.71218872070312,147.028306818594,145.25148836497797,145.29909901208103,26384000,GOOGL
2021-12-27,146.69406127929688,147.12797496363228,145.96310316847794,146.0488961608223,15976000,GOOGL
2021-12-28,145.48455810546875,147.08334356217858,144.8572507717245,147.0208564815043,18200000,GOOGL
2021-12-29,145.45285034179688,146.20861273327162,144.45361680844815,145.44243834865856,17788000,GOOGL
2021-12-30,145.0020751953125,146.09256498744182,144.7977701008214,145.49152966687038,15688000,GOOGL
2021-12-31,143.6645965576172,145.49595668614006,143.6645965576172,144.85277414670412,18136000,GOOGL
2022-01-03,143.80296325683594,144.65541477911893,142.53494010406916,143.86593461715796,28646000,GOOGL
2022-01-04,143.21585083007812,145.28425084886646,142.53845076978192,144.20417299307056,28400000,GOOGL
2022-01-05,136.6456298828125,143.3150106060316,136.55935260045507,143.23616397542605,54618000,GOOGL
2022-01-06,136.61837768554688,138.79291054796835,135.4391285505766,135.87552428035772,37348000,GOOGL
2022-01-07,135.8938446044922,137.31361360301065,134.6535916733449,137.01308839091683,29760000,GOOGL
2022-01-10,137.53280639648438,137.68158591115076,132.0729417434719,133.9707545272893,44408000,GOOGL
2022-01-11,138.59056091308594,139.06663719581033,135.5720211712193,136.87574497844983,28730000,GOOGL
2022-01-12,140.27114868164062,141.4390018146242,139.54118939726052,139.9929457226333,26108000,GOOGL
2022-01-13,137.45098876953125,141.67904485341882,137.27443890098434,140.37977039221903,31436000,GOOGL
2022-01-14,138.337158203125,139.5883225969847,135.8755088296192,135.95533915327124,29662000,GOOGL
2022-01-18,134.8831787109375,136.00738617411443,134.32827105727515,135.0587297181779,34872000,GOOGL
2022-01-19,134.00894165039062,136.82863968515622,133.90877161248727,135.40440607477944,28648000,GOOGL
2022-01-20,132.21473693847656,136.49784887181025,131.8745463034307,135.1331212999803,29908000,GOOGL
2022-01-21,129.28298950195312,133.7599798995472,129.02016235439484,131.5066158303364,55652000,GOOGL
2022-01-24,129.73178100585938,130.1275124017033,123.47945498392451,124.94533645029941,76622000,GOOGL
2022-01-25,125.89447021484375,128.33827648727342,125.46353788467837,127.68468191395709,46960000,GOOGL
2022-01-26,128.1736297607422,131.9097485375021,126.09976709115335,130.04417107706672,49130000,GOOGL
2022-01-27,127.947509765625,131.56510157140477,127.87559438564548,130.2276601350221,31950000,GOOGL
2022-01-28,132.2578887939453,132.26335206297418,127.43177919070502,128.59615164447928,34362000,GOOGL
2022-01-31,134.1943817138672,134.36250208787934,131.12574979400958,133.06224407236246,39986000,GOOGL
2022-02-01,136.51568603515625,136.66346669345492,133.2670388818161,136.466592286511,68644000,GOOGL
2022-02-02,146.7868194580078,150.3042417927189,144.32963459516995,150.01017866907893,123200000,GOOGL
2022-02-03,141.9170379638672,148.44806509169965,141.49601822201203,144.5111067615448,71518000,GOOGL
2022-02-04,142.11839294433594,143.68742564570832,139.36316498296367,142.26865554288074,57998000,GOOGL
2022-02-07,138.05995178222656,143.06756034988416,137.76140907718417,143.06756034988416,54974000,GOOGL
2022-02-08,138.25631713867188,138.8523885484705,135.8908729676065,137.8868730262489,54284000,GOOGL
2022-02-09,140.43133544921875,141.35620183871598,139.03785374463664,139.80799308806806,40144000,GOOGL
2022-02-10,137.4836883544922,140.3247091861647,136.8261287196153,138.55831786227063,39330000,GOOGL
2022-02-11,133.1817626953125,138.01580259283259,132.30648944702975,137.46387619119915,39958000,GOOGL
2022-02-14,134.4150390625,135.18269632695234,132.1641423533614,132.1641423533614,34302000,GOOGL
2022-02-15,135.48867797851562,136.9763819585665,134.70812674785273,136.44278256655178,26680000,GOOGL
2022-02-16,136.6089324951172,136.95407185843112,133.81798904852437,135.5263729022058,25022000,GOOGL
2022-02-17,131.45254516601562,135.98954027468156,131.39254001045595,135.12617731893766,38950000,GOOGL
2022-02-18,129.33407592773438,132.9710246170274,129.12927140955992,132.37295547095957,45620000,GOOGL
2022-02-22,128.7493896484375,131.09697591573786,127.17241181915688,128.77367925061782,44990000,GOOGL
2022-02-23,126.54212188720703,130.96853484878528,126.4821167334988,130.56933788926054,32786000,GOOGL
2022-02-24,131.60330200195312,131.90977476291786,123.92923223959937,123.92923223959937,54456000,GOOGL
2022-02-25,133.3572998046875,134.16264009522365,130.67149031409218,132.45723763350745,36406000,GOOGL
2022-02-28,133.94992065429688,134.63871633436403,131.50561460625966,131.95936863524972,38864000,GOOGL
2022-03-01,132.9625701904297,135.13858587625842,132.1264932248051,133.77287444721637,26496000,GOOGL
2022-03-02,133.46839904785156,134.15372912259033,131.9806947822643,133.52443917740345,23520000,GOOGL
2022-03-03,132.80189514160156,135.32106741558047,131.93505144439177,134.8950837847723,24604000,GOOGL
2022-03-04,130.8252410888672,132.75430495921202,129.26910212432648,131.83788309122372,30430000,GOOGL
2022-03-07,125.34254455566406,130.6551346655655,125.25972533418172,130.41016532100002,45112000,GOOGL
2022-03-08,126.0625991821289,130.1741178832379,124.64432087127925,125.21510386863837,40428000,GOOGL
2022-03-09,132.32630920410156,132.63922887603567,128.83565901257037,130.17409924594682,37026000,GOOGL
2022-03-10,131.34396362304688,132.17955633727135,129.83940035172492,130.19000303239358,27102000,GOOGL
2022-03-11,128.80593872070312,132.69876817612587,128.5688993986971,132.39427790231107,31526000,GOOGL
2022-03-14,124.91854858398438,129.34000556632407,124.2480949884942,129.18231231398767,38812000,GOOGL
2022-03-15,128.13894653320312,128.79007444618782,124.68995111051669,125.93516041311607,30920000,GOOGL
2022-03-16,132.18797302246094,132.240032982956,127.67923236827228,129.66135482928354,35576000,GOOGL
2022-03-17,132.7418975830078,132.98141880336502,131.10144887364655,132.05755123913005,28264000,GOOGL
2022-03-18,135.0096435546875,135.1271719338952,131.17433810969047,132.33078043484574,44566000,GOOGL
2022-03-21,134.98583984375,135.92656630102422,132.99330550843302,135.04732810159504,26832000,GOOGL
2022-03-22,138.7214813232422,139.89379910609253,134.98586098558138,134.98586098558138,35496000,GOOGL
2022-03-23,137.14199829101562,138.44423861979692,136.7051184456803,137.56549993961835,25154000,GOOGL
2022-03-24,140.41151428222656,140.45812610885343,136.62133716164368,138.05894880404426,26396000,GOOGL
2022-03-25,140.5116729736328,140.87070507937713,138.59203769066454,140.7526772850465,24126000,GOOGL
2022-03-28,140.2959747314453,140.83848798996723,138.66543848117558,139.74551627484473,35050000,GOOGL
2022-03-29,141.3373260498047,142.6147774301301,140.87415893302065,141.47817546512601,34318000,GOOGL
2022-03-30,140.77499389648438,141.55058130392723,140.43926771554987,141.29221863890226,19884000,GOOGL
2022-03-31,137.92755126953125,140.9431247655112,137.88490447229108,140.88856773781393,37524000,GOOGL
2022-04-01,139.00164794921875,139.31951637020538,137.17375319145697,138.356482806623,25942000,GOOGL
2022-04-04,141.79953002929688,142.53396895874045,139.16034726925992,139.20795791982718,25942000,GOOGL
2022-04-05,139.4385528564453,141.8183741448747,139.23176584389168,141.69787954637118,21418000,GOOGL
2022-04-06,135.4287109375,138.21815668503515,134.40615630279157,137.6126568784006,32468000,GOOGL
2022-04-07,134.77459716796875,136.04013849416,133.1272020827794,134.89509176328988,26234000,GOOGL
2022-04-08,132.19491577148438,134.5578779659387,131.87554910979466,134.47208496943966,25142000,GOOGL
2022-04-11,127.76750183105469,131.009702203024,127.61377361707454,130.7429100506066,36884000,GOOGL
2022-04-12,126.66758728027344,130.5212423290769,125.74967490379522,130.5212423290769,32710000,GOOGL
2022-04-13,128.82923889160156,129.26563457471275,126.69388743885823,126.9507670450841,27928000,GOOGL
2022-04-14,125.691162109375,129.4099304660489,125.56321417081908,129.4099304660489,31598000,GOOGL
2022-04-18,126.62989807128906,127.16149984822547,125.14764969712186,125.95894510688915,20808000,GOOGL
2022-04-19,128.9432830810547,129.26461711503015,125.95844660693362,126.64477542409657,26490000,GOOGL
2022-04-20,126.99042510986328,130.32189946504832,126.4548582513956,129.81905168731214,31696000,GOOGL
2022-04-21,123.7913589477539,129.03204110665789,123.50571776803207,128.1905009821093,36446000,GOOGL
2022-04-22,118.65482330322266,124.37405657587937,117.95015236959706,123.97535142196246,56884000,GOOGL
2022-04-25,122.06513214111328,122.26696285548644,117.53954013860086,118.1247001432462,46128000,GOOGL
2022-04-26,117.67739868164062,121.50575793064277,117.53953815889362,121.29202455748772,73054000,GOOGL
2022-04-27,113.35761260986328,116.28094605000119,111.81238510772637,113.53117356778168,91820000,GOOGL
2022-04-28,117.55094146728516,118.66870208583143,113.17956960106591,115.46071897101857,48884000,GOOGL
2022-04-29,113.17411804199219,116.9533836790152,112.88153803374084,115.77760037683389,42676000,GOOGL
2022-05-02,115.6273422241211,115.78850866046761,111.67699010622513,112.47539163673035,35534000,GOOGL
2022-05-03,116.37217712402344,117.47109620573961,115.08333000535104,115.4760799985851,24968000,GOOGL
2022-05-04,121.25879669189453,121.84742986414153,114.1723618582886,116.07216443085974,49916000,GOOGL
2022-05-05,115.55048370361328,120.04682243338775,114.06277948042218,119.21866799050063,45840000,GOOGL
2022-05-06,114.79769897460938,116.60774359414943,113.08089313905965,114.24030932144473,39710000,GOOGL
2022-05-09,111.58871459960938,114.13368219175439,111.08240126088768,112.32165521736495,40802000,GOOGL
2022-05-10,113.45728302001953,115.29708062521888,111.9750344564831,114.5606667108094,39900000,GOOGL
2022-05-11,112.67127990722656,115.41064030425353,112.30828274140973,112.30828274140973,37534000,GOOGL
2022-05-12,111.91899108886719,113.35809330514908,108.92424196384515,110.46451302431396,53836000,GOOGL
2022-05-13,115.09921264648438,116.90875792873446,112.67376319786906,113.59415004437889,35038000,GOOGL
2022-05-16,113.50686645507812,115.21772470104247,112.95592377559407,114.0131798264507,25990000,GOOGL
2022-05-17,115.51825714111328,115.94175891063747,113.9284002623399,115.88274500446754,23054000,GOOGL
2022-05-18,110.98223876953125,114.45404808670412,110.64105684052672,114.05732544136315,35126000,GOOGL
2022-05-19,109.4791488647461,112.08362213791699,109.09829397497361,110.5180627695379,34144000,GOOGL
2022-05-20,108.01525115966797,111.26390609492667,104.92926089526213,111.03330620451212,48962000,GOOGL
2022-05-23,110.57410430908203,111.22819834582448,107.84962051186193,108.68918571926903,37184000,GOOGL
2022-05-24,105.10134887695312,105.58584704950131,101.0493357437059,104.90497385041874,76780000,GOOGL
2022-05-25,104.93769073486328,105.62699334651613,103.0051614939558,104.12490462445021,40258000,GOOGL
2022-05-26,106.90890502929688,107.75887468895839,104.3624465360755,104.8107448453719,37948000,GOOGL
2022-05-27,111.39581298828125,111.39730365863458,108.24386241128829,108.58554373009294,37914000,GOOGL
2022-05-31,112.8294677734375,114.78629421531303,111.15976563053904,111.82228915461961,50012000,GOOGL
2022-06-01,112.95840454101562,116.14159882441551,112.32166882859197,113.91351567650608,36606000,GOOGL
2022-06-02,116.6583251953125,116.93305500118844,112.02066027717234,113.0655218882824,37992000,GOOGL
2022-06-03,113.60208129882812,115.36798842891481,112.5879638758018,115.11110884827522,26136000,GOOGL
2022-06-06,115.8628921508789,118.3686786203438,115.21177191367441,115.74783813274163,33542000,GOOGL
2022-06-07,116.1891860961914,116.726251121794,114.10888390906136,114.53386869403015,31590000,GOOGL
2022-06-08,116.23332977294922,117.59854920159584,115.64419719383626,115.80437236671298,26108000,GOOGL
2022-06-09,113.8941650390625,117.32927476403499,113.83515114216875,115.37393150433296,25798000,GOOGL
2022-06-10,110.25028228759766,112.3504249488664,109.46130149167207,111.52326180460535,41452000,GOOGL
2022-06-13,105.52037811279297,107.89970745137141,105.24912150780392,105.91114561990199,47252000,GOOGL
2022-06-14,105.84072875976562,107.03981794977923,104.93273646839161,105.66171211229965,33706000,GOOGL
2022-06-15,108.86473846435547,110.5101358678124,106.78691045306238,107.65522972129614,39698000,GOOGL
2022-06-16,105.16431427001953,107.75787626146192,104.27615475355856,106.34207999882139,51684000,GOOGL
2022-06-17,106.26522827148438,107.80847323985608,104.18491819399098,105.16432651982022,51376000,GOOGL
2022-06-21,110.629638671875,111.56739132946274,107.70977129217107,108.03656858558827,47416000,GOOGL
2022-06-22,110.57361602783203,112.41737098859431,109.47767062090766,109.6502478770662,30774000,GOOGL
2022-06-23,111.32192993164062,111.81833075860875,109.5947120241901,111.31151793905035,28362000,GOOGL
2022-06-24,117.00792694091797,117.1110783002862,112.02659857865726,112.06875352459626,41164000,GOOGL
2022-06-27,114.88398742675781,117.60747238809732,114.23534152789627,117.30348914348141,36420000,GOOGL
2022-06-28,111.08934783935547,116.34788803372125,110.9311551773519,114.85323751449626,35792000,GOOGL
2022-06-29,110.78585815429688,112.23289804690751,109.96365128893204,110.63758563635704,24716000,GOOGL
2022-06-30,108.06980895996094,109.97903242980904,105.87495184497295,109.09831103463256,43170000,GOOGL
2022-07-01,107.84615325927734,108.35444913580423,105.85560141078064,107.0482435979797,35476000,GOOGL
2022-07-05,112.33456420898438,112.44762815748757,104.86479945326545,106.22258079388362,39342000,GOOGL
2022-07-06,113.63282012939453,114.6419812155782,110.56219823466688,112.37323400124177,37432000,GOOGL
2022-07-07,117.8093032836914,118.21247285733529,113.8921848578157,114.13666235926765,40936000,GOOGL
2022-07-08,118.37513732910156,118.70391717679874,115.94323338269083,116.2888797500777,38238000,GOOGL
2022-07-11,114.728271484375,117.03074427714583,114.38510706026808,117.03074427714583,31196000,GOOGL
2022-07-12,113.0858383178711,116.01512640021978,112.75804977000294,115.26234549816493,29960000,GOOGL
2022-07-13,110.44070434570312,113.25990236152596,110.28994990879096,110.78535185551783,43722000,GOOGL
2022-07-14,109.4627914428711,110.18234634307093,107.48464162453597,109.30708070983803,37004000,GOOGL
2022-07-15,110.8612289428711,112.21306263725859,109.99092716981522,111.08240810060202,46770000,GOOGL
2022-07-18,108.13626098632812,112.7481456439362,107.48167505545912,111.71666979612723,43164600,GOOGL
2022-07-19,112.87705993652344,113.08533759009629,108.66189857090403,109.94132492872627,36530900,GOOGL
2022-07-20,112.9663314819336,114.45403556404811,111.55797343357686,112.24231216588865,35600400,GOOGL
2022-07-21,113.40271759033203,113.6110028170901,110.19919909252089,113.34321184946066,32676200,GOOGL
2022-07-22,107.01551055908203,111.41910930762468,105.62698529534984,110.09009735008293,48901200,GOOGL
2022-07-25,106.62872314453125,108.96937840173452,105.42864264206895,107.52134719462656,34690900,GOOGL
2022-07-26,104.15912628173828,106.32125667917839,103.21691665250424,105.72617651509084,47991000,GOOGL
2022-07-27,112.13321685791016,112.97625525163264,107.12461749425067,108.36437093577844,59858500,GOOGL
2022-07-28,113.28370666503906,113.4027181473664,110.5463290686979,111.44887316623573,32816600,GOOGL
2022-07-29,115.36650085449219,115.7533033393372,112.13322162287426,112.15306191622032,37223400,GOOGL
2022-08-01,113.91845703125,115.76321063113234,113.40271539749043,114.35485263414594,26034300,GOOGL
2022-08-02,114.18624877929688,115.39624935448683,112.78781082558956,113.0655143870716,20236000,GOOGL
2022-08-03,117.1120834350586,117.64765788707062,114.53339751440666,114.7615079345928,28499000,GOOGL
2022-08-04,117.2211685180664,117.80632850385459,115.93182192650802,116.51698947915064,21602900,GOOGL
2022-08-05,116.50706481933594,117.14181794438285,115.0491136341377,115.27723158541431,19159500,GOOGL
2022-08-08,116.33847045898438,119.16510690112827,115.92190753578308,117.41953186952958,19138300,GOOGL
2022-08-09,115.67394256591797,116.35828882894792,114.76148592644728,116.1797640458468,19086500,GOOGL
2022-08-10,118.71878814697266,119.92878873304059,117.43936923676468,117.80633141765588,30930400,GOOGL
2022-08-11,117.8658447265625,120.49412374035786,117.58814114476164,120.28584605400722,24293700,GOOGL
2022-08-12,120.68256378173828,120.68256378173828,118.48076037738996,119.27420563607838,19096300,GOOGL
2022-08-15,121.07928466796875,121.29748248930953,119.62133337705963,120.13706749098401,19494800,GOOGL
2022-08-16,120.70240020751953,121.42641959577725,119.65109163936246,120.52387539718579,19041200,GOOGL
2022-08-17,118.57003021240234,120.2957650012785,118.40141798211481,119.13535751738875,22847000,GOOGL
2022-08-18,119.18492889404297,119.82960216377192,117.74681800275492,118.45099701321593,17987700,GOOGL
2022-08-19,116.24919891357422,118.17329866159419,115.8028907047583,118.08403247971835,21809500,GOOGL
2022-08-22,113.30354309082031,114.68214829640736,112.91674062691341,114.25567281481072,21456600,GOOGL
2022-08-23,112.9266586303711,114.06723327503279,112.50018315686643,112.54977631975122,15870400,GOOGL
2022-08-24,112.758056640625,113.83911800192885,111.94477869138811,112.5696116974473,17734600,GOOGL
2022-08-25,115.69380187988281,115.76322777545683,113.17462177828163,113.30355342238907,16956800,GOOGL
2022-08-26,109.43551635742188,114.17634005588431,109.28675199221415,113.77961742600252,37245700,GOOGL
2022-08-29,108.5230484008789,110.04050530416411,107.90813557656172,109.08837563086466,21191200,GOOGL
2022-08-30,108.04698181152344,109.59419150550207,106.91632740948465,109.26689481889778,27513300,GOOGL
2022-08-31,107.33289337158203,109.94133184491908,107.24362719051874,109.74297432432968,28627000,GOOGL
2022-09-01,108.84043884277344,109.5446179336816,106.47995086620014,107.39240764031874,28360900,GOOGL
2022-09-02,106.96593475341797,109.8322443549404,106.38077471005731,109.68347241560721,24160700,GOOGL
2022-09-06,105.93445587158203,107.14445651227068,104.91290018646603,106.42044469733727,25068300,GOOGL
2022-09-07,108.55280303955078,109.07846482937784,106.02371068181908,106.18239517986085,23167000,GOOGL
2022-09-08,107.49158477783203,108.70158540495544,106.28159171756349,107.15437545780347,24238300,GOOGL
2022-09-09,109.74298095703125,110.08019027578453,108.12633755578807,108.17593072235994,23197700,GOOGL
2022-09-12,109.95124816894531,110.70502034132073,109.02887135324441,110.08017979616115,22966800,GOOGL
2022-09-13,103.46485900878906,107.41223714705868,103.23674105474096,106.91633578916247,38172900,GOOGL
2022-09-14,104.13928985595703,104.41699341820953,102.8102777889331,103.7128143662537,26395100,GOOGL
2022-09-15,102.0664291381836,104.40707676995653,101.51101442821535,103.17724342441045,34188300,GOOGL
2022-09-16,101.95732879638672,102.28461796293107,100.11257502049808,101.23330943767259,42797200,GOOGL
2022-09-19,102.22511291503906,102.48298375828159,100.71757600878111,100.91593353936474,23036800,GOOGL
2022-09-20,100.31092834472656,101.53084904223219,99.6960079229227,101.24322534010722,26517100,GOOGL
2022-09-21,98.46617889404297,102.03666739252802,98.45625874751293,100.83658693545453,31487300,GOOGL
2022-09-22,99.31912231445312,100.41010377703378,97.98019017551985,98.00994304598551,34298600,GOOGL
2022-09-23,97.93059539794922,98.84305962268306,96.67100931227313,98.81329918585423,31625400,GOOGL
2022-09-26,97.36528015136719,99.06126205035565,96.99831795404086,97.29585425726316,27072700,GOOGL
2022-09-27,96.70076751708984,99.18027437650241,96.07593451258548,98.61494711523052,30072800,GOOGL
2022-09-28,99.22987365722656,99.8745394269292,96.31397098941996,96.84954541208984,32466300,GOOGL
2022-09-29,96.62142944335938,97.8314301011561,95.17339822616405,97.8314301011561,31047200,GOOGL
2022-09-30,94.8659439086914,98.08930316415186,94.77667771762164,96.25446940903004,32941500,GOOGL
2022-10-03,97.83142852783203,98.47610186740503,95.72880384753613,95.96684196996166,27982000,GOOGL
2022-10-04,100.80682373046875,101.00518123961032,99.5571502356858,99.61666354191142,28850800,GOOGL
2022-10-05,100.59854888916016,101.09445024273644,97.99011049341637,99.01166607108686,22176900,GOOGL
2022-10-06,100.58863830566406,102.08626265455283,99.76544016442644,99.85470635132027,22324000,GOOGL
2022-10-07,97.87108612060547,99.70591951565764,97.49420383645622,99.03149340880641,27502800,GOOGL
2022-10-10,97.05781555175781,98.28764881556005,96.21478474646479,98.18847005614693,18225100,GOOGL
2022-10-11,96.38339233398438,98.43642374055914,95.52052121037734,96.6313430235072,26507100,GOOGL
2022-10-12,96.7602767944336,97.94052452401523,95.94699881751596,96.50241351977157,21876400,GOOGL
2022-10-13,98.24797058105469,98.96206971787448,93.60633375857984,94.37002605589976,34574500,GOOGL
2022-10-14,95.76847076416016,99.86462094928686,95.58003338781863,99.1703544867437,25410700,GOOGL
2022-10-17,99.15052795410156,100.10265774202443,98.0198733580147,98.04962623156622,28419200,GOOGL
2022-10-18,99.9439697265625,102.62184195796414,99.15053198777534,102.28462505466679,24060700,GOOGL
2022-10-19,98.81330108642578,100.19190624537119,98.10912207167954,99.19019095829994,23811100,GOOGL
2022-10-20,99.15052795410156,101.48126304018042,98.57528050925599,99.18028082765306,25323200,GOOGL
2022-10-21,100.30101013183594,100.47953493084219,96.9189666638649,97.04789829825931,32458700,GOOGL
2022-10-24,101.67961120605469,101.90772916035505,99.1604389639881,100.96551960605208,27176400,GOOGL
2022-10-25,103.6235580444336,103.96076735839142,101.87798302852408,102.05650783204726,40611400,GOOGL
2022-10-26,94.15184020996094,97.50413095357072,93.91380965641918,95.63954441159298,88114100,GOOGL
2022-10-27,91.46404266357422,94.64772829929214,91.04748736174656,93.74518424514507,60710900,GOOGL
2022-10-28,95.50070190429688,95.75857277635563,91.37479821877903,91.51365001907476,43697300,GOOGL
2022-10-31,93.73527526855469,95.242812042702,93.20962104840368,94.637811790529,31675000,GOOGL
2022-11-01,89.7283935546875,95.2428142728165,89.62921479576478,94.66756687746879,47161400,GOOGL
2022-11-02,86.25709533691406,90.43258444006051,86.16782914537849,90.19455387405776,57038300,GOOGL
2022-11-03,82.74610137939453,85.81076815755338,82.6568351996716,85.61241063994241,61288000,GOOGL
2022-11-04,85.87027740478516,85.92978314388307,83.02380100389072,84.69994994578491,51124900,GOOGL
2022-11-07,87.76463317871094,88.17127598440243,86.13807708965564,86.56455262317961,34078900,GOOGL
2022-11-08,88.1712646484375,89.57962271598969,86.87199792022133,88.1712646484375,30429000,GOOGL
2022-11-09,86.60420227050781,88.70682649543558,86.5645292586956,87.72493647850311,31769100,GOOGL
2022-11-10,93.1699447631836,93.61625293565226,90.85904273789478,91.49379583808987,51620100,GOOGL
2022-11-11,95.61972045898438,96.13545463345741,93.15012580953145,93.91381827388382,33090500,GOOGL
2022-11-14,94.91551971435547,95.99658864167773,93.73527959271193,94.31051943427285,30179500,GOOGL
2022-11-15,97.63306427001953,99.31912590340235,95.91724219824151,97.4545394739204,41640800,GOOGL
2022-11-16,98.03970336914062,98.82322847399864,96.83962291238991,97.09749375411836,29105200,GOOGL
2022-11-17,97.55372619628906,98.46618297666177,95.99659606811966,96.17512087878868,26052600,GOOGL
2022-11-18,96.63135528564453,98.08930673574372,95.58004665005433,97.96036751804307,28342300,GOOGL
2022-11-21,94.81633758544922,97.59338820085925,94.5783070537111,96.49248658714596,21647400,GOOGL
2022-11-22,96.25447082519531,96.42307549576248,93.27906223791702,95.16348162304233,23438500,GOOGL
2022-11-23,97.65290069580078,97.95044455619234,96.29412816473291,96.29412816473291,18868100,GOOGL
2022-11-25,96.66109466552734,97.83142220785665,96.60158892219253,97.43469959629758,9701400,GOOGL
2022-11-28,95.26265716552734,96.78011416235111,94.82626153412802,96.24453976932135,26237500,GOOGL
2022-11-29,94.40970611572266,95.33208297513312,93.33855733056448,94.94528050830175,20061700,GOOGL
2022-11-30,100.16217041015625,100.21176358073885,93.64602581219957,94.04274847629401,43647500,GOOGL
2022-12-01,100.16217041015625,101.4118441536543,99.42823840003759,100.19192328576362,28687100,GOOGL
2022-12-02,99.61666870117188,99.94395785152076,98.08929158774455,98.23806351073277,21480700,GOOGL
2022-12-05,98.66454315185547,100.5489623663918,98.1884744915712,98.58519711399899,24405100,GOOGL
2022-12-06,96.18502807617188,98.96207106432217,95.62961342505861,98.48601001120109,24910700,GOOGL
2022-12-07,94.16175842285156,96.08585067198514,93.94356060039664,95.61970972120518,31045400,GOOGL
2022-12-08,92.94184112548828,94.79651511839255,92.68397027420339,94.59815001476763,32213300,GOOGL
2022-12-09,92.06905364990234,93.48733192437892,91.98970761165849,93.0013431152763,28225400,GOOGL
2022-12-12,92.54512023925781,92.79307094834755,90.85905844418969,91.95004005081348,29420000,GOOGL
2022-12-13,94.84609985351562,98.71413232006631,94.25101968178204,96.958644678424,40593700,GOOGL
2022-12-14,94.29069519042969,96.07594331959717,92.83274381275208,94.41962683487034,28733600,GOOGL
2022-12-15,90.11519622802734,92.87240659372344,89.27216542487523,92.36658508509045,40107000,GOOGL
2022-12-16,89.52011108398438,90.5813396378672,88.78617166028681,90.01601241882409,58011800,GOOGL
2022-12-19,87.71504211425781,89.81765920892968,87.48692414068339,89.52012290883614,29493000,GOOGL
2022-12-20,88.29027557373047,88.44896764240224,86.7232330132954,87.38773902543626,23453800,GOOGL
2022-12-21,88.84568786621094,89.48044099017838,87.59601434290138,88.349786515183,24745600,GOOGL
2022-12-22,87.04060363769531,87.81420850248641,85.61240538463248,87.43732621541874,27658300,GOOGL
2022-12-23,88.49857330322266,88.81594991853139,86.3562754747472,86.39594849751772,23003000,GOOGL
2022-12-27,86.67363739013672,88.21093460263191,86.29675508801945,88.07208282991216,20097300,GOOGL
2022-12-28,85.31487274169922,87.31831861670652,85.23553426923881,86.26701007977196,19523200,GOOGL
2022-12-29,87.72496032714844,88.12168298626916,85.90004668879064,85.90996683615387,23333500,GOOGL
2022-12-30,87.50676727294922,87.57619316857544,85.8603709383056,86.26701373187004,23986300,GOOGL
2023-01-03,88.38945770263672,90.30363718067711,87.79437004023141,88.85559860680175,28131200,GOOGL
2023-01-04,87.35798645019531,89.90691916874918,86.55462109181812,89.60937532240884,34854800,GOOGL
2023-01-05,85.49339294433594,86.85216541875592,85.19585666320351,86.75298665837843,27194400,GOOGL
2023-01-06,86.62403869628906,86.97117567277324,84.16437239360367,86.07855178597063,41381500,GOOGL
2023-01-09,87.29846954345703,89.31183536259933,87.13978504764104,87.63568639320383,29003900,GOOGL
2023-01-10,87.69519805908203,87.94314874861813,85.12643254757823,85.2752044746708,30467800,GOOGL
2023-01-11,90.76978302001953,90.8491290549015,88.28036360214634,88.44896825112974,26862000,GOOGL
2023-01-12,90.38299560546875,91.11693520003142,89.01431032674121,90.73013267415503,30258100,GOOGL
2023-01-13,91.3648681640625,91.4342940509324,89.3911753274604,90.1052744877532,26329200,GOOGL
2023-01-17,90.54167938232422,91.49380917136953,89.31184601733088,91.30536421618127,32602400,GOOGL
2023-01-18,90.37306213378906,92.03929092426317,89.8969935221448,91.38469752910905,29116700,GOOGL
2023-01-19,92.2872543334961,92.84266148471706,89.88708578674498,89.97635197425116,37000400,GOOGL
2023-01-20,97.21649169921875,97.49420279530663,94.24108377138869,94.32042979884237,63191100,GOOGL
2023-01-23,98.97200012207031,99.21995081656387,96.70077085248677,97.1470790758333,40005100,GOOGL
2023-01-24,96.89912414550781,98.79347100071968,96.40322277819845,97.29584675272618,33078500,GOOGL
2023-01-25,94.43944549560547,95.37174236803631,92.9914145966969,94.78657489485524,42330000,GOOGL
2023-01-26,96.72059631347656,96.77018947539196,94.59813913338816,95.70896088534776,30114000,GOOGL
2023-01-27,98.5554428100586,99.49765240364174,96.5123239826297,96.5123239826297,33879800,GOOGL
2023-01-30,96.14535522460938,97.48428734322064,95.60978086379407,96.68092958542469,27226200,GOOGL
2023-01-31,98.02978515625,98.0694581762873,96.02634682892345,96.07593999568378,29870700,GOOGL
2023-02-01,99.60675048828125,100.36052269702401,96.78011416406397,97.90084854753133,35531100,GOOGL
2023-02-02,106.85681915283203,106.96591805351979,104.74428215805406,104.93272708957909,69883800,GOOGL
2023-02-03,103.92108154296875,106.92624239319605,101.73911871689424,102.0862481346533,65309300,GOOGL
2023-02-06,102.0564956665039,103.5045266483121,101.04485271151285,101.56059433437012,31999600,GOOGL
2023-02-07,106.75765228271484,107.29322670020932,102.27470697729218,102.37388574345306,49010200,GOOGL
2023-02-08,98.5554428100586,102.29453587919534,97.23634332555855,101.2134745048074,94743500,GOOGL
2023-02-09,94.23119354248047,99.21004065983053,92.86250072827113,99.18028778419213,119455000,GOOGL
2023-02-10,93.79478454589844,95.95691481547425,93.47740797269714,94.6675682304884,54980700,GOOGL
2023-02-13,93.83447265625,94.4196327331756,93.07078018839977,93.9634043087449,50076100,GOOGL
2023-02-14,93.90388488769531,94.0724895395363,91.50372404324449,93.65593419962755,54726100,GOOGL
2023-02-15,96.14535522460938,96.32388001154781,93.37822481049062,93.7154340931221,50169000,GOOGL
2023-02-16,94.72708892822266,96.8792992195654,93.96339652364621,94.58823713954602,42462600,GOOGL
2023-02-17,93.57659912109375,94.77667968384696,92.445944456455,94.07250055529865,34284100,GOOGL
2023-02-21,91.03758239746094,92.3368416794246,90.96815650224582,92.23766291009657,33629300,GOOGL
2023-02-22,90.89872741699219,91.35495579337403,89.86725160509873,90.94831301648848,30884000,GOOGL
2023-02-23,90.14495849609375,91.18635449298117,89.0242240237194,91.16651419896813,41206400,GOOGL
2023-02-24,88.39938354492188,89.1531558147064,87.85389652834307,88.70684756779147,36585100,GOOGL
2023-02-27,89.13331604003906,89.42093974612138,88.60765422535826,89.13331604003906,27502300,GOOGL
2023-02-28,89.32174682617188,90.4821617111098,88.5878149626214,88.59773510812792,30142000,GOOGL
2023-03-01,89.61930084228516,90.28380689652273,88.93495449477956,89.24241850559551,31111200,GOOGL
2023-03-02,91.245849609375,91.52355315835904,88.85560143860462,88.92503489270483,32204400,GOOGL
2023-03-03,92.88233184814453,92.96167788657921,91.69216397218837,91.7219244117424,35160100,GOOGL
2023-03-06,94.35021209716797,95.18333051159081,93.22947748550612,93.24931021512894,32639300,GOOGL
2023-03-07,93.09060668945312,94.8857672449639,92.76330996601668,94.20142849315206,27835500,GOOGL
2023-03-08,93.4774169921875,95.17339892826718,93.22946628398542,93.34848534799025,34103300,GOOGL
2023-03-09,91.56322479248047,94.74691054558716,91.14666947529359,93.27904678973223,28813500,GOOGL
2023-03-10,89.8870849609375,92.02938263914514,89.65897455457669,91.41446217961779,35941000,GOOGL
2023-03-13,90.36315155029297,91.81118269560834,88.687002437022,89.35150848107031,37335600,GOOGL
2023-03-14,93.19972229003906,93.58652482634159,91.68226502195134,91.80127653044084,36050200,GOOGL
2023-03-15,95.3221664428711,96.13544442535732,91.88060956204423,92.45585699442236,50622100,GOOGL
2023-03-16,99.49765014648438,100.36052125064333,94.71716126290511,95.41142015117943,65492000,GOOGL
2023-03-17,100.7869873046875,101.99698017297794,99.27944304990501,99.43813510487313,61028500,GOOGL
2023-03-20,100.39026641845703,100.91592061736439,99.05133434132713,99.29928500623465,32960400,GOOGL
2023-03-21,104.0599365234375,104.23846131049126,100.39026959348749,100.42002246352078,42110300,GOOGL
2023-03-22,102.52265167236328,105.71625013011207,102.48297865485124,103.41526808239401,43427400,GOOGL
2023-03-23,104.73435974121094,105.42862614570019,103.60370531028819,104.19878539495483,40797800,GOOGL
2023-03-24,104.57568359375,104.62526919076385,102.98879315221856,104.12936781949888,30393300,GOOGL
2023-03-27,101.6201171875,103.90126672624382,101.0944628976051,103.7624149352095,31120900,GOOGL
2023-03-28,100.20183563232422,101.61019379170308,98.92240911282488,101.60028121184264,32057900,GOOGL
2023-03-29,100.55889129638672,101.64987292821645,99.82495929924386,101.44159523579167,28779600,GOOGL
2023-03-30,100.06298828125,100.33077928644965,98.96208651955186,100.08282857556007,33086200,GOOGL
2023-03-31,102.87970733642578,103.03839184898722,100.21175539436457,100.46962623998861,36863400,GOOGL
2023-04-03,103.5045394897461,103.67314414754483,101.0944584138917,101.55068678803492,25035400,GOOGL
2023-04-04,103.861572265625,104.71452312982774,103.18714617687989,103.47476984660906,24420100,GOOGL
2023-04-05,103.61363983154297,105.2302756731111,102.8102819841236,104.91289907946413,28290500,GOOGL
2023-04-06,107.53125,108.27510204632019,103.47478047282404,104.39715731293522,48711500,GOOGL
2023-04-10,105.56748962402344,106.7080567599706,104.25831026578564,106.10306402969181,27067400,GOOGL
2023-04-11,104.4864273071289,105.85512006422364,103.82192122274951,105.6765952509876,26311800,GOOGL
2023-04-12,103.78224182128906,105.87494628290851,103.48469796190201,105.70634162712136,24370300,GOOGL
2023-04-13,106.54936981201172,106.6088755556612,104.97239950361016,104.97239950361016,24843600,GOOGL
2023-04-14,107.97758483886719,108.04701073944487,105.96421858840291,106.01381176032511,26578000,GOOGL
2023-04-17,105.10134887695312,105.28979383922241,103.66323020910507,103.80208956915179,37571200,GOOGL
2023-04-18,103.64339447021484,105.6666731267469,103.21691895584503,105.61707995911007,26596400,GOOGL
2023-04-19,103.32600402832031,104.11944920307992,102.225102442597,102.7309239306776,20905700,GOOGL
2023-04-20,104.42692565917969,105.37905551154368,103.01856739215306,103.05824041519183,27820800,GOOGL
2023-04-21,104.54593658447266,105.13109660328743,103.92109597885471,104.60544233096776,25800100,GOOGL
2023-04-24,105.10134887695312,105.7559348210195,103.84175502418775,104.62528018111423,23542800,GOOGL
2023-04-25,102.99871826171875,105.81544212100182,102.98879811509617,104.96249111597527,46664100,GOOGL
2023-04-26,102.85987091064453,105.4782297846258,101.78872203487352,104.05995143064801,53347600,GOOGL
2023-04-27,106.70805358886719,107.48166608530138,102.6912570160058,103.59379357823073,50089200,GOOGL
2023-04-28,106.4601058959961,106.47002604243367,104.22854965938166,106.16256960456029,36139800,GOOGL
2023-05-01,106.32125091552734,107.1047759897289,105.9443685976354,105.96420132305943,26681700,GOOGL
2023-05-02,104.4566650390625,106.3212514798493,102.85986201062076,106.26174573640694,30997200,GOOGL
2023-05-03,104.54593658447266,106.60888065380296,104.09962078519486,104.66494807746287,21795400,GOOGL
2023-05-04,103.83184814453125,104.73438484982799,103.11774884499437,104.6252859253512,23419500,GOOGL
2023-05-05,104.70462036132812,105.01207680519784,103.25658919423994,103.9607682679493,26639300,GOOGL
2023-05-08,106.88658142089844,107.07502636899285,104.29798314719713,104.3178158732233,26511400,GOOGL
2023-05-09,106.47002410888672,109.2470748463162,106.31133960304034,107.50149988087897,36360100,GOOGL
2023-05-10,110.83395385742188,112.01420151452291,107.04526777320253,107.08494078998831,63153400,GOOGL
2023-05-11,115.61444854736328,116.95338077292648,113.4721584998331,114.45404112299883,78900000,GOOGL
2023-05-12,116.5467300415039,117.06246408354477,115.15820483575041,115.72353203640354,41102300,GOOGL
2023-05-15,115.55492401123047,117.5087763602692,115.0590227070827,115.15820145454158,36266800,GOOGL
2023-05-16,118.53034973144531,119.76018303268906,115.47559542065336,115.535101164742,45035600,GOOGL
2023-05-17,119.84944915771484,120.67264731450432,117.91543668511788,118.62953592633984,33323600,GOOGL
2023-05-18,121.82312774658203,122.2991888062752,119.83952234186759,119.95853382336384,35234200,GOOGL
2023-05-19,121.75370788574219,124.93739380984856,121.1487076020142,122.53723296740392,41353400,GOOGL
2023-05-22,124.02493286132812,125.39361788753433,121.73386343823515,121.93222852186562,35253000,GOOGL
2023-05-23,121.55534362792969,123.60837503480265,121.20821417591823,123.14223409458985,34046300,GOOGL
2023-05-24,119.90896606445312,120.91068906155631,118.87749019255021,120.12716390212464,34182600,GOOGL
2023-05-25,122.46781921386719,124.29273282527676,120.96027464484123,123.49928751875201,42317000,GOOGL
2023-05-26,123.58853912353516,124.23321241314245,121.44624158887478,122.16034076709491,35635900,GOOGL
2023-05-30,122.65624237060547,124.62993526057318,120.99993361988649,124.61009496844295,35076700,GOOGL
2023-05-31,121.86280822753906,123.04304837018027,121.49583848112029,121.74378917189807,37325800,GOOGL
2023-06-01,122.70584106445312,123.40009998321423,121.6148595206051,121.8132170497212,30772700,GOOGL
2023-06-02,123.6480484008789,125.11591981661117,122.74551182311099,122.97362222070807,26980100,GOOGL
2023-06-05,124.97706604003906,126.38542412216299,122.82484833216863,122.99346054966021,32305500,GOOGL
2023-06-06,126.26639556884766,127.2383579485679,124.3323833879781,124.97705663721925,26638300,GOOGL
2023-06-07,121.495849609375,127.98223361540205,121.11896724894035,125.92920957724658,52539000,GOOGL
2023-06-08,121.13878631591797,122.21985523958173,120.24616233464845,121.22805249747213,29389200,GOOGL
2023-06-09,121.2280502319336,122.74550718830598,120.9106736630639,121.2478829569892,23778300,GOOGL
2023-06-12,122.62649536132812,123.03313813403905,120.66273009040363,121.78346450999771,28306400,GOOGL
2023-06-13,122.81493377685547,124.1340332227792,122.17026048948374,123.95550842884325,22278300,GOOGL
2023-06-14,122.65624237060547,123.03313225253616,120.45443908912067,122.09091511456377,30592300,GOOGL
2023-06-15,124.0645980834961,124.43156781239826,121.39665392353744,122.13058581448757,35246300,GOOGL
2023-06-16,122.51739501953125,125.07624798326509,122.26944432692575,124.89772318191494,45535600,GOOGL
2023-06-20,122.09092712402344,123.54887849797753,121.13879731318417,121.92232245860355,26097500,GOOGL
2023-06-21,119.56182861328125,121.65453309243799,119.11551282046045,121.39666224993185,30306300,GOOGL
2023-06-22,122.1405029296875,122.22976153980194,117.85591560655178,119.01632293916366,26952200,GOOGL
2023-06-23,121.33715057373047,121.78346637257002,120.06764420404919,120.3850207964695,34913600,GOOGL
2023-06-26,117.36994171142578,120.99994365310945,117.30051581692196,119.77011027896118,33969900,GOOGL
2023-06-27,117.36002349853516,118.10387557545451,115.14829999374557,116.1202700370029,39535900,GOOGL
2023-06-28,119.19486999511719,119.40314769115022,115.89216460047449,116.13019517210432,27091400,GOOGL
2023-06-29,118.12371826171875,119.0758480924374,117.33028051954751,118.2625700557701,24090900,GOOGL
2023-06-30,118.71878814697266,120.08748080780242,118.708875567441,119.1849366580173,29532200,GOOGL
2023-07-03,118.91716003417969,119.20478376097655,117.84601116890617,118.26256653867198,14467900,GOOGL
2023-07-05,120.75198364257812,121.60493460466255,118.25264406620929,118.26255664547801,27584800,GOOGL
2023-07-06,119.12542724609375,119.31387218735846,117.42944547527459,118.81797081927608,24745200,GOOGL
2023-07-07,118.5006103515625,120.05774055629345,118.42126430584051,119.11552328876944,21709500,GOOGL
2023-07-10,115.49542236328125,117.34017600620315,115.18796594507899,117.33026342725442,35315200,GOOGL
2023-07-11,116.1797866821289,116.74511401095428,114.40445865062509,115.33675576256198,23078800,GOOGL
2023-07-12,117.95509338378906,119.3436186532648,117.43935931808012,117.82616175907532,30404400,GOOGL
2023-07-13,123.51912689208984,123.80675062438884,119.46264933218596,119.93871802592176,44297900,GOOGL
2023-07-14,124.39191436767578,125.74076687870003,122.47773452238809,123.77700142993456,33283100,GOOGL
2023-07-17,123.62821197509766,126.05812564014278,123.18189620588134,124.9076384065508,25716200,GOOGL
2023-07-18,122.74551391601562,123.65797065567115,121.95206866692536,123.57862461739118,26193600,GOOGL
2023-07-19,121.0296859741211,124.1538660880998,120.80157558357863,123.57861868845079,37224000,GOOGL
2023-07-20,118.22288513183594,123.0727999886977,117.25092267132642,120.42468845421087,37906800,GOOGL
2023-07-21,119.03617858886719,119.9982285952709,117.75675952969813,119.63126637165477,72937900,GOOGL
2023-07-24,120.53379821777344,121.99174960669664,119.98831119460458,120.66273743006377,29686100,GOOGL
2023-07-25,121.20820617675781,122.14050312936536,120.02795855095499,120.36517540126466,52509600,GOOGL
2023-07-26,128.21035766601562,129.90633205152977,127.26814799253995,129.00380296662527,61682100,GOOGL
2023-07-27,128.3392791748047,132.14781351472905,127.73427884774642,130.59067581926217,44952100,GOOGL
2023-07-28,131.4932098388672,132.64370465595107,129.49969176817697,129.7079618698937,36591200,GOOGL
2023-07-31,131.63206481933594,132.43542264148525,130.6997677943249,131.64197739889866,28055500,GOOGL
2023-08-01,130.4716796875,131.5428286779553,129.60880083941242,129.70798718682403,23166800,GOOGL
2023-08-02,127.32762908935547,129.02360314650636,126.51434365192316,128.3888500556574,26273300,GOOGL
2023-08-03,127.39705657958984,128.32935355941024,126.37550098690372,126.92099551059741,20089500,GOOGL
2023-08-04,127.05985260009766,130.43197594152576,126.86149507419762,128.2202600170075,26147200,GOOGL
2023-08-07,130.45181274414062,130.53115877911966,127.962393323222,128.10124510100812,22746300,GOOGL
2023-08-08,130.3228759765625,130.43197488498015,128.4781222465879,129.54927103822243,23535200,GOOGL
2023-08-09,128.5971221923828,130.9576019691282,127.94252887766349,130.5807272912613,24912900,GOOGL
2023-08-10,128.6269073486328,130.9675625582551,128.38886922887625,130.2435507528464,20857800,GOOGL
2023-08-11,128.4979705810547,128.86493278064867,127.11936527043054,127.60535409901688,19591100,GOOGL
2023-08-14,130.25344848632812,130.29311393491162,127.9028809647762,128.3293488553076,24695600,GOOGL
2023-08-15,128.71615600585938,130.3427118640274,128.22025464503122,130.0253428626258,19770700,GOOGL
2023-08-16,127.64500427246094,129.21205435216356,126.82181378350052,127.64500427246094,25216100,GOOGL
2023-08-17,128.8550262451172,130.90806543730483,128.23018559815387,128.73601474425206,33446300,GOOGL
2023-08-18,126.4151840209961,128.19051194159474,125.34403518060337,127.45657242122108,30504800,GOOGL
2023-08-21,127.31771850585938,127.67476811335399,125.5225578886843,126.13747833867052,25248700,GOOGL
2023-08-22,128.0218963623047,129.21205659443743,127.2681317464859,127.45656155015928,22054900,GOOGL
2023-08-23,131.28492736816406,132.31641072027463,128.80542045173755,129.11287688798097,27819700,GOOGL
2023-08-24,128.71615600585938,133.14951538235977,128.50788590918833,132.85197153912117,28500700,GOOGL
2023-08-25,128.8153533935547,129.6881295726403,126.20690716881097,128.47812893761383,26762900,GOOGL
2023-08-28,129.9360809326172,131.4535380240542,129.07321732909296,130.23362480291482,20543300,GOOGL
2023-08-29,133.46690368652344,135.45050919179718,131.15600145683445,131.15600145683445,43075600,GOOGL
2023-08-30,134.7661590576172,135.16287409396253,132.9709985475354,133.67517000710467,28315800,GOOGL
2023-08-31,135.0537567138672,136.8687572675909,134.67686688730078,134.89506466755432,30053800,GOOGL
2023-09-01,134.5479736328125,136.3332217281178,133.7446157733526,136.3332217281178,21543700,GOOGL
2023-09-05,134.65707397460938,135.30173975827023,133.47682618982745,134.32977722585983,19403100,GOOGL
2023-09-06,133.3577880859375,135.41081165738936,132.5742555345524,134.90499776499271,18684500,GOOGL
2023-09-07,134.15121459960938,134.46859869666807,131.86015300865373,132.4949060690644,18844300,GOOGL
2023-09-08,135.26206970214844,135.53977327338907,133.7446126401159,133.80411838628038,23558300,GOOGL
2023-09-11,135.79762268066406,136.35302976641478,134.6768807966762,135.4207328151726,20763400,GOOGL
2023-09-12,134.23057556152344,135.74803250189984,134.08181120803886,135.14303224154853,18405500,GOOGL
2023-09-13,135.58938598632812,135.77781583177648,133.05035775884392,133.98265493971294,20749500,GOOGL
2023-09-14,136.9679412841797,137.56301374731885,135.1231878944064,136.47203999804393,24751000,GOOGL
2023-09-15,136.27371215820312,137.38454169510266,135.3612553079111,136.84895965520028,38919600,GOOGL
2023-09-18,137.07705688476562,138.0192664165555,135.4901665221767,135.4901665221767,21861300,GOOGL
2023-09-19,136.908447265625,137.2754245802509,135.5000891528616,136.29353439301667,20353700,GOOGL
2023-09-20,132.6436767578125,136.94809613666976,132.52465016244247,136.94809613666976,29927500,GOOGL
2023-09-21,129.3707733154297,131.14609385607787,129.00381108346423,130.36257622016777,31503900,GOOGL
2023-09-22,129.18231201171875,130.94771974828387,128.5376462586181,129.68812598105728,26397300,GOOGL
2023-09-25,130.0352783203125,130.09478407268804,127.90290814706238,128.76577182393018,20094600,GOOGL
2023-09-26,127.51609802246094,129.29141844193066,126.17715813897233,128.70625840016731,25718700,GOOGL
2023-09-27,129.46994018554688,129.8269898246319,127.5161024517244,127.5161024517244,22746500,GOOGL
2023-09-28,131.22543334960938,132.20732362438937,128.7260859170761,128.77567908657804,22513100,GOOGL
2023-09-29,129.78729248046875,132.95114528457344,129.29139116656413,132.18745302372233,30859800,GOOGL
2023-10-02,133.07017517089844,133.31812586216128,130.09476687574428,130.1344474612235,22288000,GOOGL
2023-10-03,131.34445190429688,133.15945304283952,130.7592918203912,132.84208398165953,22989400,GOOGL
2023-10-04,134.13140869140625,134.45870541332442,131.44361659343454,131.70147985901755,26752300,GOOGL
2023-10-05,133.96282958984375,134.3793850061725,132.35609854547656,133.96282958984375,19832600,GOOGL
2023-10-06,136.45220947265625,137.02745682177886,132.91146677211896,132.91146677211896,27597600,GOOGL
2023-10-09,137.2853240966797,137.80106572376255,134.49836100864687,135.8174603789753,19278100,GOOGL
2023-10-10,136.9282684326172,138.5746644275756,136.20425675144423,137.36466401043336,27786600,GOOGL
2023-10-11,139.3978729248047,139.95328001705715,137.44402038931838,137.44402038931838,25884300,GOOGL
2023-10-12,137.83082580566406,140.0623819353228,137.12663921258442,139.89377728823808,24765500,GOOGL
2023-10-13,136.23403930664062,138.85239821040267,135.50009975367846,138.23748528968676,23420500,GOOGL
2023-10-16,137.9597625732422,138.4854167971643,136.8588609633149,137.03737818636395,28501900,GOOGL
2023-10-17,138.57469177246094,138.75320901659043,136.05550412475992,137.49363032645,23515800,GOOGL
2023-10-18,136.82911682128906,139.56648701861894,136.25386939858822,138.30689326315832,23375000,GOOGL
2023-10-19,136.62086486816406,138.51521225269215,136.25390259660577,137.3647171269744,26066000,GOOGL
2023-10-20,134.4884796142578,136.73986130635555,133.97273786758853,136.2042943979111,26335700,GOOGL
2023-10-23,135.38107299804688,136.53156779993722,132.85197300320976,133.9330343496389,26317900,GOOGL
2023-10-24,137.6721649169922,138.2176595656358,136.29355942335386,136.70020226449842,44814300,GOOGL
2023-10-25,124.5803451538086,127.25820957616193,124.04477075596701,127.10944521580694,84366200,GOOGL
2023-10-26,121.27764129638672,123.31083999813282,120.27591838168972,122.25952391827924,57061100,GOOGL
2023-10-27,121.16854858398438,122.2992031923221,119.22461596672207,121.87272767746805,44566500,GOOGL
2023-10-30,123.43977355957031,124.37207059770444,121.74379170735196,122.20002007986204,28940100,GOOGL
2023-10-31,123.0628890991211,124.34231557609246,121.68428385885795,124.03485157297696,26292300,GOOGL
2023-11-01,125.4134521484375,125.45312516564948,122.7058349336953,123.0529643757322,30082400,GOOGL
2023-11-02,126.44493103027344,127.92271501549958,125.88952390924445,127.36730789447058,27124600,GOOGL
2023-11-03,128.04173278808594,128.46820067879287,126.81189200957998,126.9705840713952,26393100,GOOGL
2023-11-06,129.18231201171875,129.27157062977093,127.61526180428386,127.9921517032279,19052700,GOOGL
2023-11-07,129.8964080810547,130.8287050924927,128.8153467097953,129.63854481279463,29757300,GOOGL
2023-11-08,130.75927734375,131.1262546701782,129.70796879855988,129.89641375169958,26425800,GOOGL
2023-11-09,129.17239379882812,131.46345569784398,129.0037891497348,130.8782957156304,23747800,GOOGL
2023-11-10,131.5031280517578,131.71141329610631,128.34920244954847,129.03354879478132,26913300,GOOGL
2023-11-13,131.00721740722656,131.50311876629735,130.1741067560777,130.69976098599605,18324800,GOOGL
2023-11-14,132.524658203125,134.58760942147106,132.22712953091224,133.0899929477425,32395200,GOOGL
2023-11-15,133.51649475097656,133.92313755134404,132.47511386601616,133.76444546334056,23861500,GOOGL
2023-11-16,135.80755615234375,136.09518745195533,133.21896525810197,134.08182888951592,28013200,GOOGL
2023-11-17,134.20083618164062,134.94468829125762,132.55443988026462,134.88518254388185,37240600,GOOGL
2023-11-20,135.1331024169922,135.5397451095659,132.5246567715882,132.5940902168256,27815500,GOOGL
2023-11-21,135.8472137451172,136.05548383220494,134.8454984904721,135.17278005589571,22635300,GOOGL
2023-11-22,137.354736328125,138.2771054067754,136.34309352113306,136.34309352113306,17813900,GOOGL
2023-11-24,135.5695037841797,136.99770199138314,134.87524497059664,136.89851567499682,12514300,GOOGL
2023-11-27,135.29180908203125,137.2853270482676,134.88516634551732,134.91491921563218,23436500,GOOGL
2023-11-28,136.07533264160156,136.1249258052487,134.309924978467,134.964518417708,18730000,GOOGL
2023-11-29,133.88348388671875,137.15642147118808,133.7347043659717,136.4423372797072,23967200,GOOGL
2023-11-30,131.44361877441406,134.43886735166274,130.2038653225059,133.94296597089948,38988300,GOOGL
2023-12-01,130.7790985107422,131.02704917414542,129.59885093154966,130.7790985107422,31442300,GOOGL
2023-12-04,128.21035766601562,128.9641223780541,126.85158504794954,128.81535800518807,36669900,GOOGL
2023-12-05,129.91624450683594,131.05681158807658,127.19869958988002,127.89295847123121,27384800,GOOGL
2023-12-06,128.95419311523438,130.75926618523522,128.81534134061891,130.36255115310777,23576200,GOOGL
2023-12-07,135.80755615234375,137.42419963070353,133.59584004786453,133.93304938270325,56767100,GOOGL
2023-12-08,133.88348388671875,135.28191452598526,132.9313464085579,133.09995109176842,32260100,GOOGL
2023-12-11,132.1973876953125,132.24698086173262,130.28321556791462,131.29485865478858,31138000,GOOGL
2023-12-12,131.43370056152344,131.90976162921305,130.18401944998905,130.7295139721899,29032800,GOOGL
2023-12-13,131.48329162597656,132.4056608757626,130.49148892278734,132.28664939416652,30104800,GOOGL
2023-12-14,130.8584442138672,132.6238517222141,128.62688824878407,132.28664245291358,38722400,GOOGL
2023-12-15,131.5130615234375,132.41559059857232,130.10468818490273,130.54108385219968,50847100,GOOGL
2023-12-18,134.68682861328125,136.0257533662055,131.34444275367903,131.5428154285214,32258000,GOOGL
2023-12-19,135.5298309326172,136.34311639898218,134.96451127135808,135.71827586427287,25476800,GOOGL
2023-12-20,137.2059783935547,140.5384359860807,136.9382025676404,137.83081892143701,49107200,GOOGL
2023-12-21,139.2689208984375,139.5367118409951,138.03908021197546,138.34655173387108,27488300,GOOGL
2023-12-22,140.33018493652344,140.8260863411753,139.5565799559633,139.61608570312794,26532200,GOOGL
2023-12-26,140.3599395751953,141.510419346836,140.032642827964,140.4293579031904,16780300,GOOGL
2023-12-27,139.21934509277344,140.9153344287429,138.74328401733115,140.42934564037535,19628600,GOOGL
2023-12-28,139.08050537109375,139.98304957042203,138.60444425438513,139.62599994946305,16045700,GOOGL
2023-12-29,138.54493713378906,139.20944320132398,137.64239294340334,138.48543138650385,18733000,GOOGL
2024-01-02,137.03738403320312,138.30689034141093,135.36123496575607,137.41427392066478,23711200,GOOGL
2024-01-03,137.78123474121094,138.48542134501582,135.9563213328076,136.1249259824603,24212100,GOOGL
2024-01-04,135.27198791503906,138.01928600247774,135.23232246051418,137.2853464572302,27137700,GOOGL
2024-01-05,134.6173858642578,136.03567169625202,134.0421384410589,135.6290289280703,22513900,GOOGL
2024-01-08,137.70188903808594,137.87049368814525,135.1430361482217,135.17278901977872,21404000,GOOGL
2024-01-09,139.79457092285156,140.3301527920711,137.01752066617868,137.36465762340268,24759600,GOOGL
2024-01-10,141.11370849609375,141.82780775984716,139.75494343237068,139.84420205691225,21320200,GOOGL
2024-01-11,140.91534423828125,144.02960443815402,139.4871457788245,142.3137898243085,24008700,GOOGL
2024-01-12,141.48065185546875,142.02614637782855,140.6574689161085,141.50049214729324,18785500,GOOGL
2024-01-16,141.3219757080078,143.16672938152487,140.29049239931624,140.83598692471,22670500,GOOGL
2024-01-17,140.31031799316406,140.67728012012063,137.7613779932037,140.19130652143912,20968600,GOOGL
2024-01-18,142.30386352539062,143.02789047593322,140.826087018,140.88559276545064,25746400,GOOGL
2024-01-19,145.1800994873047,145.24951781414885,143.19649387664043,143.55354349190839,34271900,GOOGL
2024-01-22,144.7932891845703,147.17360973542569,144.64450969157375,145.89419084442545,32200400,GOOGL
2024-01-23,145.8346710205078,145.9735228014156,144.30730143052193,144.6941039011729,21636100,GOOGL
2024-01-24,147.4810791015625,148.62166144639897,146.88600647851376,147.32238701526538,25233500,GOOGL
2024-01-25,150.62509155273438,151.79542676635216,148.3141891335314,148.83985855855067,29149100,GOOGL
2024-01-26,150.94247436523438,151.2895962737746,149.77213916215013,149.861412918024,26115500,GOOGL
2024-01-29,152.2516326904297,152.51942366682596,150.18868118167268,150.81352174869434,27784300,GOOGL
2024-01-30,150.2184295654297,152.360711695651,149.950638624012,151.54744142716578,36331800,GOOGL
2024-01-31,138.95155334472656,142.81957751562527,138.72342784548118,142.44268767661725,71910000,GOOGL
2024-02-01,140.00286865234375,141.88728767351694,139.63589137319994,140.95499074150428,40466500,GOOGL
2024-02-02,141.212890625,141.45091361668173,135.38108518943704,138.11845552974717,62499600,GOOGL
2024-02-05,142.50222778320312,144.27756337900828,141.60961126191953,141.64929185123162,38505400,GOOGL
2024-02-06,142.9187774658203,144.1684434401665,142.01623336193828,143.46425685279377,29128200,GOOGL
2024-02-07,144.34695434570312,144.42630037557493,142.75015143708904,143.57334947158776,25208900,GOOGL
2024-02-08,144.7139434814453,145.13049882211826,143.91058567202538,144.63459744507298,22563800,GOOGL
2024-02-09,147.7786102294922,148.21500586230158,144.9817192012369,145.47762057784595,26829500,GOOGL
2024-02-12,146.32064819335938,148.11580862305635,146.16195613244383,147.20335197335376,21564100,GOOGL
2024-02-13,143.9502410888672,145.46769798615009,142.51213022242555,143.73204328748068,27837700,GOOGL
2024-02-14,144.74366760253906,145.31891490169372,142.90882681844735,144.88251935518286,22704200,GOOGL
2024-02-15,141.59970092773438,142.34355308517448,139.30863870421265,141.96666314928402,37590700,GOOGL
2024-02-16,139.36814880371094,142.01626075077365,138.99125885606148,141.8179031960097,31468900,GOOGL
2024-02-20,139.96319580078125,140.91533307623592,138.34656764889544,138.51517229621072,25144700,GOOGL
2024-02-21,141.38148498535156,141.5203367649503,139.5268035526364,140.29049590728383,23223300,GOOGL
2024-02-22,142.90884399414062,143.8113880616519,141.6294252005615,143.74195461013204,27191900,GOOGL
2024-02-23,142.77993774414062,143.49402183711422,142.2542683371376,142.4923064572686,19493800,GOOGL
2024-02-26,136.4423065185547,141.27238088903258,136.26377416065105,140.9748370483321,53641800,GOOGL
2024-02-27,137.74159240722656,138.1085546396034,135.96625673087684,136.88864130284716,33099200,GOOGL
2024-02-28,135.26206970214844,136.87869796321857,134.30001978259713,136.76959905068048,37328600,GOOGL
2024-02-29,137.32501220703125,137.72172724425474,135.2818858775754,136.15467711991738,42133000,GOOGL
2024-03-01,136.0158233642578,137.7316378191588,135.79762555684746,137.29524220433814,31151100,GOOGL
2024-03-04,132.2569122314453,134.54797432652032,130.8287137478375,134.54797432652032,55999400,GOOGL
2024-03-05,131.58250427246094,132.14783925557322,129.59889824112744,130.79898654891792,40194800,GOOGL
2024-03-06,130.3228759765625,132.48501385237356,129.77739656818326,132.0287779261609,35318600,GOOGL
2024-03-07,133.27845764160156,133.83386475709858,130.53115980204433,131.70147977631177,37738200,GOOGL
2024-03-08,134.3000030517578,136.95802694070352,132.90155765626992,133.1098428756074,39370400,GOOGL
2024-03-11,136.54147338867188,137.9597590931876,135.01410391751668,135.01410391751668,32437800,GOOGL
2024-03-12,137.3647003173828,138.2374917037032,135.90674885782994,135.90674885782994,27563400,GOOGL
2024-03-13,138.64410400390625,139.9334506450809,137.85067388660744,137.86058646627538,23347200,GOOGL
2024-03-14,141.92698669433594,142.41296038062768,139.30862790840655,140.03263971476812,42753400,GOOGL
2024-03-15,140.02268981933594,142.0062951045536,138.8821228338187,141.33187657175912,49475400,GOOGL
2024-03-18,146.4694366455078,150.90279656609297,145.96362264352206,147.3918211593764,69273700,GOOGL
2024-03-19,145.82476806640625,147.5703355892813,144.88255840993227,146.9455101008083,24070400,GOOGL
2024-03-20,147.520751953125,147.63976344475103,145.53714637957398,146.7868124427757,21311500,GOOGL
2024-03-21,146.39007568359375,149.13735809948852,145.69580172878864,148.24474177717806,24755600,GOOGL
2024-03-22,149.5341033935547,150.3374611918101,147.75876801352786,147.89761979182254,29211800,GOOGL
2024-03-25,148.83984375,149.14730017654827,146.60828759558476,148.71090455162476,19229300,GOOGL
2024-03-26,149.4349365234375,151.01189945376663,148.7505901221258,148.9886282589288,22149100,GOOGL
2024-03-27,149.63327026367188,150.3969625890798,147.679417711027,149.94072668288968,22879200,GOOGL
2024-03-28,149.6927947998047,150.1886962178925,148.9390300924469,149.61346389057567,24485400,GOOGL
2024-04-01,154.21543884277344,154.46338956853498,149.3754358331209,149.45478188140993,31730800,GOOGL
2024-04-02,153.2930450439453,153.43189683666333,150.90279655942555,152.24173645140743,24586000,GOOGL
2024-04-03,153.65008544921875,153.80877752671594,151.47803493131784,152.34091364414047,24705000,GOOGL
2024-04-04,149.2960662841797,153.5013153792841,149.21672024838048,152.2417216532487,34724700,GOOGL
2024-04-05,151.24993896484375,152.16239579697978,148.37371667079992,148.80018464435562,23459200,GOOGL
2024-04-08,153.58067321777344,153.9972285874499,151.35902944578888,151.52763410967862,20702000,GOOGL
2024-04-09,155.31631469726562,157.26023958727896,153.91786920573918,154.81048561572567,31079500,GOOGL
2024-04-10,154.86009216308594,155.32624070054823,153.41205338281176,154.92952562487014,22838600,GOOGL
2024-04-11,158.10328674316406,158.37106260079813,155.1774715327962,155.62377976256258,27166400,GOOGL
2024-04-12,156.43702697753906,158.90662101202565,155.85186704900727,156.66515248218624,25353700,GOOGL
2024-04-15,153.59056091308594,157.93466141742405,153.32276995678504,157.5577715629048,27136500,GOOGL
2024-04-16,153.13433837890625,154.3740918150493,152.17228850176252,152.92606827651122,20779500,GOOGL
2024-04-17,154.19557189941406,155.7923749027095,153.3128680735991,154.3443362556772,21763100,GOOGL
2024-04-18,154.73114013671875,155.6535245551475,153.3525349324206,154.0666341164594,19883000,GOOGL
2024-04-19,152.8268585205078,155.07825465285381,151.051538530931,154.9195626052641,32615600,GOOGL
2024-04-22,154.99893188476562,156.34778422424392,152.7971285786509,153.04507926507185,26446200,GOOGL
2024-04-23,156.96270751953125,157.66689417461689,154.99894218995382,155.67337597138751,21151600,GOOGL
2024-04-24,157.82559204101562,158.26198771551822,155.88165180015244,156.19903597568538,22779100,GOOGL
2024-04-25,154.7212371826172,155.2072260039545,149.63328396324783,150.08951991120836,57109700,GOOGL
2024-04-26,170.5404815673828,173.27786687075127,168.2593321924788,172.94064243070838,64665300,GOOGL
2024-04-29,164.78802490234375,168.1601634153097,163.8557430067843,167.67417460775002,45610000,GOOGL
2024-04-30,161.44566345214844,166.72206177178046,161.26714620693434,164.25246727701446,33562900,GOOGL
2024-05-01,162.5167999267578,165.7500714576766,161.7531075684998,162.95319556004813,33493200,GOOGL
2024-05-02,165.25418090820312,165.36327982367402,162.54656344896563,163.43917993284745,24294500,GOOGL
2024-05-03,165.86907958984375,166.58317870404446,161.71342409111404,166.18644856631778,34662400,GOOGL
2024-05-06,166.72207641601562,166.7617418738661,164.66903711346148,166.08732315442762,21871300,GOOGL
2024-05-07,169.84622192382812,170.35203588113026,167.00966543700736,167.1187643454893,28039700,GOOGL
2024-05-08,167.99154663085938,168.75522381569002,167.35679350646177,167.6146567610361,19569100,GOOGL
2024-05-09,168.5668182373047,169.29083007689735,166.8013952497484,168.00148335133193,15346700,GOOGL
2024-05-10,167.26751708984375,168.45769242107335,164.82769095498062,166.65260426676096,29799900,GOOGL
2024-05-13,167.75352478027344,167.89237656675422,162.65565899989346,162.9135222794407,31327600,GOOGL
2024-05-14,168.9436798095703,169.8462239602229,167.41631020621995,168.37836010153808,25127100,GOOGL
2024-05-15,171.0958709716797,171.2347227383607,169.11226565697544,169.23129226677884,26948400,GOOGL
2024-05-16,172.75221252441406,173.684509621438,171.27443596883012,171.869508596453,27867900,GOOGL
2024-05-17,174.61680603027344,174.82509128603235,172.2662381363207,172.7522118435742,24479300,GOOGL
2024-05-20,175.4697265625,177.3045675555055,174.63661595177967,174.74571485082933,22554400,GOOGL
2024-05-21,176.39212036132812,176.6896490712989,174.36883433127562,175.44989566739218,16989400,GOOGL
2024-05-22,174.93418884277344,175.69786612928917,173.7737813421162,175.19205213168274,17880000,GOOGL
2024-05-23,172.12738037109375,176.78885054238378,171.53229263275466,175.61853049301604,21024900,GOOGL
2024-05-24,173.55557250976562,174.32917746118142,172.22654529374813,173.5456447964723,16579400,GOOGL
2024-05-28,174.95399475097656,175.8168734132129,172.94063642860604,173.01998246270298,20572200,GOOGL
2024-05-29,174.45811462402344,175.3904117210104,173.28779452948098,173.99196607552997,23388700,GOOGL
2024-05-30,170.6991729736328,173.78368015073974,170.38178882747087,173.76383985817733,22931500,GOOGL
2024-05-31,171.0859832763672,171.64139042387083,168.05106912485823,170.4512300886902,37638900,GOOGL
2024-06-03,171.75048828125,173.09934068848278,169.75697011042396,171.12564767729586,27459100,GOOGL
2024-06-04,172.3654022216797,172.42492310208857,170.480982952228,171.85958824102724,26879600,GOOGL
2024-06-05,173.97213745117188,175.20196327061797,172.5042583714889,173.76385219874723,22068500,GOOGL
2024-06-06,175.28128051757812,175.6978358202856,174.30931814459407,174.45808249066545,23251000,GOOGL
2024-06-07,173.02992248535156,176.4119585188029,172.8712304058679,175.59868809544102,19661400,GOOGL
2024-06-10,173.77459716796875,175.8101292272444,171.54047994095143,173.73488619485127,23726700,GOOGL
2024-06-11,175.3732452392578,175.59169348463175,172.54337230776866,174.97607487552963,21540600,GOOGL
2024-06-12,176.53500366210938,179.13651982603324,174.86686977172752,176.99176326604527,27864700,GOOGL
2024-06-13,173.92355346679688,175.49240210344783,173.64553119205647,174.8668444097431,20913300,GOOGL
2024-06-14,175.54205322265625,175.81015156626538,172.92068928258647,172.99020243322104,18063600,GOOGL
2024-06-17,175.9888916015625,177.10098082049785,173.57603677345472,174.2214575995777,19618500,GOOGL
2024-06-18,173.8540496826172,176.13781719186318,172.87104771224654,175.88958192240335,21869900,GOOGL
2024-06-20,175.0554962158203,176.0384980804116,173.7547459679952,174.1320532342393,20160100,GOOGL
2024-06-21,178.3619842529297,179.57337340062563,175.36329839952862,175.7505447565084,57759000,GOOGL
2024-06-24,177.9549102783203,179.61312014493922,177.40878962737892,178.88827736336933,18298000,GOOGL
2024-06-25,182.73094177246094,182.98910099326696,178.15348288701358,178.35206806848578,23130200,GOOGL
2024-06-26,182.5819854736328,183.20752796508148,181.19185906258562,181.34080929470304,19839000,GOOGL
2024-06-27,184.1011962890625,184.7366779293804,182.72100889129027,182.8798679380617,18848900,GOOGL
2024-06-28,180.86419677734375,183.8231718610113,180.6755507145743,183.0188920765721,29156600,GOOGL
2024-07-01,181.6982879638672,182.58200489120532,180.02021516731907,181.7379989393426,16006100,GOOGL
2024-07-02,183.93240356445312,184.2600759255339,180.27837266146466,180.7649192250836,17372500,GOOGL
2024-07-03,184.50831604003906,184.77639921891327,182.7011560285435,183.54516199454144,10242100,GOOGL
2024-07-05,189.25457763671875,189.51273686548802,184.48845737897847,184.54803142014995,20967500,GOOGL
2024-07-08,187.69564819335938,188.8276004007438,186.4544718628467,188.55950207105113,21035900,GOOGL
2024-07-09,187.64601135253906,190.00921610095705,187.3878521119617,188.96662487953267,15121400,GOOGL
2024-07-10,189.83045959472656,190.3964432565855,187.69564243220248,187.8147905079295,15952500,GOOGL
2024-07-11,184.2600555419922,189.51270639206513,183.77350903219687,188.50984150775466,25625800,GOOGL
2024-07-12,183.7635955810547,185.78918852634615,183.18768799095292,183.77351953652854,22898400,GOOGL
2024-07-15,185.21328735351562,186.91122316515236,183.61465170436622,183.61465170436622,16474000,GOOGL
2024-07-16,182.62168884277344,187.34808208100193,182.07556831656274,186.03740796917208,18290700,GOOGL
2024-07-17,179.7421875,182.2543270659603,178.63008325599765,181.67841945681636,20734100,GOOGL
2024-07-18,176.43569946289062,181.21174353968178,175.22431015700485,180.64575986268414,25315700,GOOGL
2024-07-19,176.40589904785156,179.01732353591333,175.87964153783852,177.61728826175099,18881900,GOOGL
2024-07-22,180.38758850097656,181.41031651236526,178.95775104592673,179.3152104096892,24100300,GOOGL
2024-07-23,180.50672912597656,182.31388893241848,180.25849388780003,180.76490347036915,36352700,GOOGL
2024-07-24,171.41139221191406,174.94625938754677,170.6071125080407,172.37454609585706,49585200,GOOGL
2024-07-25,166.09918212890625,172.19583973492487,166.0098210682456,171.30219882616154,44852000,GOOGL
2024-07-26,165.82115173339844,166.90345381803442,162.90190268589552,165.97008682721892,41336900,GOOGL
2024-07-29,168.3332977294922,169.22693862858085,166.80417515412134,167.63824201341453,20293800,GOOGL
2024-07-30,169.08790588378906,170.02127279088597,167.25097423676394,169.03827095768605,18959700,GOOGL
2024-07-31,170.3291015625,173.01997848256258,168.80990296351985,172.01711347343624,25729100,GOOGL
2024-08-01,169.5546112060547,172.82139580223534,167.6878923021726,169.0482167160951,24531400,GOOGL
2024-08-02,165.4835662841797,167.3204982165653,163.50760805366414,165.26511803151652,29130100,GOOGL
2024-08-05,158.12586975097656,163.26929736266635,153.8363569379613,154.40234063596142,53630700,GOOGL
2024-08-06,157.1726531982422,159.436573034586,155.3059340768458,158.20532051321726,49004600,GOOGL
2024-08-07,157.81805419921875,161.82952940748444,157.35137068982363,160.11174561926643,25138600,GOOGL
2024-08-08,160.88624572753906,162.53453159498838,159.0791007984094,159.37697100848436,25578800,GOOGL
2024-08-09,162.51466369628906,162.63381177677473,157.93720474099763,158.88049573069213,28602300,GOOGL
2024-08-12,161.14439392089844,163.73597062856854,160.69757348531624,163.1898651801224,15895300,GOOGL
2024-08-13,163.00120544433594,163.56717396094234,161.81960317762199,162.25649966122157,18551700,GOOGL
2024-08-14,159.23794555664062,162.06783350679044,156.5967339743886,161.25361460284537,40591100,GOOGL
2024-08-15,160.16140747070312,160.49900381900557,158.48333453503372,159.36705153563673,31524300,GOOGL
2024-08-16,161.80967712402344,163.89484419906685,159.9925932186499,160.33018953302678,24208600,GOOGL
2024-08-19,165.49346923828125,165.51333229993313,163.10047787030177,164.11328189947275,22416200,GOOGL
2024-08-20,165.9998779296875,167.44957853320707,165.642433695725,165.72185564699794,18341500,GOOGL
2024-08-21,164.67926025390625,165.67220118965227,163.5075820711663,163.984189478023,22902000,GOOGL
2024-08-22,162.6437530517578,166.4069931043409,162.15720646482643,166.07932072756,22493300,GOOGL
2024-08-23,164.4508819580078,165.00692648837935,162.67352425192186,163.55724112720742,13955700,GOOGL
2024-08-26,164.98709106445312,166.36727853932712,163.29909428347517,165.20553931092914,14190400,GOOGL
2024-08-27,163.51751708984375,165.26510295168842,163.29908400819048,164.66933228950003,11821900,GOOGL
2024-08-28,161.700439453125,164.431027060309,160.38975012916,163.87496740248727,16407400,GOOGL
2024-08-29,160.6380157470703,164.7984415304893,159.11881702129344,163.15015560870546,19699800,GOOGL
2024-08-30,162.22669982910156,162.50472208741948,160.54862717284777,161.47205499845862,22123800,GOOGL
2024-09-03,156.24917602539062,160.7074859893918,155.375383210797,160.57839882785174,38945300,GOOGL
2024-09-04,155.34561157226562,157.8776140734706,154.85908019413716,155.55413584223268,19353800,GOOGL
2024-09-05,156.13003540039062,158.3244263445636,154.8789201470245,155.19666851330035,18688700,GOOGL
2024-09-06,149.85467529296875,156.71590221863735,149.4872919188711,156.1896446256026,37912100,GOOGL
2024-09-09,147.856201171875,152.51926120186218,146.37475041538113,151.63437166613713,39260500,GOOGL
2024-09-10,147.80650329589844,150.40151913279468,147.48833322690425,149.58621970938498,31118800,GOOGL
2024-09-11,150.29214477539062,150.63018908340467,146.67304380954099,149.05925855823048,29607700,GOOGL
2024-09-12,153.8018798828125,153.931138367879,151.7735836501272,152.91699025153633,29621500,GOOGL
2024-09-13,156.5559539794922,157.47067000170316,154.31887229884703,154.53759521680126,29591200,GOOGL
2024-09-16,157.15249633789062,157.34140788058642,155.70088742139382,156.40680246167932,18379800,GOOGL
2024-09-17,158.4052734375,159.6282071595107,157.47066800869246,158.1069928496196,20715600,GOOGL
2024-09-18,158.8925018310547,159.57854285389107,157.68945713780218,158.9422178069909,23677300,GOOGL
2024-09-19,161.20907592773438,162.84959641829772,160.41366607699598,162.77006908728683,26587700,GOOGL
2024-09-20,162.6507568359375,162.7899524297552,161.12954242807913,162.56127720516508,40896400,GOOGL
2024-09-23,160.92074584960938,164.53984621775962,160.7417714288647,163.4063921236461,24150900,GOOGL
2024-09-24,161.35821533203125,162.28288368359324,159.7674107357338,162.09397212944717,23332100,GOOGL
2024-09-25,160.5628204345703,161.87523384572484,160.37390888064178,160.54293101542476,18869200,GOOGL
2024-09-26,161.79571533203125,163.13797065652983,161.34830194759303,162.70049439754706,20319300,GOOGL
2024-09-27,163.00869750976562,164.7486500925775,161.69628402203105,161.87524329123835,21101300,GOOGL
2024-09-30,164.89781188964844,165.19607736347226,162.32267031989335,162.38233858584195,20413900,GOOGL
2024-10-01,166.03123474121094,168.18877389639653,163.6350680810018,166.72721266688677,28338100,GOOGL
2024-10-02,164.9077606201172,166.5582338236158,163.7842433523693,165.4645431053493,17760200,GOOGL
2024-10-03,164.9077606201172,165.6832812490026,162.97889617400253,163.46608843417303,15073100,GOOGL
2024-10-04,166.100830078125,167.26411075507784,164.52989975669306,167.0950886229922,19047400,GOOGL
2024-10-07,162.0442657470703,167.51268816069472,161.81559051224986,166.75705707061962,22463100,GOOGL
2024-10-08,163.4362335205078,163.78421492779364,161.93489332497202,162.99875730912473,23072700,GOOGL
2024-10-09,160.93069458007812,163.89358090449505,158.8228712424478,162.51156208330087,31181800,GOOGL
2024-10-10,161.14944458007812,162.13376610989224,159.4790821511072,159.94638493252756,14144100,GOOGL
2024-10-11,162.3027801513672,162.9589793006072,160.3142629412503,161.19915249290503,15344300,GOOGL
2024-10-14,164.0128936767578,165.2755910857808,162.46183762718093,162.70046513584995,19016100,GOOGL
2024-10-15,164.5100555419922,166.71729595706415,163.6848189785555,164.83814757105517,20247200,GOOGL
2024-10-16,164.21176147460938,164.84808640066018,162.7999160190336,163.58537367338423,16406000,GOOGL
2024-10-17,161.99456787109375,165.41482033547592,161.82554570724957,164.7784953540456,21453400,GOOGL
2024-10-18,162.4817352294922,163.7643372928155,162.1436909535705,162.25306000415483,19757700,GOOGL
2024-10-21,163.1280059814453,163.55552987158697,161.68631896113368,162.01442609995885,20946500,GOOGL
2024-10-22,164.19187927246094,164.8182671012252,162.0442768634266,162.0442768634266,16568100,GOOGL
2024-10-23,161.84542846679688,164.86798338254357,161.00030251118483,163.81405642655295,18280500,GOOGL
2024-10-24,161.78575134277344,162.3922496608961,160.08556255879625,161.89512038935888,22412500,GOOGL
2024-10-25,164.32113647460938,164.63929136354844,162.48175184608664,162.7303165163636,19828900,GOOGL
2024-10-28,165.76280212402344,167.78114595500233,163.00870143582344,167.78114595500233,32138600,GOOGL
2024-10-29,168.705810546875,169.4018037804766,166.1306841303376,166.76700909757434,42169000,GOOGL
2024-10-30,173.45835876464844,180.9749512117023,173.06064622942904,179.6426331826948,68890800,GOOGL
2024-10-31,170.1276092529297,175.8048331883122,170.01824018748218,172.1360161042455,44769000,GOOGL
2024-11-01,170.30654907226562,171.33064938867685,167.91039737420323,169.0935675366594,31796500,GOOGL
2024-11-04,168.26832580566406,169.74976136503125,167.04537684162395,168.954351474997,21492700,GOOGL
2024-11-05,168.76547241210938,169.55093008750674,167.87063050478386,168.45723948005892,18242100,GOOGL
2024-11-06,175.49658203125,175.92412112315387,172.50386907265272,172.80214969030013,33695500,GOOGL
2024-11-07,179.7122344970703,180.0403416420051,176.17267645525013,176.3914145518733,25352900,GOOGL
2024-11-08,177.3260498046875,179.8613974183841,177.0575957008054,179.61283273694843,22006200,GOOGL
2024-11-11,179.31454467773438,179.513393363608,177.44533365392132,177.55470270682915,17450400,GOOGL
2024-11-12,180.57723999023438,181.44225527864106,178.3600475857902,178.78758666786376,25134900,GOOGL
2024-11-13,177.85299682617188,179.92105669289288,177.5149373462163,179.42392735486908,23184000,GOOGL
2024-11-14,174.57192993164062,177.79333331489727,173.3191695348543,177.2564251654299,31007500,GOOGL
2024-11-15,171.4996795654297,173.1402002652983,170.236966835199,172.73255057874763,32504600,GOOGL
2024-11-18,174.2935333251953,174.43272892051993,171.90730361382492,172.4243223269658,20135300,GOOGL
2024-11-19,177.0973358154297,177.8430297605378,172.56351905656155,172.72260407260165,23434900,GOOGL
2024-11-20,174.96961975097656,176.65985629395433,172.7822539205829,176.32181201959514,18997100,GOOGL
2024-11-21,166.66758728027344,173.1302686962832,162.76014278127062,172.9015782767723,59734400,GOOGL
2024-11-22,163.8140411376953,165.5042928911672,162.9589781366054,164.89779453956643,38604600,GOOGL
2024-11-25,166.68743896484375,167.6618232619843,164.65915820880082,165.13639806236714,33135300,GOOGL
2024-11-26,168.14901733398438,168.84501052303654,166.61786569467208,166.66758166120195,20486700,GOOGL
2024-11-27,168.25836181640625,168.50692644156777,167.0553175264857,168.02968660918825,19266500,GOOGL
2024-11-29,167.97998046875,168.45722032902532,166.20026432388437,167.53256715154302,14257200,GOOGL
2024-12-02,170.50540161132812,171.0920105058346,167.60216850996696,167.80101718271035,23789100,GOOGL
2024-12-03,170.3562774658203,171.68858044714352,169.86910042539293,170.50542536954606,22248700,GOOGL
2024-12-04,173.36888122558594,173.9057894087997,170.0778874212496,170.16736706139073,31615100,GOOGL
2024-12-05,171.6488037109375,175.0491662947447,171.34058597302015,174.35318831054713,21356200,GOOGL
2024-12-06,173.70693969726562,174.07481055205204,170.87329640646647,171.0423185605895,21462400,GOOGL
2024-12-09,174.56295776367188,175.44886145410123,172.8508718378986,173.15945800345577,25389600,GOOGL
2024-12-10,184.31787109375,185.502397306232,180.21683563214248,182.00855531536865,54813000,GOOGL
2024-12-11,194.50079345703125,194.7098337526011,183.99935507018319,184.45722971599074,67894100,GOOGL
2024-12-12,191.07662963867188,194.28179760891206,190.8277801088796,194.10263323797517,34817500,GOOGL
2024-12-13,188.9464569091797,191.84305356516361,188.76727736993067,190.1309677786731,25143500,GOOGL
2024-12-16,195.75498962402344,198.08421748080238,191.733572884141,191.98242240358925,44934900,GOOGL
2024-12-17,194.52069091796875,200.4930793963414,194.082713332717,196.3422712265007,43504000,GOOGL
2024-12-18,187.5330047607422,196.09343489769404,186.87605352724106,194.3216274116736,34166100,GOOGL
2024-12-19,187.64248657226562,192.1416901461699,187.513095150107,190.748138909751,32265200,GOOGL
2024-12-20,190.52914428710938,192.00232914747002,184.3676279309519,184.925048408463,63462900,GOOGL
2024-12-23,193.73434448242188,194.20218282242337,189.2749498878787,191.73358450411797,25675000,GOOGL
2024-12-24,195.20753479003906,195.20753479003906,192.8882552424337,193.9433748674021,10403300,GOOGL
2024-12-26,194.69989013671875,195.84459196860374,193.48550314170072,194.25194880473947,12046600,GOOGL
2024-12-27,191.8729248046875,194.42115659969988,189.77263428806026,194.05284898883724,18891400,GOOGL
2024-12-30,190.35995483398438,191.66392402935992,188.2497003483825,188.92657901389887,14264700,GOOGL
