Date,Close,High,Low,Open,Volume,symbol
,MSFT,MSFT,MSFT,MSFT,MSFT,
2020-01-02,152.1584014892578,152.26260717686054,149.98904693545595,150.41533767385138,22622100,MSFT
2020-01-03,150.26376342773438,151.52369966939423,149.7332670007078,149.9795792382155,21116200,MSFT
2020-01-06,150.6521759033203,150.7184951877552,148.26492739771743,148.80490629687822,20813700,MSFT
2020-01-07,149.27854919433594,151.25844269298102,149.03225142604057,150.92688967276914,21634100,MSFT
2020-01-08,151.65631103515625,152.32891395537885,149.62904874222338,150.55741741152548,27746500,MSFT
2020-01-09,153.5509490966797,153.674105204978,152.5467931657798,153.31411932222434,21385000,MSFT
2020-01-10,152.8404541015625,154.62141856495847,152.68887958234973,154.24249672186824,20725900,MSFT
2020-01-13,154.67831420898438,154.70673263527453,152.76472492741206,153.2383846388445,21626500,MSFT
2020-01-14,153.5888671875,154.98142757393325,153.20046284462947,154.7824841808954,23477400,MSFT
2020-01-15,154.58349609375,155.30346773187313,154.00564542306233,154.0529998056212,21417900,MSFT
2020-01-16,157.41603088378906,157.48235016664844,155.38876835912026,155.6919174437164,23865400,MSFT
2020-01-17,158.29701232910156,158.6475157371676,156.71497686229213,158.60014689568655,34371700,MSFT
2020-01-21,157.72865295410156,159.32962477735774,157.66233366914093,157.89916347838133,29517200,MSFT
2020-01-22,156.9708251953125,158.6665350539603,156.95187475950405,158.58126532029598,24138800,MSFT
2020-01-23,157.9370574951172,158.0128447653816,156.56344755206595,157.43497947769117,19680800,MSFT
2020-01-24,156.3455047607422,158.70433402348226,155.78659007941053,158.68538359811564,24918100,MSFT
2020-01-27,153.73094177246094,154.77299856024104,151.76051631780365,152.66046656819069,32078100,MSFT
2020-01-28,156.74342346191406,157.0276076258131,154.4793314082179,155.15191986936853,24899900,MSFT
2020-01-29,159.18748474121094,159.86008761817865,156.96129367549298,158.99802382465174,34754500,MSFT
2020-01-30,163.67779541015625,164.88089473268496,161.7926251689453,164.88089473268496,51597500,MSFT
2020-01-31,161.26211547851562,163.31779605239475,160.6463638869867,163.13781757767464,36142700,MSFT
2020-02-03,165.19349670410156,165.30717036186377,161.42315656565438,161.45157498009493,30107000,MSFT
2020-02-04,170.63113403320312,171.1237440771596,167.02185010187932,167.80812679253964,36433300,MSFT
2020-02-05,170.42271423339844,174.4961895872338,169.01121791022703,174.33514706166798,39186300,MSFT
2020-02-06,173.95620727539062,174.1362002133704,170.57427122162437,171.43633505355797,27751400,MSFT
2020-02-07,174.2024688720703,175.85080893279255,172.86674577743017,173.21726359361017,33529100,MSFT
2020-02-10,178.75914001464844,178.89176413177015,173.59625298069977,173.90887006854624,35844300,MSFT
2020-02-11,174.72354125976562,180.65375376260124,173.8330589718601,180.60638491548957,53159900,MSFT
2020-02-12,174.97930908203125,176.05925222698292,172.26997600540625,175.80347203464285,47062900,MSFT
2020-02-13,174.03196716308594,176.4192004614971,173.23620827534248,173.43515161101328,35295800,MSFT
2020-02-14,175.58560180664062,175.64243864012167,173.0278286604553,173.59622590515036,23149500,MSFT
2020-02-18,177.3665313720703,177.81177245607944,175.72767355823675,175.83187922587592,27792200,MSFT
2020-02-19,177.8985137939453,178.75342396936063,177.1290917371865,178.63943981115193,29997500,MSFT
2020-02-20,175.18174743652344,177.86998445493268,172.02806552961567,177.5850096183367,36862400,MSFT
2020-02-21,169.64382934570312,174.30787459136025,168.37095788184524,173.99440364976678,48572600,MSFT
2020-02-24,162.32952880859375,165.80619024009897,155.05324119911742,159.36582502799183,68311100,MSFT
2020-02-25,159.65081787109375,166.0816754656081,159.25184432237913,165.4737357884397,68073300,MSFT
2020-02-26,161.64561462402344,164.58082272532707,159.7838056869428,161.20866567721743,56206100,MSFT
2020-02-27,150.2561798095703,158.66285682296,150.0662014380449,155.1387123737389,93174900,MSFT
2020-02-28,153.89434814453125,155.50920080368482,144.38578921735436,144.77525436429954,97012700,MSFT
2020-03-02,164.13436889648438,164.25786140312832,154.17935094628967,157.02907098692916,71030800,MSFT
2020-03-03,156.26913452148438,166.23366029061174,154.13184460346224,165.09377523321822,71677000,MSFT
2020-03-04,162.00657653808594,162.14905673296266,157.32352937599967,160.04977122484704,49814400,MSFT
2020-03-05,157.9409942626953,162.310556474439,157.39004662621815,157.7320136249134,47817300,MSFT
2020-03-06,153.4764404296875,154.939290445947,148.1854528791767,154.46433707133426,72821100,MSFT
2020-03-09,143.0749053955078,149.84774304753546,142.4859680325218,143.43587448607195,70419300,MSFT
2020-03-10,152.85899353027344,152.96348385327482,144.93677465901976,150.23725610009342,65354400,MSFT
2020-03-11,145.9341583251953,149.8002707223912,143.5783794771565,149.25883148736696,56371600,MSFT
2020-03-12,132.09400939941406,145.7821669760473,131.63805829012034,138.0214317979302,93226400,MSFT
2020-03-13,150.8737335205078,153.79944887745597,133.68041068414524,140.11128525922985,92727400,MSFT
2020-03-16,128.6363983154297,141.8686097571472,128.2374391330141,132.98697391571835,87905900,MSFT
2020-03-17,139.22781372070312,140.111219878546,128.23738768544888,132.98692056268771,81059800,MSFT
2020-03-18,133.36685180664062,138.6863334062944,128.25636526746447,131.08708226074404,81593200,MSFT
2020-03-19,135.5612030029297,142.6284972735,132.03704247024078,135.61819509064304,85922700,MSFT
2020-03-20,130.4696807861328,139.73127038304972,129.0543146964059,138.6863672974225,84866200,MSFT
2020-03-23,129.1683349609375,133.5284186057588,125.8816652354361,130.14673789897077,78975200,MSFT
2020-03-24,140.90916442871094,142.10605621534557,134.1933312141267,136.54909590592504,82516700,MSFT
2020-03-25,139.560302734375,146.59911547079795,137.20453797240356,141.45062244939217,75638200,MSFT
2020-03-26,148.2899627685547,148.8124144484527,140.9376783414057,140.96617438808843,64568100,MSFT
2020-03-27,142.20103454589844,147.13105279245107,141.7260811810194,144.1483462407878,57042300,MSFT
2020-03-30,152.20350646972656,152.55498171253677,142.49546138832392,144.8037415996008,63420300,MSFT
2020-03-31,149.809814453125,156.52564829002736,148.7174128879949,151.41514484103993,77927200,MSFT
2020-04-01,144.49029541015625,149.84776812499067,143.2649222575526,145.33571171552185,57969900,MSFT
2020-04-02,147.48251342773438,147.69149406752848,142.82797625652344,144.25283634906882,49630700,MSFT
2020-04-03,146.12413024902344,149.49630149094543,144.56628404497476,147.33051565835152,41243300,MSFT
2020-04-06,156.99107360839844,158.1594547108867,149.68628926690775,152.28903866452734,67111700,MSFT
2020-04-07,155.3002471923828,161.48413441584339,155.0817582215985,161.09466920123717,62769000,MSFT
2020-04-08,156.85809326171875,158.3209431578964,155.30974074936518,157.3710364866465,48318200,MSFT
2020-04-09,156.86753845214844,158.98582561353126,155.1482102296076,158.0264253911556,51385100,MSFT
2020-04-13,157.21905517578125,157.2760617539971,154.16986273762387,156.11717440218635,41905300,MSFT
2020-04-14,164.998779296875,165.04627752742255,159.58431438622728,160.53422101947862,52874300,MSFT
2020-04-15,163.26995849609375,164.87530304245226,160.76220553744395,162.62401444151914,40940800,MSFT
2020-04-16,168.1714630126953,168.3994458213664,164.23885015327437,165.5687281288851,50479600,MSFT
2020-04-17,169.65333557128906,170.98319909985108,167.06007994895504,170.50824576901817,52765600,MSFT
2020-04-20,166.29066467285156,169.79582271685595,166.2241787409171,167.78202514998281,36669600,MSFT
2020-04-21,159.41334533691406,164.97029069532127,157.7889985432716,164.8088082997189,56203700,MSFT
2020-04-22,164.82777404785156,165.28372509311845,162.26302948839455,162.8044686369448,34620200,MSFT
2020-04-23,162.83299255371094,166.2906521024293,162.34854539106306,165.38824370404214,32790800,MSFT
2020-04-24,165.80618286132812,165.81567670835807,162.1585453714661,163.44091045280888,34277600,MSFT
2020-04-27,165.33128356933594,168.0385092875646,164.6188534601556,167.7440404948785,33194400,MSFT
2020-04-28,161.30361938476562,166.87007201792395,160.9046603967209,166.7940777590931,34392700,MSFT
2020-04-29,168.54193115234375,168.77940781653479,163.2699608028428,164.54283224424475,51286600,MSFT
2020-04-30,170.23275756835938,171.36313417668887,167.4020256405569,170.98317735810693,53875900,MSFT
2020-05-01,165.82521057128906,169.69132309324073,165.29325067285902,166.9935916904016,39370500,MSFT
2020-05-04,169.8813018798828,170.03329042260975,165.09377873938547,165.74921664727339,30372900,MSFT
2020-05-05,171.70513916015625,174.45036909184662,170.88821877419855,171.57215279474113,36839200,MSFT
2020-05-06,173.39593505859375,174.97278340842882,172.53153111485707,172.95898616297717,32139300,MSFT
2020-05-07,174.40283203125,175.3052402702839,173.43392338262575,174.9442711769014,28316000,MSFT
2020-05-08,175.4287109375,175.73268794965426,174.17484199841797,175.7136857627892,30877800,MSFT
2020-05-11,177.3855743408203,178.11699203070202,173.69043802497885,173.97539842652998,30892700,MSFT
2020-05-12,173.36744689941406,177.67052260190522,173.16797463195846,177.4425542962417,32038200,MSFT
2020-05-13,170.74569702148438,174.83029795760064,167.69649071381875,173.405438177171,44711500,MSFT
2020-05-14,171.4866485595703,171.63863710417746,166.87959545034084,168.64642242172906,41873900,MSFT
2020-05-15,173.98489379882812,177.68952368706329,168.13346574945095,170.09027099782256,46610400,MSFT
2020-05-18,175.647216796875,176.87258982109455,174.7448085084128,176.44513478913066,35264500,MSFT
2020-05-19,174.43133544921875,177.25255891726619,174.29834911883097,175.76119875309638,26799100,MSFT
2020-05-20,176.85079956054688,177.03178675767256,175.21240903417342,176.04112458439172,31261300,MSFT
2020-05-21,174.72662353515625,177.8128975506415,174.59326682345701,176.6031523221469,29119500,MSFT
2020-05-22,174.8028564453125,175.7077927017451,173.87887960911883,174.49804728640393,20826900,MSFT
2020-05-26,172.95489501953125,177.65096998396217,172.50719436134594,177.4985581567519,36073600,MSFT
2020-05-27,173.18350219726562,173.3549691405075,168.22071368879833,171.64989267092176,39517100,MSFT
2020-05-28,172.79299926757812,175.41251836335604,171.82140628619734,172.16432573103648,33810200,MSFT
2020-05-29,174.55517578125,175.52678301222977,171.84993125203522,174.05984460970063,42130400,MSFT
2020-06-01,174.1550750732422,174.31700716085624,172.8500835505476,173.87882686776757,22622400,MSFT
2020-06-02,176.13638305664062,176.22210924305813,172.74530046920535,175.50769528666734,30794600,MSFT
2020-06-03,176.56509399414062,177.11757606945213,174.8695520717133,176.0507221501166,27311000,MSFT
2020-06-04,174.24085998535156,177.02231087757588,173.65028222738718,175.55538677286637,28761800,MSFT
2020-06-05,178.31776428222656,178.82261577227575,173.3740161676006,173.9550735758374,39893600,MSFT
2020-06-08,179.4227294921875,179.60371673224284,175.68872668481072,177.11755495708823,33211600,MSFT
2020-06-09,180.79440307617188,181.651694207209,178.37491244759534,179.07980627930513,29783900,MSFT
2020-06-10,187.5003662109375,189.10066141937924,181.94698529918034,182.06130144357863,43872300,MSFT
2020-06-11,177.43190002441406,186.4716109809636,177.2413924938844,183.96640861165238,52854700,MSFT
2020-06-12,178.8321533203125,182.62330696543887,176.39360750554295,181.49928782354135,43373600,MSFT
2020-06-15,179.9752197265625,181.7660225607909,175.27912969897213,175.82209144395165,32770200,MSFT
2020-06-16,184.38552856445312,186.30015317328437,182.37564292571702,183.7377855376434,42556700,MSFT
2020-06-17,185.0237274169922,187.00503755358736,184.49982084857658,185.77623718995878,25687800,MSFT
2020-06-18,187.0050506591797,187.166982785349,184.79512262836676,184.79512262836676,23061600,MSFT
2020-06-19,185.8905792236328,189.83414524257645,185.14758957765756,189.1673615262903,44441100,MSFT
2020-06-22,191.05340576171875,191.2343784743109,185.96676585995345,186.50019277764127,32818900,MSFT
2020-06-23,192.329833984375,194.27303423664063,191.87259842577603,192.5012864177539,30917400,MSFT
2020-06-24,188.4529266357422,193.60623760474027,187.23366096391769,192.0345322646708,36740600,MSFT
2020-06-25,190.8343048095703,191.0914979740535,186.19538023333627,188.41482860990715,27803900,MSFT
2020-06-26,187.0145721435547,190.4056555951069,185.63337438286644,190.2532437572232,54675800,MSFT
2020-06-29,189.02447509765625,189.11020131374772,184.36649507102788,186.49068256690614,26701600,MSFT
2020-06-30,193.8539276123047,194.70169864032715,188.3577109017167,188.49106765214285,34310300,MSFT
2020-07-01,194.98744201660156,196.55916194472687,192.19647091012706,193.50146283713315,32061200,MSFT
2020-07-02,196.47335815429688,198.1498588730305,195.27314794094008,195.92087628424048,29315800,MSFT
2020-07-06,200.7027587890625,201.11236382000442,198.2165968027034,198.92149070943458,31897600,MSFT
2020-07-07,198.3689727783203,204.4843554530496,198.12131446740048,200.46458446974043,33600700,MSFT
2020-07-08,202.73165893554688,203.1412493492164,198.7880939445461,200.1026204531434,33600000,MSFT
2020-07-09,204.15098571777344,206.11324083997917,201.4362062503847,206.06561032506502,33121700,MSFT
2020-07-10,203.53184509277344,203.9223950181679,201.06473816174983,203.48421457154092,26177600,MSFT
2020-07-13,197.24501037597656,205.56078782782424,196.7020485920236,204.3034118238034,38135600,MSFT
2020-07-14,198.46426391601562,198.94054003337126,192.4441268159393,196.34959679217306,37591800,MSFT
2020-07-15,198.16897583007812,201.30288106397543,195.30179861452493,199.61685940848528,32179400,MSFT
2020-07-16,194.2444610595703,195.9400029714762,192.71085129264486,195.6542343777719,29940700,MSFT
2020-07-17,193.25379943847656,195.3113011914256,191.8344913952592,194.76835398301196,31635300,MSFT
2020-07-20,201.56004333496094,202.22682694154088,193.37760921523997,195.27319325053878,36884800,MSFT
2020-07-21,198.84524536132812,203.78899294881228,198.15940670556205,203.52227953099117,37990400,MSFT
2020-07-22,201.702880859375,202.22678735298066,198.50230563955367,199.27387041432306,49605700,MSFT
2020-07-23,192.92996215820312,200.91235614714014,192.5584672930863,197.359339664377,67457000,MSFT
2020-07-24,191.74874877929688,193.2347277928302,188.13856802751238,190.91049824456846,39827000,MSFT
2020-07-27,194.17776489257812,194.2920665013878,191.32962868313254,191.91068608590263,30160900,MSFT
2020-07-28,192.43460083007812,194.98743376683993,192.16788737503714,193.949155350088,23251400,MSFT
2020-07-29,194.37782287597656,194.9398252529052,192.42508772525025,192.89184359165247,19632600,MSFT
2020-07-30,194.22537231445312,194.7588137132413,190.1008344071993,191.46297696813315,25079600,MSFT
2020-07-31,195.28268432617188,195.36842505438554,189.56737220797189,194.70162701276325,51044000,MSFT
2020-08-03,206.265625,207.3134381221961,200.455065920416,201.48382393090174,78983000,MSFT
2020-08-04,203.1698455810547,204.57963325518696,200.3312441892674,204.0080961402909,49280100,MSFT
2020-08-05,202.8364715576172,204.79872680046398,201.53147967053414,204.703465764779,28806400,MSFT
2020-08-06,206.08470153808594,206.10374211955298,201.51244746645853,202.26495740866707,32656800,MSFT
2020-08-07,202.3982696533203,205.46548863137218,200.92181096572025,204.6558280531857,27820400,MSFT
2020-08-10,198.3689727783203,201.82674151677793,196.55912962091006,201.6266991825336,36716500,MSFT
2020-08-11,193.73004150390625,197.79742831175162,193.50142377829144,197.33068710729214,36446500,MSFT
2020-08-12,199.26437377929688,200.30265206772674,195.03504017950794,195.5494119121457,28013100,MSFT
2020-08-13,198.79766845703125,201.32194085358907,198.27376176832718,199.5025624140872,22588900,MSFT
2020-08-14,198.98814392089844,199.64540724846154,197.66409697652952,198.85478719753726,17958900,MSFT
2020-08-17,200.3026885986328,201.169514645871,199.00721694022218,199.65496003682452,20184800,MSFT
2020-08-18,201.4552459716797,202.28396163565859,199.2834283776174,200.54078957348915,21336200,MSFT
2020-08-19,200.23309326171875,202.5247540343007,199.80341141996314,201.94229189372007,27627600,MSFT
2020-08-20,204.89273071289062,205.29376795305888,199.47870611572912,200.08025469101796,26981500,MSFT
2020-08-21,203.40318298339844,206.48736005046817,203.24085940828198,204.20525755571333,36249300,MSFT
2020-08-24,204.04290771484375,205.79029360312026,202.83978144131711,205.09323916626136,25460100,MSFT
2020-08-25,206.69740295410156,206.83108203246027,203.4795472015141,203.4795472015141,23043700,MSFT
2020-08-26,211.16612243652344,212.0636882339954,207.54722933961594,208.04375788990563,39600800,MSFT
2020-08-27,216.3510284423828,220.7147078286442,209.49516257463063,212.8276114739762,57602200,MSFT
2020-08-28,218.5758056640625,220.2277003121461,216.35099233448315,217.8787512019263,26292900,MSFT
2020-08-31,215.34840393066406,218.37529192711878,214.18347989796817,216.7520416656349,28774200,MSFT
2020-09-01,217.0098419189453,217.18170877943533,214.29804337071027,215.3292882434317,25725500,MSFT
2020-09-02,221.192138671875,222.34751954776317,217.08627412946223,217.67827952359187,34080800,MSFT
2020-09-03,207.48997497558594,218.9577772060662,205.25561798169193,218.91958942041342,58400300,MSFT
2020-09-04,204.57760620117188,208.50205934633442,195.92662551167095,205.38923847148044,59664100,MSFT
2020-09-08,193.5108642578125,200.54813899842011,193.07162466856798,197.17750294657407,52924300,MSFT
2020-09-09,201.7512664794922,205.14100397041202,197.3684863965206,198.22786446784107,45679000,MSFT
2020-09-10,196.0985107421875,205.04550944722897,194.89539903060142,203.7659930391178,35461500,MSFT
2020-09-11,194.8190155029297,199.21135322657878,192.15497713349296,197.8459033435166,33620100,MSFT
2020-09-14,196.13670349121094,199.75559632088394,194.81899936925464,195.0195252630017,30375800,MSFT
2020-09-15,199.3545684814453,200.30942320721906,197.58808141079317,199.0108201973697,21823900,MSFT
2020-09-16,195.7929229736328,201.14009956371478,195.40142912218417,201.11145509360134,26328100,MSFT
2020-09-17,193.74957275390625,195.1054646940721,190.93275427264976,191.01868769979,34011300,MSFT
2020-09-18,191.34332275390625,194.45614366811049,187.3902250852239,193.64452595746747,55225300,MSFT
2020-09-21,193.3962860107422,193.55862414931087,187.5143914784935,188.2878215402221,39839700,MSFT
2020-09-22,198.05599975585938,198.70530865814536,192.95707813436695,195.80254163015394,33517100,MSFT
2020-09-23,191.5343017578125,198.70526991631596,190.99958545426037,198.51428731939603,30803800,MSFT
2020-09-24,194.01699829101562,196.28955795307084,190.20712142873452,190.82778594791625,31202500,MSFT
2020-09-25,198.43792724609375,199.60283667261433,193.39628060658876,194.3606932585249,29437300,MSFT
2020-09-28,199.98480224609375,202.9735025909273,198.66709788985403,201.3597955621824,32004900,MSFT
2020-09-29,197.90318298339844,200.5863369712553,197.47350127563882,199.89884041086924,24221900,MSFT
2020-09-30,200.8345947265625,202.41009918439974,197.21568718363864,198.35196663004595,33829100,MSFT
2020-10-01,202.86846923828125,204.32939600324374,201.77993528458512,203.8519685749572,27158400,MSFT
2020-10-02,196.8815155029297,201.4648215025371,196.26085113479485,198.6098003769444,33154800,MSFT
2020-10-05,200.88235473632812,200.91099921434176,197.63583971881565,197.86501011285242,21331600,MSFT
2020-10-06,196.6142120361328,200.6914327169876,195.5734235009225,199.39284380181803,28554300,MSFT
2020-10-07,200.35720825195312,200.6245664621439,197.3876088881138,197.7122560619269,25681100,MSFT
2020-10-08,201.07330322265625,201.65576516882732,198.9153368592637,201.0064564005077,19925800,MSFT
2020-10-09,206.06719970703125,206.1149453581554,201.69396323673163,201.69396323673163,26458000,MSFT
2020-10-12,211.4048614501953,213.75381083072148,207.0220811131626,208.9126896677775,40461400,MSFT
2020-10-13,212.79896545410156,215.0428803166582,210.47866045048664,212.66528634973199,28950800,MSFT
2020-10-14,210.88922119140625,214.09753374216916,209.23732654938445,212.93260977868263,23421700,MSFT
2020-10-15,209.74343872070312,210.41183426186026,206.25820946264153,207.29901241593984,22733100,MSFT
2020-10-16,209.74343872070312,212.25469729461707,209.41879153927394,210.2113083145481,26057900,MSFT
2020-10-19,204.54901123046875,212.2642403214248,204.0715837959041,210.46910850508448,27625800,MSFT
2020-10-20,204.9595947265625,207.55680117288514,203.4700234408629,206.05768658353387,22753500,MSFT
2020-10-21,205.10279846191406,207.1270858226362,203.49863494271912,203.49863494271912,22724900,MSFT
2020-10-22,205.18873596191406,206.30591426730527,202.14274698836158,204.27206899419642,22351500,MSFT
2020-10-23,206.46824645996094,206.5159921132841,203.53684984099252,205.32242362984323,18879600,MSFT
2020-10-26,200.5959014892578,206.57328739211215,198.70529303319933,204.19570822507853,37111600,MSFT
2020-10-27,203.62277221679688,204.97866419195947,200.83459813928872,202.0377098600853,36700300,MSFT
2020-10-28,193.530029296875,199.41194035014757,192.97622614718813,198.2947616048558,51195600,MSFT
2020-10-29,195.4778594970703,197.99867537575767,194.1887997967496,194.8572097568725,31432600,MSFT
2020-10-30,193.32945251464844,195.06728067422344,190.608110506775,194.31295179301887,36953700,MSFT
2020-11-02,193.1957550048828,196.01257348222182,191.08551968739417,195.067262075214,30842200,MSFT
2020-11-03,197.11068725585938,198.72439434547238,193.95011991226437,194.6853622545586,27512000,MSFT
2020-11-04,206.6210479736328,208.46392547796825,202.83027291474843,204.35804655865567,42311800,MSFT
2020-11-05,213.20953369140625,214.00206496769775,211.16614488901527,212.0159651252917,36080100,MSFT
2020-11-06,213.62010192871094,214.23120837473735,208.18697616938863,212.22600760843946,25231900,MSFT
2020-11-09,208.53073120117188,217.8214639696989,208.04376051699998,214.30760543386708,44395000,MSFT
2020-11-10,201.48391723632812,206.72607562317089,200.25216088703263,204.81636591764507,44045100,MSFT
2020-11-11,206.77377319335938,208.196497268359,202.6201497218183,202.8015744328405,29440800,MSFT
2020-11-12,205.7139129638672,209.21822820406635,204.77815937346904,207.40400997799867,21593900,MSFT
2020-11-13,206.73561096191406,207.6045323412355,204.49171088632605,206.59238856748885,18621100,MSFT
2020-11-16,207.423095703125,207.91008095610752,204.83544745934216,205.1696378838174,24953300,MSFT
2020-11-17,204.77818298339844,207.85280227776673,204.41533346837915,206.34414439621403,24154100,MSFT
2020-11-18,202.07843017578125,205.9940073608106,201.93481820711207,204.53882413845477,28372800,MSFT
2020-11-19,203.3612823486328,203.94526929630183,200.97746390164156,202.3656398944147,24792700,MSFT
2020-11-20,201.41786193847656,204.19418482435066,201.0444941764718,203.1506716700391,22843100,MSFT
2020-11-23,201.14979553222656,203.23682175525894,199.28295679876337,201.9539699700148,25683500,MSFT
2020-11-24,204.73985290527344,205.11322061050996,199.95307996220436,200.65194472163236,33979700,MSFT
2020-11-25,204.74942016601562,206.10886192206488,203.39956130497038,205.9365451088525,21012900,MSFT
2020-11-27,206.05145263671875,207.0471097276896,204.91219818073947,205.68766777600618,14512200,MSFT
2020-11-30,204.94091796875,205.60148040979328,201.8486519158757,204.9696374397487,33064800,MSFT
2020-12-01,206.98965454101562,208.0523187829212,204.2516196677861,205.3621399555571,30904500,MSFT
2020-12-02,206.18545532226562,206.2811966253991,203.72506159891105,205.71636091789838,23724500,MSFT
2020-12-03,205.10369873046875,207.1524374293288,204.53884829324855,205.45791533381825,25120900,MSFT
2020-12-04,205.21852111816406,206.1950268455975,204.08883515739382,205.0844920660121,24666000,MSFT
2020-12-07,205.15151977539062,206.3482130777084,203.90697042743815,205.22810989970768,24620000,MSFT
2020-12-08,206.7981414794922,207.69805705197672,203.81120009683755,204.84514471577273,23284100,MSFT
2020-12-09,202.7677001953125,206.05141934797453,202.20286450676673,205.98441212448722,32440600,MSFT
2020-12-10,201.5422821044922,203.99310739268265,201.38910187196254,202.73897528099698,26733300,MSFT
2020-12-11,204.1654510498047,204.22290460061276,200.19243502451116,201.09235074888988,30979400,MSFT
2020-12-14,205.06536865234375,206.98966090003364,203.80166807637727,204.0122872737172,28798400,MSFT
2020-12-15,204.9983673095703,206.23334844937955,203.18896750450304,205.9940097735343,27000600,MSFT
2020-12-16,209.92874145507812,210.72334762421664,205.56320627702797,205.59192574993037,35023300,MSFT
2020-12-17,210.062744140625,211.47005656833366,208.62671224362202,210.49355078811152,32515800,MSFT
2020-12-18,209.26817321777344,210.3212692956712,206.80777908388407,209.26817321777344,63354900,MSFT
2020-12-21,213.09756469726562,214.44743823854384,208.01401392274173,208.27250376445025,37181900,MSFT
2020-12-22,214.38999938964844,216.00793106077268,212.3891317075916,213.19330609539352,22612200,MSFT
2020-12-23,211.5945587158203,214.02623344268295,211.38393949442968,213.59542671095656,18699600,MSFT
2020-12-24,213.25076293945312,214.0740885793448,211.76686020838318,211.97747941450012,10550600,MSFT
2020-12-28,215.3665313720703,216.39089336020064,213.50926081646244,214.87827109953108,17933500,MSFT
2020-12-29,214.59103393554688,217.4918172885593,214.0453493940068,216.65892343712179,17403200,MSFT
2020-12-30,212.22637939453125,216.00794208381058,212.02534309135797,215.62499144526328,20272300,MSFT
2020-12-31,212.934814453125,213.49008188993298,210.311657515392,212.24551795281667,20942100,MSFT
2021-01-04,208.4065704345703,213.49012212638644,205.64938391369034,213.04016419810185,37130100,MSFT
2021-01-05,208.60757446289062,209.2011442852732,206.5013971335944,207.9948680651304,23823000,MSFT
2021-01-06,203.19854736328125,207.25773679566413,202.90176972562557,203.1219572296807,35930700,MSFT
2021-01-07,208.98094177246094,209.98616708451945,204.59627029591414,204.9121844778068,27694500,MSFT
2021-01-08,210.2542266845703,211.17329358978736,207.77468161014076,209.35431096289832,22956200,MSFT
2021-01-11,208.21507263183594,209.5745145115379,207.4874737327891,209.1532761190525,23031300,MSFT
2021-01-12,205.7642364501953,207.84170898199775,204.22290942349233,207.26729032493492,23249300,MSFT
2021-01-13,207.11410522460938,207.51619243191996,204.8068769704024,204.8930499925977,20087100,MSFT
2021-01-14,203.93569946289062,208.1863566093762,203.66764131924498,206.70245392329073,29480800,MSFT
2021-01-15,203.58145141601562,205.36213157006432,202.9878962340234,204.41435985792472,31746500,MSFT
2021-01-19,207.20980834960938,207.72677334714928,203.56229007653778,204.63452243177323,30480900,MSFT
2021-01-20,214.77293395996094,216.16109525037086,208.02358090402097,208.4160998078411,37777300,MSFT
2021-01-21,215.37606811523438,216.64935150148284,212.93481093432405,215.11757827987228,30709400,MSFT
2021-01-22,216.31423950195312,220.2585498505108,216.17064217472952,217.39605472727075,30172700,MSFT
2021-01-25,219.74163818359375,219.9809768749982,214.65808671545548,219.34911922375264,33152100,MSFT
2021-01-26,222.42221069335938,224.19330805574725,220.26816270078035,221.97225283293037,49169600,MSFT
2021-01-27,222.96788024902344,230.18634210552298,220.32558681486526,227.85039454682703,69870600,MSFT
2021-01-28,228.74073791503906,232.29253006928437,225.0644995906523,225.5623280954357,49111200,MSFT
2021-01-29,222.0679931640625,227.86956006122185,221.4840062376579,225.9261312717925,42503100,MSFT
2021-02-01,229.43006896972656,232.15853595719565,222.51796623567458,225.0358140012582,33314200,MSFT
2021-02-02,229.29600524902344,231.9766011706054,228.51098203808783,231.00967824023755,25916300,MSFT
2021-02-03,232.63719177246094,234.63805958670622,229.05667994059564,229.35347216795947,27158100,MSFT
2021-02-04,231.68942260742188,232.86697949222687,230.11936136908966,232.31171197270916,25296100,MSFT
2021-02-05,231.87130737304688,232.9052522107318,230.16721716132736,231.9000268456431,18054800,MSFT
2021-02-08,232.12979125976562,233.2881822461942,230.54057897933532,232.78078543262248,22211900,MSFT
2021-02-09,233.3743438720703,234.32211561321034,231.0862668747444,231.55536129754788,23565000,MSFT
2021-02-10,232.46487426757812,235.43266505998918,230.61717210831472,234.55190049274034,22186700,MSFT
2021-02-11,234.0636444091797,234.69548737812784,231.82342341865782,234.34127083104315,15751100,MSFT
2021-02-12,234.54232788085938,234.839105493822,232.3786969588708,233.52751965114385,16561100,MSFT
2021-02-16,233.30734252929688,235.63372209695896,232.56060701574452,234.5806260608858,26728500,MSFT
2021-02-17,234.32447814941406,234.43003030313588,231.19631876722457,231.56095614221252,21653500,MSFT
2021-02-18,233.9309844970703,234.06532223016592,231.11948242524306,232.02147062247693,16925600,MSFT
2021-02-19,231.22509765625,233.9982245505223,230.46703730839147,233.89267239987308,25262600,MSFT
2021-02-22,225.02627563476562,228.30796711343328,223.0016046610061,227.81859707737652,36446900,MSFT
2021-02-23,223.8365020751953,225.33341290970458,219.48009270633426,221.015394129365,30228700,MSFT
2021-02-24,225.06471252441406,225.68842042273627,219.73915368791364,220.70830363621744,26339700,MSFT
2021-02-25,219.72955322265625,225.10307807896038,218.66444150450877,222.69458880716616,39542200,MSFT
2021-02-26,222.98248291015625,225.85155697990797,220.25732229386043,222.16685132625005,37819200,MSFT
2021-03-01,227.35804748535156,227.86661288751642,223.7213085056627,226.36009733043844,25324000,MSFT
2021-03-02,224.41220092773438,227.70349799818933,224.00918764921863,227.4252175123957,22812500,MSFT
2021-03-03,218.3573760986328,224.13392888093216,218.06950529574024,222.77135603173917,34029500,MSFT
2021-03-04,217.56092834472656,223.08800061349675,215.19081513202866,217.57053331073425,44727800,MSFT
2021-03-05,222.23399353027344,223.8364561921573,217.3018581200775,220.23810794614715,41872800,MSFT
2021-03-08,218.1942596435547,223.93242202512073,217.9447794153884,222.0133028006234,35267400,MSFT
2021-03-09,224.32583618164062,225.86113735770795,222.30116489353895,223.46223842117595,33080500,MSFT
2021-03-10,223.02085876464844,227.41564385006524,222.65622140139538,227.41564385006524,29746800,MSFT
2021-03-11,227.54039001464844,229.4978853058214,224.8344247079214,225.4581472805967,29907600,MSFT
2021-03-12,226.21617126464844,226.28334746335574,223.79807702037834,224.54653232236623,22653700,MSFT
2021-03-15,225.31417846679688,225.67881578579735,222.4354997800782,225.458121186163,26034900,MSFT
2021-03-16,228.096923828125,230.3518801512368,226.39849920018347,226.7247459571365,28092200,MSFT
2021-03-17,227.45399475097656,228.90293907696545,223.79807512037002,226.5999873166399,29562100,MSFT
2021-03-18,221.38958740234375,224.71926031527957,221.01535975192502,223.15517351500054,34833000,MSFT
2021-03-19,221.03456115722656,223.06882283713475,220.07500155097284,221.67746433641042,46430700,MSFT
2021-03-22,226.4464874267578,227.31967558191016,220.83305760883877,220.95780504888268,30127000,MSFT
2021-03-23,227.97219848632812,231.3018718634521,227.48282830347065,227.88584162612725,31638400,MSFT
2021-03-24,225.93789672851562,228.3751715285235,225.80355897799103,228.23124345357456,25620100,MSFT
2021-03-25,222.944091796875,227.35807216690534,222.20524138776594,225.78439488259968,34061900,MSFT
2021-03-26,226.91664123535156,227.13735047675794,222.18601962035427,222.18601962035427,25479900,MSFT
2021-03-29,225.72682189941406,227.22373264099474,222.50270082457934,227.02221866806568,25227500,MSFT
2021-03-30,222.4739227294922,224.39304213318255,221.7542529531083,224.08597600056692,24792000,MSFT
2021-03-31,226.23536682128906,229.4307019873928,222.9920507477263,223.49102583020917,43623500,MSFT
2021-04-01,232.5492706298828,233.01944545451641,228.42316149759984,228.8261747651646,30338000,MSFT
2021-04-05,238.9975128173828,239.85152026219762,232.88510830575663,232.94267953817064,36910600,MSFT
2021-04-06,237.83642578125,239.31414101565258,236.8960615411756,237.59653589865943,22931900,MSFT
2021-04-07,239.79391479492188,240.78225991518588,237.1935167319145,237.78843894053895,22719800,MSFT
2021-04-08,243.00845336914062,243.8624607735945,241.80900394481122,242.5478688898788,23625200,MSFT
2021-04-09,245.50331115722656,245.63764890551167,242.23120965191174,242.6438132210316,24326800,MSFT
2021-04-12,245.5609130859375,247.24974743747651,244.3230729403919,244.4094444364362,27148700,MSFT
2021-04-13,248.0365447998047,248.70824821467303,246.44367239367668,246.85630526571913,23837500,MSFT
2021-04-14,245.2538604736328,248.3628245342874,244.84125683021273,247.06744236464007,23070900,MSFT
2021-04-15,249.0056915283203,249.41829508741483,247.30728174663673,247.49917607756265,25627500,MSFT
2021-04-16,250.195556640625,250.445051503243,247.18255477329765,248.9769265105959,24878600,MSFT
2021-04-19,248.27645874023438,250.90567213918928,247.39368024577658,249.66783197003826,23209300,MSFT
2021-04-20,247.81590270996094,249.6774509098271,246.45331502256164,247.39369409039713,19722900,MSFT
2021-04-21,250.04205322265625,250.13801504914483,246.84673231299666,248.4683905453081,24030400,MSFT
2021-04-22,246.77000427246094,251.19356085177702,245.30186432222726,249.68704495227024,25606200,MSFT
2021-04-23,250.58900451660156,250.93446122870813,246.86590827372385,247.45125490577422,21462600,MSFT
2021-04-26,250.97279357910156,251.82681565162977,249.64862597185794,251.07836035908593,19763300,MSFT
2021-04-27,251.3757781982422,252.54644184227783,249.6005874444316,251.00153597469426,31014200,MSFT
2021-04-28,244.26548767089844,246.1654262072266,242.72059614037644,245.72400771033827,46903100,MSFT
2021-04-29,242.2983856201172,245.7432156591493,238.93033674663465,245.1290981102082,40589000,MSFT
2021-04-30,241.98171997070312,242.84533234959014,239.5060692196905,239.64040697084403,30945100,MSFT
2021-05-03,241.67469787597656,244.0640067134721,240.96461845267157,243.1524133181081,19626600,MSFT
2021-05-04,237.76927185058594,241.0509786364311,235.821366992888,240.8206790565612,32756100,MSFT
2021-05-05,236.5026397705078,239.4101039903154,235.87893192942408,238.98789545222698,21901300,MSFT
2021-05-06,239.63079833984375,239.7555457646202,234.79462473056245,236.4834442394811,26491100,MSFT
2021-05-07,242.2504119873047,244.0159980566037,241.0125719605132,241.95293622585686,27032900,MSFT
2021-05-10,237.18392944335938,241.5499284512594,237.12635821135868,240.72470662857563,29299900,MSFT
2021-05-11,236.27239990234375,236.62744697637078,232.76042224457652,234.66034650424996,33641600,MSFT
2021-05-12,229.33473205566406,234.49716711113675,228.44234870372256,232.37653406692775,36684400,MSFT
2021-05-13,233.2017364501953,235.66781131217894,231.65684512029483,232.02148240366125,29624300,MSFT
2021-05-14,238.11468505859375,239.10303017636681,235.56226790568283,235.6486247470301,23901100,MSFT
2021-05-17,235.26480102539062,236.61778349101087,233.67194331645007,236.57940755176028,24970200,MSFT
2021-05-18,233.249755859375,236.44509117389674,233.07702751284302,236.31075341180204,20168000,MSFT
2021-05-19,233.82679748535156,233.93259335141164,229.47958385849037,230.16243607762956,25739800,MSFT
2021-05-20,237.05836486816406,238.47217569165701,234.53851835238595,234.63470174976987,21800700,MSFT
2021-05-21,235.79843139648438,238.83764464564823,235.3848750918042,238.10670075398016,21863100,MSFT
2021-05-24,241.19400024414062,241.5594795417082,238.04899101242594,238.31828691309914,21411500,MSFT
2021-05-25,242.09803771972656,243.0886649329485,241.23244596999683,242.14612941149463,17704300,MSFT
2021-05-26,241.87689208984375,243.2714634355035,241.16517303578058,241.819173240438,17771600,MSFT
2021-05-27,239.78021240234375,241.86726317029425,239.72250822888856,241.56911515709095,24426200,MSFT
2021-05-28,240.1360626220703,242.44433227006198,240.02065427610526,241.4056131297948,18270200,MSFT
2021-06-01,237.94322204589844,241.68452766984606,237.52005320809064,241.62682349539628,23213300,MSFT
2021-06-02,237.8470458984375,239.7417445032834,236.4428474366505,238.64532119633685,19406700,MSFT
2021-06-03,236.31785583496094,236.92376439822456,233.71143786898358,235.84658057417465,25307700,MSFT
2021-06-04,241.20359802246094,242.0307252885861,238.04897651340795,238.28942031547314,25281100,MSFT
2021-06-07,244.10821533203125,244.3775112737466,240.26111367835148,240.4246137375695,23079200,MSFT
2021-06-08,242.9156036376953,246.22411314134618,242.85788479009744,245.40659823560296,22455000,MSFT
2021-06-09,243.8966064453125,245.76245296444787,243.531141793228,244.10819819545324,17937600,MSFT
2021-06-10,247.40707397460938,247.6186657190944,243.97354371278735,244.56983971513966,24563600,MSFT
2021-06-11,248.03225708007812,248.6092988045353,246.8011564650918,248.12841113345158,18999700,MSFT
2021-06-14,249.9557647705078,250.01346893302807,246.98385364546934,248.04181221008912,19150500,MSFT
2021-06-15,248.48428344726562,250.0519820781897,247.83028320585453,249.8403903117265,18038900,MSFT
2021-06-16,247.541748046875,250.6194116030859,244.69488651031241,249.4845237170654,27220000,MSFT
2021-06-17,250.92713928222656,251.74465405768584,246.22407390163147,246.2817780645063,27565500,MSFT
2021-06-18,249.5133514404297,252.2736417712476,248.85935130058786,249.70571823499586,37202200,MSFT
2021-06-21,252.591064453125,253.44702925067534,248.0611107803367,249.88847807213403,26696100,MSFT
2021-06-22,255.36094665527344,255.63024254135578,252.3698104749173,252.67758558788293,24694100,MSFT
2021-06-23,255.13011169433594,256.6304787462093,254.3222240011004,255.82259105297376,19518700,MSFT
2021-06-24,256.4959411621094,257.61160439785294,255.32257373753964,255.98620126010317,21446900,MSFT
2021-06-25,254.88961791992188,257.03438688764334,254.63957636098738,256.05338688479475,25611100,MSFT
2021-06-28,258.4482116699219,258.62132414743763,255.74562592819686,256.01492178801493,19590000,MSFT
2021-06-29,261.02581787109375,261.26626170283777,257.7365626894256,258.59252746788644,19937800,MSFT
2021-06-30,260.5449523925781,260.98736086236244,259.29465610147,260.34298777501124,21656500,MSFT
2021-07-01,261.2182312011719,261.44904792841857,259.29468020462576,259.3042780008885,16725300,MSFT
2021-07-02,267.0368957519531,267.3735229640247,262.0837590204918,262.3915341487316,26458000,MSFT
2021-07-06,267.0466003417969,268.69122829926044,263.8150192602076,267.402452595938,31565600,MSFT
2021-07-07,269.229736328125,269.9606949040537,266.55600233060557,268.71999662413555,23260000,MSFT
2021-07-08,266.8157653808594,268.07568890593086,264.36322030721055,266.31562334882244,24618600,MSFT
2021-07-09,267.3158874511719,267.42166866870554,264.7960403125206,265.18074464609816,23916700,MSFT
2021-07-12,266.71954345703125,269.0758754216596,266.0078097490521,268.48920655469243,18931700,MSFT
2021-07-13,270.2396545410156,272.03816979015454,266.7868844783001,266.9118906217508,26120100,MSFT
2021-07-14,271.711181640625,272.8172174966731,269.82608069615287,271.5572940522361,23113700,MSFT
2021-07-15,270.28765869140625,271.711096424281,269.1335168159892,271.2205817245717,22604200,MSFT
2021-07-16,270.01837158203125,273.2403241834957,268.7776734284187,271.28792181591155,26186800,MSFT
2021-07-19,266.42138671875,269.65293765611636,263.9592442852176,268.2679788683728,32935600,MSFT
2021-07-20,268.64300537109375,270.22992828235164,265.69997616082077,267.4023073782001,26259700,MSFT
2021-07-21,270.6435546875,270.75896302355244,266.69067242244347,268.23911651623393,24364300,MSFT
2021-07-22,275.2024841308594,275.4717801246783,272.5864533261634,272.9903826413608,23384100,MSFT
2021-07-23,278.59747314453125,278.90521894376,275.5486324297109,276.3853722718105,22768100,MSFT
2021-07-26,278.0011291503906,278.6166794096968,275.68327658614254,277.9530521274675,23176100,MSFT
2021-07-27,275.587158203125,278.5109345714232,272.1343877026181,278.36667411756946,33604100,MSFT
2021-07-28,275.2792663574219,279.0590354020908,272.980609812808,277.94337277992776,33566900,MSFT
2021-07-29,275.5486145019531,277.5875733755724,275.1446559746078,275.2985435397369,18168300,MSFT
2021-07-30,274.0194396972656,275.7025466900229,273.0576642728328,274.26951069995624,20944800,MSFT
2021-08-02,273.932861328125,275.8083056438092,272.89412751695914,275.41397422948273,16267400,MSFT
2021-08-03,276.1449279785156,276.2507385273349,273.1441936458983,274.50992752859145,17879000,MSFT
2021-08-04,275.5582580566406,276.59696249430243,273.76934068765456,275.27933499379344,16191300,MSFT
2021-08-05,278.4532470703125,278.5590576435162,275.1639911211731,275.9141748772102,13900200,MSFT
2021-08-06,278.3954162597656,278.43389548261604,276.62575357226086,277.48174751216084,16589300,MSFT
2021-08-09,277.30865478515625,280.40557237439197,276.8085422037399,278.67438860321397,16117600,MSFT
2021-08-10,275.4908752441406,278.1934610570605,274.2982834551078,277.7606505008222,18616600,MSFT
2021-08-11,275.9814453125,277.62607292416914,274.9330843638876,276.23148694196493,13955900,MSFT
2021-08-12,278.7320861816406,278.88597374560374,275.3947248502605,275.6736478943844,14561300,MSFT
2021-08-13,281.65594482421875,281.7040218560263,278.24162438521927,278.41476627205253,18249000,MSFT
2021-08-16,283.33905029296875,283.55064206366075,278.9341023443054,281.98294340140507,22507600,MSFT
2021-08-17,281.8770446777344,282.2136718464197,279.95349440073016,281.213446835132,20075300,MSFT
2021-08-18,280.1522216796875,284.0934094395426,279.7089369385495,281.41455687924235,21813000,MSFT
2021-08-19,285.9725036621094,286.64704708243323,278.13832497152845,278.1864940413031,29850500,MSFT
2021-08-20,293.2863464355469,294.7125096493585,287.21557336643235,288.8151805177053,40817600,MSFT
2021-08-23,293.5657653808594,294.2884777670295,290.8676509020545,292.21670814145693,22830200,MSFT
2021-08-24,291.6096496582031,294.5294067686128,291.0122120736746,293.92232360780326,18175800,MSFT
2021-08-25,291.0218200683594,293.5079376265004,289.48967340701506,293.2284806156416,20006100,MSFT
2021-08-26,288.2080383300781,291.42651371995913,288.0731473198594,290.0389036898351,17666100,MSFT
2021-08-27,288.81512451171875,289.92327755138285,286.0302588466658,288.1116739143192,22605700,MSFT
2021-08-30,292.5443420410156,293.15142516677145,290.10639336951124,290.1642080093696,16348100,MSFT
2021-08-31,290.8965759277344,293.4212466452703,290.5303969246272,293.34417025857385,26285300,MSFT
2021-09-01,290.84832763671875,294.08609406102465,290.5207015866993,291.85049693558,18983800,MSFT
2021-09-02,290.193115234375,292.3226995544428,289.2584060139798,291.20493024605145,16285600,MSFT
2021-09-03,290.1835632324219,291.59043545834663,289.3355757842756,290.03899719361317,14747900,MSFT
2021-09-07,289.2584228515625,290.13531748316177,287.3504808113143,290.05824109463697,17180400,MSFT
2021-09-08,289.287353515625,289.6727943038397,286.64705323874495,288.8730054034754,15046800,MSFT
2021-09-09,286.4350280761719,291.1471272624396,286.1941239314484,289.8751463205612,19927000,MSFT
2021-09-10,284.9510803222656,289.0079277198995,284.6330997569278,287.56250269932383,19633400,MSFT
2021-09-13,286.1844482421875,287.678071426656,283.3803207637957,286.7240711170078,23652900,MSFT
2021-09-14,288.88262939453125,290.4244218394307,287.25411498430714,288.66098698942704,21853400,MSFT
2021-09-15,293.7296142578125,294.21142254991946,290.83876450517084,292.2263747390184,28356300,MSFT
2021-09-16,294.11505126953125,294.20177323213824,289.81732959262365,292.70817930849984,19550800,MSFT
2021-09-17,288.95965576171875,293.42120456252405,288.63202970257026,293.1032240780458,41372500,MSFT
2021-09-20,283.59234619140625,287.8515443910694,278.98626014030367,285.5484866618961,38278700,MSFT
2021-09-21,284.07415771484375,286.7144871567123,283.3707364278861,284.93179059163447,22364100,MSFT
2021-09-22,287.7165832519531,289.29692832647936,283.79468669698116,285.9339163666204,26626300,MSFT
2021-09-23,288.6609191894531,289.9521616041896,286.70477912281865,287.9767597966443,18604600,MSFT
2021-09-24,288.4585876464844,288.89219740081836,286.1266229188525,287.37934193715523,14999000,MSFT
2021-09-27,283.4670715332031,285.6833776639269,282.28181268174734,285.36539716620223,23571700,MSFT
2021-09-28,273.2045593261719,280.20042503434115,272.4625851539167,279.25607020918045,43186200,MSFT
2021-09-29,273.66717529296875,276.3363832822791,272.71320405702147,274.72715967027204,26353700,MSFT
2021-09-30,271.6627502441406,277.35769732785985,271.37364767786374,275.31483525135485,32343600,MSFT
2021-10-01,278.58154296875,279.42953021502547,271.05570026891905,271.8554890446492,30086300,MSFT
2021-10-04,272.8094482421875,277.2806428364156,270.05351921774275,276.94337118609593,31350700,MSFT
2021-10-05,278.2538757324219,279.8341913063189,273.71522140234265,273.71522140234265,24993000,MSFT
2021-10-06,282.4455871582031,282.9466865037661,275.1221260888592,275.3822919286594,28002600,MSFT
2021-10-07,284.1222839355469,285.8471654194184,283.22612779643686,284.4402643887922,20430500,MSFT
2021-10-08,284.1222839355469,285.8471654194184,283.0719456530571,285.44243361714194,17685700,MSFT
2021-10-11,283.52490234375,287.1288187573514,282.0987392920623,282.26256704142725,19298600,MSFT
2021-10-12,282.22406005859375,284.690916425301,281.71334439065623,284.59454887512936,17974100,MSFT
2021-10-13,285.5291748046875,286.4638838944547,282.81176948302556,284.1801177182295,23416300,MSFT
2021-10-14,291.7348937988281,292.2359637895139,286.9938877052562,288.32368317323034,27262900,MSFT
2021-10-15,293.1417541503906,293.37304209699454,289.58600707147593,291.3397960809564,25384800,MSFT
2021-10-18,296.1097412109375,296.996251978843,291.6770991496789,292.5250864283667,22729300,MSFT
2021-10-19,297.01556396484375,298.0466114077476,296.0423017598198,297.13119325509496,17682100,MSFT
2021-10-20,296.225341796875,298.4320317414315,294.9726227448066,297.95983967544254,16537100,MSFT
2021-10-21,299.4535217285156,299.7040420623986,295.2135849120758,295.99414145888375,16918100,MSFT
2021-10-22,297.91168212890625,299.7714549252828,296.6011483907177,299.10655718444485,17449300,MSFT
2021-10-25,296.9191589355469,298.14294131253496,295.309906430058,298.10438841823645,17554500,MSFT
2021-10-26,298.8271484375,301.03383882381803,297.3721072772416,299.6847813807239,28107300,MSFT
2021-10-27,311.4119567871094,314.2353460702273,304.50281355306396,304.50281355306396,52588700,MSFT
2021-10-28,312.5490417480469,313.0501117800628,309.667808194034,312.5297505959251,26297900,MSFT
2021-10-29,319.5545349121094,319.9207139283914,312.11541352037625,312.33705592687465,34766000,MSFT
2021-11-01,317.3863830566406,319.429245467658,314.4955333639382,319.30397060914856,27073200,MSFT
2021-11-02,321.0096130371094,321.31797741681345,317.9934882764792,318.2922070795532,26487100,MSFT
2021-11-03,321.8479309082031,322.71517993039924,318.61980955207633,321.75156337079386,21500100,MSFT
2021-11-04,324.19915771484375,324.29552525226745,317.52130201351525,320.778330690629,23992200,MSFT
2021-11-05,323.8329772949219,326.4636610780947,322.2526614356384,326.1938496188393,22570100,MSFT
2021-11-08,324.7291564941406,325.3651469944245,322.27194586748317,325.0278752948011,20897000,MSFT
2021-11-09,323.7269592285156,326.39616621738094,322.35861092573055,324.84472843590123,21307400,MSFT
2021-11-10,318.7643737792969,322.45504199048236,317.91641583544316,322.3972273444752,25500900,MSFT
2021-11-11,320.3350524902344,321.62629517799496,318.48492512550797,319.197991984075,16849800,MSFT
2021-11-12,324.4689636230469,324.96041747042767,321.6455742090313,321.77084906481406,23831000,MSFT
2021-11-15,323.84259033203125,325.5867337696935,321.87680452226203,325.25910770260543,16723000,MSFT
2021-11-16,327.157470703125,328.27526945186895,323.30300442769504,323.4668027763442,20886800,MSFT
2021-11-17,327.37945556640625,330.34317737832805,326.2982353582756,327.2056943460369,19053400,MSFT
2021-11-18,329.45501708984375,330.5941871717435,325.448698473781,326.47199828045603,22463500,MSFT
2021-11-19,331.2313232421875,333.152448348102,330.3528538835382,330.7776231911043,21963400,MSFT
2021-11-22,328.06488037109375,337.5642399354129,327.7945753077866,332.6890561129603,31031100,MSFT
2021-11-23,325.9893493652344,327.69808997134413,322.0119904551096,325.381155553639,30427600,MSFT
2021-11-24,326.2113342285156,326.45267906197216,322.3498168932111,324.6377612006127,21661300,MSFT
2021-11-26,318.2662658691406,326.2306457276497,316.76027639823303,322.77460052160296,24217200,MSFT
2021-11-29,324.9757080078125,327.29261293135295,323.1511265991085,323.34421428483876,28563500,MSFT
2021-11-30,319.144775390625,326.08585570049416,317.60016244351027,323.7110306026671,42885600,MSFT
2021-12-01,318.6524353027344,327.53393801069564,317.9863505876279,323.5276191928272,33337600,MSFT
2021-12-02,318.08282470703125,321.94434201116263,316.4513312891526,318.86477960423474,30766000,MSFT
2021-12-03,311.8272705078125,321.18180108322787,307.01966954803913,320.4963603630018,41779300,MSFT
2021-12-06,314.8970947265625,316.11348214356707,308.17806265285725,312.73465439503434,30032600,MSFT
2021-12-07,323.32489013671875,324.1743992838451,318.6717542353688,320.1584467996634,31021900,MSFT
2021-12-08,323.3731994628906,323.8848494624371,319.3475536468009,323.70142498514247,24761000,MSFT
2021-12-09,321.56787109375,324.8404918083329,320.6217887138413,322.83251569998305,22214200,MSFT
2021-12-10,330.6810607910156,331.12512705634384,323.1993706024248,323.3827950413509,38095700,MSFT
2021-12-13,327.6498107910156,331.88784112335867,327.3408822668036,328.8854954268182,28899400,MSFT
2021-12-14,316.9726867675781,323.0545950116288,312.88912106633165,321.68374322246143,44438700,MSFT
2021-12-15,323.064208984375,323.5855221073149,313.26561400702604,317.23330918334995,35381100,MSFT
2021-12-16,313.6517639160156,325.1011790200771,311.83684591434667,324.0875129645706,35034800,MSFT
2021-12-17,312.5898132324219,313.6710628222482,306.2665904465463,309.77092210537467,47750300,MSFT
2021-12-20,308.8345642089844,311.6244956878622,306.5755796789902,308.96970202135424,28326500,MSFT
2021-12-21,315.9591064453125,316.3838758381777,308.7283930038444,312.0975879363911,24740600,MSFT
2021-12-22,321.66448974609375,322.0602694505174,314.4724000480661,316.9341062072316,24831500,MSFT
2021-12-23,323.1028747558594,324.7440317285957,321.2107391407732,321.2300361252478,19617800,MSFT
2021-12-27,330.59417724609375,330.6231374487701,323.8171952094219,323.84615541209826,19947000,MSFT
2021-12-28,329.435791015625,331.90716045361296,328.53799505142064,331.2700063774219,15661500,MSFT
2021-12-29,330.1115417480469,332.38016007251247,327.9201113620014,329.48402148531875,15042000,MSFT
2021-12-30,327.5726013183594,331.2506951069542,327.08991153548817,330.0729308583066,15994500,MSFT
2021-12-31,324.6764221191406,327.6111544209489,324.2226926014007,326.7906054612649,18000800,MSFT
2022-01-03,323.1607666015625,326.29824977245147,318.3628296202537,323.7400001560889,28865100,MSFT
2022-01-04,317.6195373535156,323.5952391659229,314.82957629356036,323.2380239826921,32674300,MSFT
2022-01-05,305.4267578125,314.7812871228152,305.04061192128523,314.5785362245669,40054300,MSFT
2022-01-06,303.0133056640625,307.66644167118665,300.7060346434731,302.30856806148427,39646100,MSFT
2022-01-07,303.1677551269531,305.54258020265945,299.35449471125537,303.27393271968896,32720000,MSFT
2022-01-10,303.38983154296875,303.824264140596,294.14150808241357,298.77531830555176,44289500,MSFT
2022-01-11,304.0752258300781,305.64876956592934,299.1614480285225,302.53061283786786,29386800,MSFT
2022-01-12,307.2513122558594,312.21337685592107,306.1025083336208,308.602867078053,34372200,MSFT
2022-01-13,294.2476501464844,309.7709684945666,293.4753583562799,309.37515937724777,45366000,MSFT
2022-01-14,299.460693359375,300.05922385700916,293.2339846176459,293.7166743042593,39846400,MSFT
2022-01-18,292.1720886230469,299.0745458921932,291.2935897762765,293.54294042354564,42333200,MSFT
2022-01-19,292.8285217285156,303.0422523236715,292.2203574511124,295.6860659770476,45933900,MSFT
2022-01-20,291.1584167480469,300.8604673943379,290.71435049782207,298.3698016436407,35380700,MSFT
2022-01-21,285.7813720703125,293.5816276472931,285.37589960414067,292.2108048723912,57984400,MSFT
2022-01-24,286.10955810546875,286.8239296088177,266.49303682458367,282.0839415201582,85731500,MSFT
2022-01-25,278.5023498535156,284.77731721920185,275.2973119894379,281.42744884707827,72848600,MSFT
2022-01-26,286.4377136230469,297.81954500203807,282.8851245004796,297.32719208033615,90428900,MSFT
2022-01-27,289.45941162109375,296.6611350858043,287.6155330759337,292.18178912511314,53481300,MSFT
2022-01-28,297.5879211425781,297.8003058303216,284.2560313928482,289.8359242315118,49743700,MSFT
2022-01-31,300.2137451171875,301.5652706042171,295.76333004152133,298.254025795733,46444500,MSFT
2022-02-01,298.070556640625,299.8758114270801,294.56622466172195,299.66342677802413,40950400,MSFT
2022-02-02,302.6078186035156,304.21035194352163,298.1863939124947,298.9104284628024,36636000,MSFT
2022-02-03,290.820556640625,300.4550540690847,289.57520891247447,298.7752738080084,43730000,MSFT
2022-02-04,295.34814453125,298.10911517984084,289.58482894873913,289.8165105525263,35096500,MSFT
2022-02-07,290.5309753417969,297.1824248464775,289.5173091795903,295.57025756283554,28533300,MSFT
2022-02-08,294.0159606933594,294.9813401359987,289.5655756040924,290.8205570951065,32421200,MSFT
2022-02-09,300.4358215332031,301.1308961265202,296.7480933057933,299.1422162130675,31284700,MSFT
2022-02-10,291.91156005859375,298.4182107376246,290.2897290017936,293.5140941246181,45386200,MSFT
2022-02-11,284.8255310058594,293.75528997244055,284.0339128700643,292.6933667977203,39175600,MSFT
2022-02-14,284.78692626953125,286.4860034605709,281.263297311286,283.599498987924,36359500,MSFT
2022-02-15,290.067626953125,290.38618927733245,286.7370553493468,289.6235605596376,27058300,MSFT
2022-02-16,289.72894287109375,291.05424249393616,284.09881075240287,288.6358039056966,29982100,MSFT
2022-02-17,281.2451477050781,287.1170957635478,280.53895281663284,286.69144809406896,32461600,MSFT
2022-02-18,278.5364990234375,284.2730302677064,276.9693549958802,283.48945825392775,34264000,MSFT
2022-02-22,278.3333435058594,282.02872584374245,275.2183925047165,275.702080365006,41736100,MSFT
2022-02-23,271.1263427734375,282.1834680729997,270.9619054573808,280.7130382995433,37811200,MSFT
2022-02-24,284.979248046875,285.5306593665274,262.66188010695714,263.6196022731871,56989700,MSFT
2022-02-25,287.6105041503906,287.92007149964275,282.13515343860865,285.5113151425781,32546700,MSFT
2022-02-28,289.0422058105469,289.3807932241622,283.4410920061188,284.7083518645938,34627500,MSFT
2022-03-01,285.32745361328125,290.1836686434819,282.6187841386107,286.7301305623066,31217800,MSFT
2022-03-02,290.3965148925781,291.63475461259384,284.118256021791,285.7240737108103,31873000,MSFT
2022-03-03,286.2658386230469,293.24060936073806,284.45682121195006,293.0084486328815,27314500,MSFT
2022-03-04,280.40350341796875,286.0143001348497,277.80128997128503,284.68900016266156,32356500,MSFT
2022-03-07,269.8107604980469,280.23906938127266,269.4431530078945,279.1169100246889,43157200,MSFT
2022-03-08,266.8505859375,274.695988493688,261.19143233256847,268.7369507911687,48159500,MSFT
2022-03-09,279.08782958984375,280.1519485359989,271.6196896067693,274.1929119594873,35204500,MSFT
2022-03-10,276.2728271484375,277.24988606847967,271.4262653649747,273.7866644734184,30628000,MSFT
2022-03-11,270.932861328125,280.06488834104937,270.31372684225215,278.5654386141769,27209300,MSFT
2022-03-14,267.4212951660156,276.0889716905132,266.8215270580334,271.19405384683813,30660700,MSFT
2022-03-15,277.7818603515625,278.4300149062294,269.6365754251253,271.20371896326867,34245100,MSFT
2022-03-16,284.7857360839844,284.9598566183486,273.960800034903,279.67796423359994,37826300,MSFT
2022-03-17,285.5885925292969,285.96585361791,279.929440024444,283.7215649241579,30816600,MSFT
2022-03-18,290.628662109375,291.1800733202025,283.17988724924487,285.7337436372442,43390600,MSFT
2022-03-21,289.40008544921875,290.3481241566419,285.27905598306444,289.1389046674614,28351200,MSFT
2022-03-22,294.14019775390625,295.0495331029309,289.0227729955793,290.0191685986224,27599700,MSFT
2022-03-23,289.71929931640625,293.33730401444876,288.0070551895243,290.7060412894904,25715400,MSFT
2022-03-24,294.1789245605469,294.2756680245102,288.58749479820733,289.380749871962,24484500,MSFT
2022-03-25,293.77264404296875,295.5332748935633,289.5258800923185,295.27209408375734,22566500,MSFT
2022-03-28,300.5636291503906,300.6603430987499,294.4014214022609,294.4014214022609,29578200,MSFT
2022-03-29,305.11993408203125,305.5165616109736,298.9674100649689,303.6688707174927,30393400,MSFT
2022-03-30,303.6205139160156,305.6423550476428,301.41489856711223,303.52379996649006,28163600,MSFT
2022-03-31,298.2515869140625,304.858779193998,297.84530566978634,303.6592133025089,33422100,MSFT
2022-04-01,299.32537841796875,300.01220684451596,295.57195627521304,299.27699192361627,27110500,MSFT
2022-04-04,304.6943359375,304.8297531887579,299.60593013266003,299.9735376348756,24289600,MSFT
2022-04-05,300.7377014160156,304.5975202300645,299.76064270992003,303.04971351922677,23156700,MSFT
2022-04-06,289.72894287109375,296.9842586358123,287.0299571404709,295.2333114596833,40110400,MSFT
2022-04-07,291.5379943847656,293.7436096818607,286.6817792585373,286.9816633477329,31411200,MSFT
2022-04-08,287.2815856933594,291.2961892637509,286.6140940454331,290.6383808206242,24361900,MSFT
2022-04-11,275.95361328125,283.06380135890896,275.7020861416009,282.27057568810704,34569300,MSFT
2022-04-12,272.85791015625,281.2547217643662,271.33912365293753,279.80365862610836,30966700,MSFT
2022-04-13,278.2366027832031,279.1652752180004,272.12278108336227,273.5061508141746,21907200,MSFT
2022-04-14,270.7007141113281,278.9040702197633,270.2073726066549,278.6912463967013,28221600,MSFT
2022-04-18,271.3681640625,273.2448748903174,269.2592925621962,269.8107036813086,20778000,MSFT
2022-04-19,275.99224853515625,276.8338901106772,269.3270459623916,270.26540148092727,22297700,MSFT
2022-04-20,277.0176696777344,280.24873024308215,276.05997725645005,279.95849984253823,22906700,MSFT
2022-04-21,271.6487121582031,283.7312227224096,270.9231805322284,279.1652091753969,29454600,MSFT
2022-04-22,265.09002685546875,273.9608771881031,264.4612384007649,272.49044686968955,29405800,MSFT
2022-04-25,271.56170654296875,271.93896771296136,261.9363065596579,264.37411220746367,35678900,MSFT
2022-04-26,261.4042053222656,269.27862643636087,261.1913815342113,268.44669768793943,46518400,MSFT
2022-04-27,273.98016357421875,281.47732570453576,270.0526203554486,272.89670744793256,63477700,MSFT
2022-04-28,280.1810302734375,281.4869933800965,272.27755777079875,275.8858797797823,33646600,MSFT
2022-04-29,268.4660949707031,280.4228740335642,267.4793823797048,279.1942879944,37073900,MSFT
2022-05-02,275.1893005371094,275.6439681879051,267.20845292685556,268.6498329270147,35151100,MSFT
2022-05-03,272.5870666503906,274.8604049751224,271.0102398651095,274.6959381507982,25978600,MSFT
2022-05-04,280.5196533203125,281.3902856613951,267.7019235952475,273.37073177858093,33599300,MSFT
2022-05-05,268.3016052246094,277.0079848672341,265.3897954748828,276.22441306115445,43260400,MSFT
2022-05-06,265.76708984375,270.1396166091243,262.4199492559165,265.8444668964473,37780300,MSFT
2022-05-09,255.94821166992188,263.47439231628505,254.72933854404118,261.24944034580705,47726000,MSFT
2022-05-10,260.7077331542969,264.8190795955056,256.42226618437826,262.8262881528178,39336400,MSFT
2022-05-11,252.04971313476562,262.507041521962,250.84049357545095,257.01235492970693,48975900,MSFT
2022-05-12,247.01937866210938,251.4015891851371,241.86326466522425,249.28303414533278,51033800,MSFT
2022-05-13,252.6011199951172,254.4584941959466,247.0193732332159,248.95412449484758,34925100,MSFT
2022-05-16,252.96868896484375,257.14775813932226,247.43530001769813,251.47892245393152,32550900,MSFT
2022-05-17,258.1152038574219,259.57592116021584,253.89743024977278,257.4283458213499,28828800,MSFT
2022-05-18,246.36329650878906,255.59416717330026,245.0930851004618,255.01238395336077,31356000,MSFT
2022-05-19,245.4518280029297,249.8442599742027,244.23010107031448,246.1887405470746,32692300,MSFT
2022-05-20,244.88943481445312,250.68782539404745,238.9553115969885,249.42729026419417,39199300,MSFT
2022-05-23,252.73370361328125,253.55789389015007,245.73298352377535,247.73043098596386,33175400,MSFT
2022-05-24,251.7350311279297,253.39308813535808,245.80090744599767,250.05759219663736,29043900,MSFT
2022-05-25,254.5469512939453,256.54438432821877,249.32066725672652,250.30000184980992,28547900,MSFT
2022-05-26,257.82427978515625,258.9975222921612,253.49003807090028,254.30452267342017,25002100,MSFT
2022-05-27,264.9413146972656,265.0382834774228,259.4338312366583,260.32590258710013,26910800,MSFT
2022-05-31,263.6129455566406,266.4248628217989,260.76223485872504,264.25290403889915,37827700,MSFT
2022-06-01,264.146240234375,269.25617238114495,261.83851939689276,266.84180659959077,25292200,MSFT
2022-06-02,266.2406311035156,266.30851221318625,253.65486971991317,256.4183173881909,44008200,MSFT
2022-06-03,261.8191833496094,265.14503294554464,260.25809503355293,262.1003840143202,28059000,MSFT
2022-06-06,260.5877380371094,265.85281527967646,259.10420716791305,263.79720697367605,22400300,MSFT
2022-06-07,264.2237854003906,264.8346561341794,257.863024346633,258.54177618211287,22860700,MSFT
2022-06-08,262.1972961425781,264.70863088470054,261.42157544049917,263.4578015962176,17372300,MSFT
2022-06-09,256.74798583984375,264.4274283960142,256.59284170053377,259.64716611698157,26439700,MSFT
2022-06-10,245.30636596679688,252.6658293283701,244.86033026242538,252.6658293283701,31422800,MSFT
2022-06-13,234.90225219726562,241.45695191998857,234.1944273628666,237.66570001230667,46135800,MSFT
2022-06-14,237.0645751953125,238.2766113208646,234.1750704193351,236.45370425351814,28651500,MSFT
2022-06-15,244.1137237548828,247.54621774471534,238.93590988722116,240.76850759522998,33111700,MSFT
2022-06-16,237.5299530029297,239.90554045067185,235.6391799239251,238.5092727014499,33169200,MSFT
2022-06-17,240.12855529785156,242.892003168209,236.61850393867869,237.26815342919429,43084800,MSFT
2022-06-21,246.03363037109375,247.01295018583383,241.93208967216776,242.6593113115765,29928300,MSFT
2022-06-22,245.44210815429688,249.35941623749332,242.76592357588206,244.23976328606997,25939900,MSFT
2022-06-23,250.99810791015625,251.4926280887529,245.92696800307291,247.80805032436228,25861400,MSFT
2022-06-24,259.5696105957031,259.8411054436494,253.7712204115489,253.8584834422403,33923200,MSFT
2022-06-27,256.844970703125,260.1513786610391,255.28385304721854,260.06411562547476,24615100,MSFT
2022-06-28,248.69039916992188,258.8036202038124,248.5352550148448,255.96261499134835,27295500,MSFT
2022-06-29,252.35557556152344,254.0136323572645,247.9922316052621,249.76665390613857,20069800,MSFT
2022-06-30,249.0297393798828,251.64774884681984,245.21910548593416,249.24305888897192,31730900,MSFT
2022-07-01,251.69618225097656,251.88041405463684,246.87714165785107,248.60309420009241,22837700,MSFT
2022-07-05,254.866943359375,254.99299984153146,247.0032529724364,248.3801241327607,22941000,MSFT
2022-07-06,258.1248779296875,259.8508160325724,254.4305945207555,255.73959933597524,23824400,MSFT
2022-07-07,260.2483215332031,260.88827998765817,256.9709719895022,257.06794077182286,20859900,MSFT
2022-07-08,259.53082275390625,259.9574617514012,255.29355004720045,256.7479931048278,19658800,MSFT
2022-07-11,256.4765319824219,258.43517157163143,254.2172802316378,257.58189346441975,19455200,MSFT
2022-07-12,245.9656982421875,257.863045938388,244.3851988057814,257.8048705865574,35868500,MSFT
2022-07-13,245.04457092285156,245.84936453464945,240.57458193875394,242.59141144867633,29497400,MSFT
2022-07-14,246.36329650878906,247.3911007080352,238.4705183729216,242.95990461962012,25102800,MSFT
2022-07-15,248.92308044433594,252.4622192726145,247.0323074429904,247.95345174668594,29774100,MSFT
2022-07-18,246.5281219482422,252.91797217764622,245.60697754900244,251.86108033846966,20975000,MSFT
2022-07-19,251.6477508544922,251.8319826861172,245.975416691355,249.7569629365393,25012600,MSFT
2022-07-20,254.3044891357422,256.82552948195536,251.04655115531952,252.0064740262088,22788300,MSFT
2022-07-21,256.7964782714844,256.8449774641106,249.2236799929457,251.89986485024778,22404700,MSFT
2022-07-22,252.45252990722656,257.2715860310557,251.20173011136725,257.1843229934879,21881300,MSFT
2022-07-25,250.968994140625,253.55791590032757,249.01035473546938,253.07310152958124,21056000,MSFT
2022-07-26,244.24945068359375,251.98709795269474,241.99022895209225,251.96768644166164,39348000,MSFT
2022-07-27,260.5779724121094,261.8481834714514,250.98836124274186,253.22820087200702,45994000,MSFT
2022-07-28,268.01513671875,269.4016989901171,259.73449735178815,261.55740447896596,33459300,MSFT
2022-07-29,272.21356201171875,273.43530368872024,268.2284021083121,269.2659119581238,32152800,MSFT
2022-08-01,269.5665283203125,272.7372040337669,267.4624206782317,269.3822964700081,21539600,MSFT
2022-08-02,266.4733581542969,269.45012527255744,264.1074618325668,267.6175128829661,22754200,MSFT
2022-08-03,273.89105224609375,274.8897687407823,268.20901200946105,268.3544800041246,23518900,MSFT
2022-08-04,275.03521728515625,275.18065569445895,271.66092782643676,273.2413979951584,18098700,MSFT
2022-08-05,274.3176574707031,275.03517323549517,270.2161174409248,270.67184411090017,16774600,MSFT
2022-08-08,271.8063659667969,277.2362934376105,270.836737118106,275.42306263435034,18739200,MSFT
2022-08-09,273.7261657714844,274.48247496169216,269.17860487436343,271.1469795107976,23405200,MSFT
2022-08-10,280.3778381347656,281.0080908709291,278.2252612395024,279.4179151918508,24687800,MSFT
2022-08-11,278.30279541015625,282.3655416886504,277.8083049364427,282.01648958955855,20065900,MSFT
2022-08-12,283.0442810058594,283.0442810058594,278.22522580232317,279.71846209389213,22619700,MSFT
2022-08-15,284.55694580078125,285.24537391664086,281.2989778667921,282.16196164375015,18085700,MSFT
2022-08-16,283.82000732421875,285.1096300607174,281.59957891566967,283.12187347946144,18102900,MSFT
2022-08-17,283.0718688964844,285.0443923547638,281.2742419844088,281.5365868037145,18253400,MSFT
2022-08-18,281.9543762207031,283.64510179006146,280.89521149700556,281.9737992817374,17186200,MSFT
2022-08-19,278.0482482910156,281.0604841294193,277.47495647991065,280.72038772526247,20570000,MSFT
2022-08-22,269.8860168457031,274.46265350884744,269.3710240123007,274.0934077691384,25061100,MSFT
2022-08-23,268.61309814453125,270.96456356636963,267.60253558165664,268.61309814453125,17527400,MSFT
2022-08-24,267.98150634765625,269.38073768829963,267.3207367981383,267.6122606253299,18137000,MSFT
2022-08-25,270.95489501953125,271.12006518473976,266.74747418276837,269.4779119694947,16583400,MSFT
2022-08-26,260.4995422363281,272.40270697945806,260.3926709090645,271.1783719738918,27549300,MSFT
2022-08-29,257.720458984375,259.8290023935993,256.379526672543,258.3228999584391,20338500,MSFT
2022-08-30,255.52456665039062,259.4890371070136,253.27997174457192,259.1198209053021,22767100,MSFT
2022-08-31,254.06695556640625,259.54725384491036,253.93090517707998,257.8759809716696,24791800,MSFT
2022-09-01,253.0272674560547,253.50341421016233,248.17855922552292,251.54058765801105,23263400,MSFT
2022-09-02,248.81015014648438,257.2443854879001,247.26517150345208,254.2904786042123,22855400,MSFT
2022-09-06,246.07969665527344,250.53000941495102,244.80678924426493,248.94618474623337,21328200,MSFT
2022-09-07,250.7826385498047,251.50167728090952,246.05052865580473,247.4886209447781,24126700,MSFT
2022-09-08,251.20045471191406,253.0563800129086,247.57606718812474,250.21907123233504,20319900,MSFT
2022-09-09,256.9723205566406,257.7205384807604,252.92040261166707,253.12444856663964,22084700,MSFT
2022-09-12,259.10028076171875,259.8776479982531,257.65247691062,258.25491798547915,18747700,MSFT
2022-09-13,244.85536193847656,253.02723665375865,244.46667832262642,251.51140761885284,33353300,MSFT
2022-09-14,245.07887268066406,247.03195802459214,242.78569098884205,246.35178015556986,23913000,MSFT
2022-09-15,238.4325408935547,244.28208546979903,237.11104609083932,242.69824587426376,31530900,MSFT
2022-09-16,237.81065368652344,238.3547959701018,235.2065251235573,237.34423330622892,39791800,MSFT
2022-09-19,237.5968780517578,238.19931916772862,234.03078901134762,235.60491699915002,26826900,MSFT
2022-09-20,235.58546447753906,236.6154501254237,232.85502690956756,235.21623357137693,26660300,MSFT
2022-09-21,232.1845703125,240.64796931692138,232.13598300454865,237.35395148181902,28625600,MSFT
2022-09-22,234.15708923339844,236.9555520614077,230.8436483959942,231.13514258494146,31061200,MSFT
2022-09-23,231.1837158203125,234.30283689307328,228.54072660512506,232.75784365187135,34176000,MSFT
2022-09-26,230.72703552246094,234.61378285432556,230.19260479897667,230.33836671998023,27694200,MSFT
2022-09-27,229.71649169921875,234.95388322610455,227.86056625784224,233.18540604277874,27018700,MSFT
2022-09-28,234.2445526123047,235.4688726877208,228.084046805277,230.10515720285915,29029700,MSFT
2022-09-29,230.77561950683594,233.15624924797467,227.77311079462302,232.1262635921422,27484200,MSFT
2022-09-30,226.3058624267578,233.7295494002438,226.14067744074515,231.5432539781558,35694800,MSFT
2022-10-03,233.9239044189453,234.76926725849918,228.01604641968547,228.7448115784085,28880400,MSFT
2022-10-04,241.83343505859375,243.27152748723756,238.04384733649516,238.15073348619765,34888400,MSFT
2022-10-05,242.1443634033203,243.4852960194291,237.18876929584698,239.02525687467363,20347100,MSFT
2022-10-06,239.80262756347656,243.25211936958422,239.11273809831516,240.91035014743682,20239900,MSFT
2022-10-07,227.60794067382812,234.4874855805171,226.56822859279998,234.07936404235068,37769600,MSFT
2022-10-10,222.7592010498047,227.91885563531727,220.3105461386793,226.45161389079223,29743600,MSFT
2022-10-11,219.02792358398438,222.5745744479787,217.7647277876426,221.17534309367792,30474000,MSFT
2022-10-12,219.3583221435547,221.4085821373912,217.61900908089987,219.01822579092038,21903900,MSFT
2022-10-13,227.60794067382812,229.4152788681851,212.92575128751184,213.6253670289897,42551800,MSFT
2022-10-14,222.08872985839844,230.5229788868416,221.87495757893063,228.87109948608796,30198600,MSFT
2022-10-17,230.8047637939453,232.1942836241064,228.48243294129364,229.1431876734247,28142300,MSFT
2022-10-18,231.747314453125,237.02356694835538,228.7059298585046,236.3531154742312,26329600,MSFT
2022-10-19,229.78451538085938,232.82590014122383,227.65651868442322,230.32865767594038,19985700,MSFT
2022-10-20,229.46383666992188,234.47774422080448,228.22007872615066,229.09460576042883,21811000,MSFT
2022-10-21,235.26483154296875,236.1199207742884,227.86058198177213,228.09379217943177,26299700,MSFT
2022-10-24,240.24957275390625,240.8228644348146,234.4680389836242,236.85838032259602,24911200,MSFT
2022-10-25,243.56304931640625,243.93228026742986,238.86979966752605,240.25930485991768,34775500,MSFT
2022-10-26,224.77064514160156,231.5530162858563,223.5463100260173,224.62488319477308,82543200,MSFT
2022-10-27,220.3300018310547,227.07351120535486,219.38746436365162,224.49853205636384,40424600,MSFT
2022-10-28,229.19180297851562,229.90114514841537,219.64984455522253,219.8344674535042,40647700,MSFT
2022-10-31,225.55767822265625,228.26867807032616,224.605414413329,227.14151774097857,28357300,MSFT
2022-11-01,221.7097930908203,229.0654698713663,220.89357967203034,227.95774742393274,30592300,MSFT
2022-11-02,213.86830139160156,224.7511921525638,213.80998772072712,222.9632917416644,38407000,MSFT
2022-11-03,208.18392944335938,214.16952462545234,207.92156981485337,213.85857768399836,36633900,MSFT
2022-11-04,215.1217803955078,215.31611482659386,207.3871454934429,211.3905059422956,36789100,MSFT
2022-11-07,221.41827392578125,221.9429931186714,215.01486125373305,215.7047654290473,33498000,MSFT
2022-11-08,222.38998413085938,225.09127262477088,219.44577390313017,222.22479913107526,28192500,MSFT
2022-11-09,218.15341186523438,222.15677181548412,217.97851534706965,220.93243688127146,27852900,MSFT
2022-11-10,236.10047912597656,236.44057547213717,228.34642180511014,228.764240055821,46268000,MSFT
2022-11-11,240.11354064941406,240.9686298310699,235.0801950029828,236.1101955294159,34620200,MSFT
2022-11-14,234.7109832763672,237.00416504738854,232.4372393956365,235.13852790216598,31123300,MSFT
2022-11-15,235.1190948486328,240.00667907027895,233.2340197743407,238.7046221025726,31390100,MSFT
2022-11-16,235.5478057861328,237.56487314144158,234.27131111867024,236.58069414702467,24093300,MSFT
2022-11-17,235.4990997314453,237.02895459171626,231.55268915517976,231.69884700298584,23123500,MSFT
2022-11-18,235.05087280273438,237.50642872973486,232.91687900998218,237.28230020466626,27613500,MSFT
2022-11-21,235.85960388183594,238.41259294492656,235.02159768171916,235.25545019525578,26394700,MSFT
2022-11-22,238.763427734375,239.0362656262226,234.55391821119068,237.36025293713024,19665700,MSFT
2022-11-23,241.24818420410156,241.93027884608753,238.0228392859944,238.84135285637757,19508500,MSFT
2022-11-25,241.16053771972656,242.33958407903893,240.4199649301905,240.985133423265,9200800,MSFT
2022-11-28,235.57705688476562,240.34199604159997,234.64161691636573,239.7865813482157,24778200,MSFT
2022-11-29,234.1836395263672,236.5807174931827,232.11786260072932,235.22626688973236,17956300,MSFT
2022-11-30,248.6148681640625,248.80001134833023,233.72565090628407,234.41749940509243,47594200,MSFT
2022-12-01,248.17636108398438,249.56978200844247,244.50277384992842,247.37732526853793,26041500,MSFT
2022-12-02,248.4979248046875,249.51132049555534,243.304236576186,243.43091661325036,21528500,MSFT
2022-12-05,243.8011932373047,247.32862273354516,241.7159238084992,245.5649005511503,23435300,MSFT
2022-12-06,238.85110473632812,245.41873605992336,237.5453785123422,244.40534037511836,22463700,MSFT
2022-12-07,238.12030029296875,239.86452986599542,236.01555299377063,238.5685424627585,20481500,MSFT
2022-12-08,241.0727996826172,242.37854081110692,236.84379768747013,238.57827343420877,22611800,MSFT
2022-12-09,239.1434326171875,241.9595208718469,237.91566220853431,238.44184527837177,20609700,MSFT
2022-12-12,246.05210876464844,246.0813403319802,240.84868161991452,241.12151949404333,30665100,MSFT
2022-12-13,250.349365234375,257.1703424453759,246.59782182090436,254.99736328565794,42196900,MSFT
2022-12-14,250.64166259765625,255.87432140305884,247.80608156750714,250.55396789409684,35410900,MSFT
2022-12-15,242.6416473388672,247.69891720696873,241.0143588134877,247.2311972093182,35560400,MSFT
2022-12-16,238.43211364746094,243.45039767115878,237.28228413602537,242.19339565744826,86102000,MSFT
2022-12-19,234.30055236816406,238.93882615281237,232.60506192023936,238.59777136210013,29696400,MSFT
2022-12-20,235.6160430908203,236.69765578039272,232.32248078286008,233.27741342411088,25150800,MSFT
2022-12-21,238.1787567138672,239.33832514030232,233.9692473656318,235.5088410448142,23690600,MSFT
2022-12-22,232.09837341308594,235.80119266762082,227.8888488200861,235.08985146621117,28651700,MSFT
2022-12-23,232.62452697753906,232.7609459126413,227.95703674860303,230.07153767696204,21207000,MSFT
2022-12-27,230.8998260498047,232.81943021522733,229.79872070086748,232.59531655901404,16688600,MSFT
2022-12-28,228.5319366455078,233.58920571685437,228.18114298539857,230.83158066876882,17457100,MSFT
2022-12-29,234.84620666503906,235.732937144972,229.6232871191542,229.6232871191542,19770700,MSFT
2022-12-30,233.6866912841797,233.8231102365172,230.60750365307476,232.11786589802279,21938500,MSFT
2023-01-03,233.45278930664062,239.46499095764855,231.32853465622566,236.86327747897744,25740000,MSFT
2023-01-04,223.24082946777344,226.9144019342719,220.18113479471134,226.3394946084548,50623400,MSFT
2023-01-05,216.6244659423828,221.7304593927792,216.0885291034545,221.3894046220388,39585600,MSFT
2023-01-06,219.17742919921875,219.98620381125295,213.74015026044154,217.29679590519297,43613600,MSFT
2023-01-09,221.31149291992188,225.32613569359083,220.61965920971662,220.6586296837,27369800,MSFT
2023-01-10,222.99722290039062,225.39430067277652,221.516092367223,221.93508808498302,27033900,MSFT
2023-01-11,229.740234375,229.91562377471337,225.19940935858202,225.37479875829538,28669300,MSFT
2023-01-12,232.41017150878906,233.76462207264603,227.58676927741644,229.2432893034318,27269500,MSFT
2023-01-13,233.1117401123047,233.24815904771603,228.91196981298216,230.93877604519966,21333300,MSFT
2023-01-17,234.203125,234.7488007848325,231.02648903057522,231.883988045912,29831300,MSFT
2023-01-18,229.7792510986328,236.1812331108518,229.49667427491408,235.3919509161512,30028700,MSFT
2023-01-19,225.99842834472656,229.49662609495516,224.7803968509481,227.80112090293807,28623000,MSFT
2023-01-20,234.07644653320312,234.583151851916,228.51247153332469,228.85352633542087,35389800,MSFT
2023-01-23,236.37608337402344,238.89984125052814,233.5210096061912,234.9339381400993,31934000,MSFT
2023-01-24,235.84991455078125,237.71107061174527,234.29084284991282,236.2981567717687,40234400,MSFT
2023-01-25,234.45645141601562,237.07765762154605,224.9947760426561,228.48322009420318,66526600,MSFT
2023-01-26,241.65744018554688,241.95950960681114,235.8108892133159,237.41868478326023,33454500,MSFT
2023-01-27,241.8133544921875,243.44064274681827,240.5173672279143,242.62212916997672,26498900,MSFT
2023-01-30,236.5027618408203,239.31885025276583,236.00579544141553,238.25671541727394,25867400,MSFT
2023-01-31,241.47230529785156,241.6087242304683,236.73659825337256,237.22381085108213,26541100,MSFT
2023-02-01,246.28598022460938,248.65382642873757,239.19216564342997,241.65746031930018,31259900,MSFT
2023-02-02,257.83294677734375,257.9206414880855,250.67091469575902,252.20076959193378,39940400,MSFT
2023-02-03,251.7427978515625,257.4431921583374,250.52476615084572,252.90236640961302,29077300,MSFT
2023-02-06,250.20315551757812,251.69402492949268,248.2640588264018,250.85603350578165,22518000,MSFT
2023-02-07,260.7171630859375,261.8962090659223,253.428453032111,253.86695619791232,50841400,MSFT
2023-02-08,259.908447265625,269.6819309436082,259.4017271241036,266.2129795710124,54686000,MSFT
2023-02-09,256.8779602050781,266.97302049431784,256.07892442365,266.7976013623995,42375100,MSFT
2023-02-10,256.37127685546875,257.3359482905629,253.99367698119255,254.84142214986286,25818500,MSFT
2023-02-13,264.3811340332031,267.5772484865755,260.31776661024463,260.79525532690366,44630900,MSFT
2023-02-14,265.2093200683594,267.93769873660716,262.3932169633668,265.69653266891055,37047900,MSFT
2023-02-15,263.08953857421875,264.46692310846817,260.02216525434795,262.112672647368,28922400,MSFT
2023-02-16,256.08544921875,260.5692611640796,255.84123268701143,257.9121841063004,29603600,MSFT
2023-02-17,252.0900115966797,254.0730481798603,250.07767022898236,253.3892599372768,30000100,MSFT
2023-02-21,246.82470703125,249.5794760448662,245.7696900625751,248.59283193869732,28397400,MSFT
2023-02-22,245.6915283203125,248.45606050673507,244.5485970470492,248.2118440405047,22491100,MSFT
2023-02-23,248.87612915039062,250.89823380940385,244.68536609831472,249.6478466517071,29219100,MSFT
2023-02-24,243.45448303222656,245.19330287208345,242.36039816376518,244.1773690521962,24990900,MSFT
2023-02-27,244.37277221679688,246.9712390360351,243.62058131527203,246.61956672286158,21190000,MSFT
2023-02-28,243.64988708496094,245.6720066203372,242.9758472398355,243.30799296891402,22491000,MSFT
2023-03-01,240.57278442382812,245.12496847434377,240.10387803031043,244.9589030496448,27565300,MSFT
2023-03-02,245.30078125,245.58406578455748,239.92801913938823,240.84627541231006,24808200,MSFT
2023-03-03,249.38409423828125,249.7064617806796,245.57432311137507,246.35581882878407,30760100,MSFT
2023-03-06,250.92755126953125,254.1023656002355,250.0581411721239,250.49772786752465,24109800,MSFT
2023-03-07,248.27044677734375,251.7285601912726,247.5280341065123,250.37070236682902,21473200,MSFT
2023-03-08,247.83087158203125,248.65143534651415,245.00772977586786,248.1630024049233,17340200,MSFT
2023-03-09,246.48281860351562,253.55531839675493,245.75993244925678,249.90184935839267,26653400,MSFT
2023-03-10,242.839111328125,246.9419454788028,241.87202354389905,245.27151299379872,28333900,MSFT
2023-03-13,248.04579162597656,251.94349199727765,240.04525738823747,241.67662167942007,33339700,MSFT
2023-03-14,254.75685119628906,255.03037243949342,249.94089484584663,250.8103048487011,33620300,MSFT
2023-03-15,259.29931640625,260.3152654051746,253.21343042410643,253.96563633216905,46028000,MSFT
2023-03-16,269.8103942871094,270.16205172863715,257.1892727698562,259.0746169472976,54768800,MSFT
2023-03-17,272.96563720703125,276.7754083374073,269.9275985016487,271.8227207737094,69527400,MSFT
2023-03-20,265.9322204589844,271.0607665452562,263.607274796688,270.57233358465885,43466600,MSFT
2023-03-21,267.44635009765625,268.6381277112385,263.28489174322317,268.5209085708176,34558700,MSFT
2023-03-22,265.99078369140625,274.53835901279683,265.8833129567745,267.0750903654772,34873300,MSFT
2023-03-23,271.236572265625,274.55791015384574,268.8334906504202,271.5100935079119,36610900,MSFT
2023-03-24,274.0793151855469,274.13792476370173,268.91168542659534,270.8263345400217,28172000,MSFT
2023-03-27,269.9861755371094,274.94864070171997,269.14605544409125,274.0108578776161,26840200,MSFT
2023-03-28,268.8628234863281,269.75177506940884,265.756367139309,269.40986602798046,21878600,MSFT
2023-03-29,274.02069091796875,274.63612126718954,271.96926635776106,272.5065307325749,25087000,MSFT
2023-03-30,277.4787292480469,277.8792478188559,274.9682067021936,277.65458775561683,25053400,MSFT
2023-03-31,281.6304626464844,282.57802388172956,276.4530846466407,277.16620757595643,32766000,MSFT
2023-04-03,280.585205078125,281.60112415662576,277.3810860970175,279.89160882011697,24883300,MSFT
2023-04-04,280.5363464355469,283.7307170583828,279.0612991751383,280.585207618267,25824300,MSFT
2023-04-05,277.76202392578125,280.5070144974699,276.37489115464507,279.23710085498425,22064800,MSFT
2023-04-06,284.8541259765625,285.3230025679542,275.5055113851009,276.6582060877172,29770300,MSFT
2023-04-10,282.69525146484375,282.9003849670169,278.123496163904,282.5193929371124,23103000,MSFT
2023-04-11,276.2869873046875,279.36413893859026,275.1245442349261,279.1394490348436,27276600,MSFT
2023-04-12,276.93170166015625,280.37028867291156,275.43709804068334,278.20164520430563,27403400,MSFT
2023-04-13,283.1348571777344,283.1934667568059,276.6191772077297,277.0294442612303,24222700,MSFT
2023-04-14,279.5204162597656,281.8062788337825,277.1270829372931,280.36050660414264,20987900,MSFT
2023-04-17,282.1189270019531,284.8541700585546,279.5400159154535,283.2227905009868,23836200,MSFT
2023-04-18,281.6988220214844,285.0104118167831,280.3702986730481,284.82480490610715,20161800,MSFT
2023-04-19,281.7769775390625,282.363073223057,277.9574283365994,279.3738659883608,17150300,MSFT
2023-04-20,279.4910888671875,282.34355041766946,278.48491818075087,278.6509985011603,23244400,MSFT
2023-04-21,279.1492004394531,279.6473817610795,276.511650666874,278.41655103724565,21676400,MSFT
2023-04-24,275.2514953613281,278.35795159650013,272.27206627525993,275.564099605755,26611000,MSFT
2023-04-25,269.0483703613281,275.0853933705517,268.999509188266,273.04374758827026,45772200,MSFT
2023-04-26,288.5368957519531,292.6397447358396,285.957985102446,289.83614418187,64599200,MSFT
2023-04-27,297.7780456542969,298.1395111111619,288.4196826173737,289.12302732036886,46462600,MSFT
2023-04-28,300.1518859863281,301.783235671016,296.29325298519717,296.97707117655295,36469600,MSFT
2023-05-01,298.4911193847656,301.4607998428203,298.0906008187468,299.8685037767096,21294100,MSFT
2023-05-02,298.3446350097656,302.0274089293755,296.87933607669675,300.6402759672235,26404400,MSFT
2023-05-03,297.35797119140625,301.47056824435134,297.05514515019064,299.52661466140324,22360800,MSFT
2023-05-04,298.3446350097656,300.6402759672235,296.38112489974674,299.15542063563385,22519900,MSFT
2023-05-05,303.4633483886719,304.75281837217517,297.23093994665044,298.64740725132,28197100,MSFT
2023-05-08,301.5096130371094,303.0237728629805,299.0088390583922,302.95538510450854,21318600,MSFT
2023-05-09,299.8978576660156,302.8675386103428,299.22381775082977,300.8747236518984,21340800,MSFT
2023-05-10,305.0849304199219,305.7589701511876,300.55228898423684,301.4802935306575,30078000,MSFT
2023-05-11,302.9359130859375,303.9225573251691,299.17500268454444,302.9261646974244,31680200,MSFT
2023-05-12,301.8222961425781,303.46342390547966,299.5071284392733,303.36573134091964,19774700,MSFT
2023-05-15,302.3009338378906,302.73075724835036,300.4741992492285,301.94927639928727,16336500,MSFT
2023-05-16,304.5281982421875,306.4526254606031,302.66238059902645,302.66238059902645,26730300,MSFT
2023-05-17,307.4064025878906,307.82736596878567,304.21484884759707,305.73231876094286,24315000,MSFT
2023-05-18,311.8315124511719,312.3406122958503,307.1323177228801,307.9253064598199,27276000,MSFT
2023-05-19,311.6553039550781,312.05669811668946,309.7266699904712,310.0888957303577,27546700,MSFT
2023-05-22,314.4356994628906,315.8160951844515,311.3322813908734,311.90988869959654,24115700,MSFT
2023-05-23,308.6399841308594,315.94332604860966,308.63018455651456,313.3098099504378,30797200,MSFT
2023-05-24,307.25958251953125,309.8539301457172,306.0456005180939,308.1211084957931,23384900,MSFT
2023-05-25,319.07611083984375,320.03551297467794,313.28041010709336,316.4523646988683,43301700,MSFT
2023-05-26,325.8997497558594,326.3990200914225,317.07893868101803,317.2159833240213,36630600,MSFT
2023-05-30,324.25506591796875,328.6899413465032,323.5795525189351,328.19067091699185,29503100,MSFT
2023-05-31,321.4942932128906,328.8857420420062,320.45652421282057,325.3123928059222,45950600,MSFT
2023-06-01,325.5962219238281,326.52628506015486,317.90128645515614,319.0858695997825,26773900,MSFT
2023-06-02,328.3570251464844,330.4129338211657,325.566865507756,327.2311796436286,25873800,MSFT
2023-06-05,328.8857116699219,331.4506903935802,327.6325911531441,328.18082951193753,21307100,MSFT
2023-06-06,326.6731262207031,328.3276407045584,325.1948546661747,328.2884722895139,20396200,MSFT
2023-06-07,316.58953857421875,327.4662318852109,315.72801239577234,324.68587095816133,40717100,MSFT
2023-06-08,318.4300231933594,319.78104998315,316.5601268268705,317.1377341007984,23277700,MSFT
2023-06-09,319.9278869628906,323.06067362544843,317.59785876983193,318.16566645574613,22529000,MSFT
2023-06-12,324.8815612792969,325.1263115846336,318.33204071834683,321.68020816437513,24260300,MSFT
2023-06-13,327.2703857421875,329.90390189326365,323.4522862648796,327.44659882342825,22951300,MSFT
2023-06-14,330.2563171386719,331.9206314111561,325.82144214687054,327.3193130414061,26003800,MSFT
2023-06-15,340.7904357910156,342.4938888787712,330.11932517633295,330.3934444074288,38899100,MSFT
2023-06-16,335.14154052734375,344.08962778195877,334.769545086919,343.94278354537636,46552000,MSFT
2023-06-20,330.9513854980469,334.89675963715365,328.8073702091856,332.1849367263642,26375400,MSFT
2023-06-21,326.55572509765625,330.638174337756,325.09702248062774,329.30671681424553,25117800,MSFT
2023-06-22,332.5765686035156,332.9779627764546,326.34033425250004,327.1039541755478,23556800,MSFT
2023-06-23,327.9850769042969,330.86334374945545,326.4480672315905,327.3389323189801,23146900,MSFT
2023-06-26,321.6998596191406,329.0521396707675,321.59215393137123,326.7123419071995,21520600,MSFT
2023-06-27,327.54449462890625,329.0913036434743,322.38513830210024,324.8913794122553,24354100,MSFT
2023-06-28,328.7975769042969,330.8828543541571,326.8004059820262,327.6325630227013,20259500,MSFT
2023-06-29,328.0143737792969,329.052112767679,325.6354077895199,327.6815169223393,16997000,MSFT
2023-06-30,333.3891296386719,335.5331449952425,330.11926869973666,330.65770749403055,26832800,MSFT
2023-07-03,330.8926696777344,333.7415673029559,329.5025044373006,332.067483294419,12508700,MSFT
2023-07-05,331.0493469238281,334.475852129054,327.7011785685613,328.05360476311387,18172400,MSFT
2023-07-06,334.1037902832031,335.78767385230776,328.45496307477555,330.21715360852994,28161200,MSFT
2023-07-07,330.13885498046875,334.61289857162126,329.92347347630437,332.19476390626494,21214800,MSFT
2023-07-10,324.8619689941406,328.1905971184104,320.71101328852956,327.5738215556575,32791400,MSFT
2023-07-11,325.4885559082031,325.8703508704989,320.13341772549273,324.1081605217917,26698200,MSFT
2023-07-12,330.1192321777344,334.475769797387,328.62136146608015,329.53182545465006,29995300,MSFT
2023-07-13,335.4645690917969,336.5218772871451,331.9009902308977,332.4296592669453,20567200,MSFT
2023-07-14,337.99041748046875,344.0504382444472,337.07995339278386,340.29107663490123,28352700,MSFT
2023-07-17,338.4701843261719,339.70370584522345,335.01431037964596,338.42121632729265,20363900,MSFT
2023-07-18,351.94122314453125,359.0781521098167,334.98494066726425,338.56805969742885,64738600,MSFT
2023-07-19,347.623779296875,354.84881389642584,345.0392313202001,354.15373131724334,39732900,MSFT
2023-07-20,339.586181640625,350.4531022216543,338.11767966688456,346.1455024073654,33778400,MSFT
2023-07-21,336.55126953125,342.9441468894957,332.694001980304,341.81830135851885,69405400,MSFT
2023-07-24,337.8631286621094,339.63514852458513,335.1219369374352,338.5876099496475,26678100,MSFT
2023-07-25,343.60992431640625,344.5008191812914,337.82402242034016,339.8211637778006,41637700,MSFT
2023-07-26,330.67730712890625,337.43244099686376,326.11515681266013,334.2702555757294,58383700,MSFT
2023-07-27,323.7752685546875,334.162456640935,322.14032345291304,333.3303295467585,39635300,MSFT
2023-07-28,331.2646789550781,332.8702554950669,326.1738899082172,326.66339057868936,28484900,MSFT
2023-07-31,328.86614990234375,330.6087711275723,326.35987893485446,329.8451512620621,25446000,MSFT
2023-08-01,329.27734375,331.431158888361,326.69279546072005,328.151498059074,18311900,MSFT
2023-08-02,320.6229553222656,326.6242386250664,319.5068793964864,326.6242386250664,27761300,MSFT
2023-08-03,319.80059814453125,322.9529838203489,319.1055155220307,319.154453640907,18253700,MSFT
2023-08-04,320.8970642089844,328.10252974603515,320.3683951097149,324.910975755622,23741500,MSFT
2023-08-07,323.17816162109375,324.15716309321493,320.64255139351025,321.47470862016405,17741500,MSFT
2023-08-08,319.203369140625,321.84668466116545,316.21742705872686,320.09426392900343,22327600,MSFT
2023-08-09,315.4636535644531,320.2411556284152,314.30840912670357,319.61461022525367,22373300,MSFT
2023-08-10,316.14892578125,321.3670201533067,314.4356732724542,319.1740366258562,20113700,MSFT
2023-08-11,314.26922607421875,315.63982195899507,312.50700575657817,313.53497507772255,24355500,MSFT
2023-08-14,317.2356262207031,317.25519549333154,313.3587591141242,314.64127845171237,18836100,MSFT
2023-08-15,315.1013488769531,318.26353387975075,314.1615159801267,316.2174247167932,16966300,MSFT
2023-08-16,314.3361511230469,318.2800883607637,313.7475006460735,314.72857479436016,20698900,MSFT
2023-08-17,310.8828125,315.77836341676965,310.22547958022847,314.47354784052,21257200,MSFT
2023-08-18,310.4903259277344,312.3543606335649,305.65360810986385,308.53796821025577,24755000,MSFT
2023-08-21,315.78814697265625,316.6612873829202,311.03975175794454,311.91289216820854,24040000,MSFT
2023-08-22,316.3571472167969,319.9086306831472,315.37607311272194,319.3396208763862,16084600,MSFT
2023-08-23,320.8112487792969,322.96962389693414,317.33823788637403,317.69144015108157,21166400,MSFT
2023-08-24,313.914306640625,326.6780913060097,313.9044863180203,326.55054687218063,23281400,MSFT
2023-08-25,316.86737060546875,319.2023021602644,312.7664575046709,315.3859389138882,21684100,MSFT
2023-08-28,317.5736999511719,319.97731354583135,315.63116244372804,319.49659681490056,14808500,MSFT
2023-08-29,322.19451904296875,322.75373841396754,315.78810695872727,315.78810695872727,19284600,MSFT
2023-08-30,322.5673828125,323.5680676815254,320.2716728612012,322.4496587032038,15222100,MSFT
2023-08-31,321.55682373046875,324.6472008416001,320.59536043233794,322.96957268527206,26411000,MSFT
2023-09-01,322.4398498535156,325.7068137627579,320.5954255688949,325.039690493004,14942000,MSFT
2023-09-05,327.2373046875,328.512719178751,322.4398671653608,322.7734288181467,18553900,MSFT
2023-09-06,326.5799560546875,328.13003998213503,323.9310439692956,327.0704931119819,17535800,MSFT
2023-09-07,323.6662292480469,326.7762180447548,322.8028790647299,325.02011658642925,18381000,MSFT
2023-09-08,327.9436340332031,329.79787848396427,323.2246699296337,323.8427514132207,19530100,MSFT
2023-09-11,331.544189453125,332.01511580762883,329.08168383895804,330.85742559530763,16583300,MSFT
2023-09-12,325.490966796875,330.41597829482106,325.2064768442106,329.46433515175244,17565500,MSFT
2023-09-13,329.69976806640625,330.4748250083912,324.90233116375424,325.0396659724569,16544400,MSFT
2023-09-14,332.2898254394531,334.40891924896704,330.20013271673093,332.7312908414323,20267000,MSFT
2023-09-15,323.9703063964844,331.0144115945299,323.4110869464427,330.54351516502703,37679800,MSFT
2023-09-18,322.8322448730469,324.14688059021836,320.1833327948617,321.59608191122635,16834200,MSFT
2023-09-19,322.42999267578125,323.15600785929996,318.36836152476627,319.9969481018416,16505900,MSFT
2023-09-20,314.6991271972656,323.3522079151342,314.4440682913458,323.2737351610063,21436500,MSFT
2023-09-21,313.4825744628906,319.19243233651446,309.03831043424583,313.2176952609193,35560400,MSFT
2023-09-22,311.0102844238281,315.36625546450654,310.16654519847,315.23871105160333,21447900,MSFT
2023-09-25,311.5302429199219,311.65778732892073,309.03830660410404,310.5982106541626,17836000,MSFT
2023-09-26,306.2324523925781,309.90165956772006,304.152550365276,309.1658540685337,26297600,MSFT
2023-09-27,306.8702087402344,308.35161042949267,303.82887271896175,306.3894620209308,19410100,MSFT
2023-09-28,307.7041320800781,309.50930504825243,303.59342871178666,305.1042614505791,19683600,MSFT
2023-09-29,309.774169921875,313.42376704064515,309.0187535875625,311.73631826659,24147300,MSFT
2023-10-02,315.70965576171875,315.7979787841784,309.21494955018176,310.294137124608,20570000,MSFT
2023-10-03,307.4588317871094,315.3074247202829,305.320067458415,314.75799567015525,21033500,MSFT
2023-10-04,312.92340087890625,313.9829777218184,308.0572815033295,308.0867125300766,20720100,MSFT
2023-10-05,313.3157958984375,313.92408696226687,308.94021399543317,313.05091668193415,16965600,MSFT
2023-10-06,321.0663146972656,322.9597804960645,310.31372116687385,310.5589896881692,25673600,MSFT
2023-10-09,323.5779113769531,324.0488078481523,317.063564085275,318.60385781984473,19891200,MSFT
2023-10-10,322.1749572753906,324.8336598616772,321.4685826836827,324.69629510828605,20557100,MSFT
2023-10-11,326.1286926269531,326.5211163115986,322.9107705088474,324.94157131039,20063200,MSFT
2023-10-12,324.89251708984375,327.3157714229003,322.4986937835042,324.313686937738,19313100,MSFT
2023-10-13,321.5274658203125,327.5119946274533,320.1833689854534,326.08945496838265,21072400,MSFT
2023-10-16,326.344482421875,329.7782415554048,324.3430830008452,324.7845483540111,22158000,MSFT
2023-10-17,325.7754821777344,327.1489800095309,321.2134933356926,323.3522278123477,18338500,MSFT
2023-10-18,323.8623962402344,329.23869374170175,322.0866542980727,326.1973576731345,23153600,MSFT
2023-10-19,325.04949951171875,330.5042694735543,324.6472555112947,325.86377789501114,25052100,MSFT
2023-10-20,320.48748779296875,325.63812679181063,319.2905761994472,325.441899996805,25027700,MSFT
2023-10-23,323.0873107910156,326.4327768680091,318.25062294814967,319.3101697402162,24374700,MSFT
2023-10-24,324.2744140625,325.55961871050516,321.39987419726737,325.02983032476106,31153600,MSFT
2023-10-25,334.2225036621094,339.64784186158397,331.23020990044404,338.4901517493969,55053800,MSFT
2023-10-26,321.68438720703125,335.1643351813987,320.7523548760507,334.09496805111814,37828500,MSFT
2023-10-27,323.568115234375,330.3473422977212,322.18479686683145,324.1763765151363,29856500,MSFT
2023-10-30,330.92608642578125,333.02559927042574,325.5497898368821,327.09990360704097,22828100,MSFT
2023-10-31,331.7109680175781,332.5841383863149,328.355711175483,332.4369832511366,20265300,MSFT
2023-11-01,339.5203552246094,340.84481138122624,333.22184569359115,333.3592104526516,28158800,MSFT
2023-11-02,341.7278137207031,342.22814126380564,338.24498192688526,340.6682366905793,24348100,MSFT
2023-11-03,346.1229553222656,347.6828896003234,340.75647841286957,343.01296696867126,23637700,MSFT
2023-11-06,349.7823181152344,350.7732124532955,346.6625099264912,346.76062331620074,23828300,MSFT
2023-11-07,353.7066345214844,355.60010029773895,350.86152569633424,352.5980160280282,25833900,MSFT
2023-11-08,356.3261413574219,356.9834442680157,353.7262709217689,354.8348894957631,26767800,MSFT
2023-11-09,353.8636169433594,357.88602671202375,353.53984572631765,355.4431318616368,24847300,MSFT
2023-11-10,362.6736755371094,363.0955302142946,354.23643229337705,354.6484666487655,28042100,MSFT
2023-11-13,359.7402648925781,361.49639601773487,358.9750282473155,361.2511274783557,19986500,MSFT
2023-11-14,363.2622985839844,364.9105258370756,360.3975789598127,363.98831378189556,27683900,MSFT
2023-11-15,363.4097900390625,366.8111878331865,360.89311508068755,364.99251089097083,26860100,MSFT
2023-11-16,369.7997131347656,369.97665770103697,363.91113117269197,364.6779209606421,27182300,MSFT
2023-11-17,363.58673095703125,368.03017560302834,360.7849886688486,367.2830363259732,40157000,MSFT
2023-11-20,371.0481872558594,372.45396350296016,364.7172440162698,364.93351959280636,52465100,MSFT
2023-11-21,366.7522277832031,369.848877892723,364.83523819118903,369.30820390562985,28423100,MSFT
2023-11-22,371.45123291015625,373.358382009187,368.6200000208417,371.5986867063138,23345300,MSFT
2023-11-24,371.0383605957031,371.56922430315524,368.7871624674301,370.9400480571713,10176600,MSFT
2023-11-27,372.1983642578125,374.1940157538783,369.8292031236525,370.39936783626126,22179200,MSFT
2023-11-28,376.21917724609375,376.51408489452496,371.75605149490684,371.94283633917263,20453100,MSFT
2023-11-29,372.4343566894531,377.79204546279357,371.0482307864117,377.2612117132878,28963400,MSFT
2023-11-30,372.4932861328125,373.653296016865,369.1115390125993,372.0803854957098,30554400,MSFT
2023-12-01,368.1678161621094,371.7559987121957,365.02199502186244,370.37971321362784,33040500,MSFT
2023-12-04,362.8887023925781,363.2622419679982,356.75435514296976,362.84937138435583,32063300,MSFT
2023-12-05,366.2114562988281,366.7619704390207,359.42831207085,360.2442730291583,23065000,MSFT
2023-12-06,362.5545349121094,367.84343196383037,361.79758529719794,367.214285660699,21182100,MSFT
2023-12-07,364.66815185546875,365.15968459553505,360.1165538823308,361.9942125494772,23118900,MSFT
2023-12-08,367.892578125,368.11866396815253,361.99418568198814,362.94776032697274,20154400,MSFT
2023-12-11,365.01214599609375,365.3070835963392,359.90022426700926,362.23992455873395,27708800,MSFT
2023-12-12,368.0400085449219,368.079339558926,364.1863791933993,364.5697890781994,24838300,MSFT
2023-12-13,368.0301818847656,371.2448248811306,364.4911405130115,369.65223376326037,30955500,MSFT
2023-12-14,359.7331237792969,367.430542857679,357.9636180145618,366.98815141610726,43277500,MSFT
2023-12-15,364.4518127441406,366.09351500946013,360.0771601195224,360.6375145457429,78502300,MSFT
2023-12-18,366.33929443359375,366.68337330414107,362.4365238179664,363.1935033333252,21802900,MSFT
2023-12-19,366.9389953613281,366.9389953613281,363.5768985428581,365.19895042864266,20603700,MSFT
2023-12-20,364.3436279296875,369.66201438302113,364.2551556597629,368.649458403969,26316700,MSFT
2023-12-21,367.2142333984375,368.06949543921024,363.77350472816454,366.25081857048275,17708000,MSFT
2023-12-22,368.2366027832031,368.8264479888416,366.39827539290235,367.3518499751321,17107500,MSFT
2023-12-26,368.31524658203125,370.5566342519059,367.17488724110945,368.6494851818368,12673100,MSFT
2023-12-27,367.73529052734375,368.7085156973093,366.4966184922779,367.3617208659254,14905400,MSFT
2023-12-28,368.9248046875,370.0848147302982,367.82377617224904,369.01327697882084,14327000,MSFT
2023-12-29,369.6719055175781,370.77293391810167,367.15526060187455,369.6325745030526,18730800,MSFT
2024-01-02,364.5895080566406,369.53432646906003,360.55893338629653,367.52886438904085,25258600,MSFT
2024-01-03,364.3240051269531,366.9389624174864,362.2694022559853,362.76093490456435,23083500,MSFT
2024-01-04,361.7091064453125,366.7817278006742,360.95215684412767,364.3928859416935,20901500,MSFT
2024-01-05,361.5223083496094,365.7593179114421,360.29347657411785,362.72164936252017,21004600,MSFT
2024-01-08,368.3447570800781,368.84613000704053,362.7609531121448,363.0460204620728,23134000,MSFT
2024-01-09,369.4261779785156,369.6227730702436,364.90407085789354,365.71019173607624,20830000,MSFT
2024-01-10,376.2878723144531,377.6641876554582,369.9471194966955,369.99626075854405,25514200,MSFT
2024-01-11,378.1164245605469,384.0639578363486,373.9383968872458,379.4632192692285,27850800,MSFT
2024-01-12,381.8913879394531,382.0978232574525,378.13607119839037,378.9618424711607,21661200,MSFT
2024-01-16,383.66094970703125,387.3572854699558,381.0558322148753,386.9935560466254,27202300,MSFT
2024-01-17,382.87451171875,383.5036580222972,378.29342300551,381.40975376136174,22234100,MSFT
2024-01-18,387.199951171875,387.317914215752,383.51345604684644,385.0863666336801,23392100,MSFT
2024-01-19,391.9186706542969,391.9186706542969,386.83620966747424,389.05794692680297,29331100,MSFT
2024-01-22,389.7952880859375,393.8356726529961,386.9247237943795,393.2458273875224,27016900,MSFT
2024-01-23,392.1447448730469,392.61662702057765,387.25890909833606,389.0480951568549,20525900,MSFT
2024-01-24,395.7427978515625,398.7608157750505,393.66854429552797,394.7400819620146,24867000,MSFT
2024-01-25,398.0136413574219,400.1174154899957,395.7132721662268,397.4729674452485,21021200,MSFT
2024-01-26,397.089599609375,399.291686504724,395.6150015101639,397.52215078520555,17803300,MSFT
2024-01-29,402.78155517578125,403.03716177894273,397.48281829193445,399.1835322269837,24510200,MSFT
2024-01-30,401.670654296875,406.05511721074,399.5669101187714,405.2785172108199,33477600,MSFT
2024-01-31,390.84716796875,408.2867703249603,390.48343853417316,400.06832715130344,47871100,MSFT
2024-02-01,396.942138671875,401.0906757831929,394.9956584155895,395.02514917701313,30657700,MSFT
2024-02-02,404.2561340332031,405.66191028214797,396.7258498594463,396.9716161967069,28256700,MSFT
2024-02-05,398.78045654296875,404.197156266753,397.1485644483077,402.9584843152066,25352300,MSFT
2024-02-06,398.6231689453125,401.06118187336995,396.0868734804641,399.0065788415849,18382600,MSFT
2024-02-07,407.03826904296875,407.2840354244705,400.50088929517665,400.54022031643507,22340500,MSFT
2024-02-08,407.09716796875,408.5226246925269,405.5439379531735,407.03818644922006,21225300,MSFT
2024-02-09,413.4281311035156,413.693577955035,408.060602560808,408.2178966207668,22032800,MSFT
2024-02-12,408.2277526855469,413.61493194410616,407.7263797250581,413.43798737008973,21202900,MSFT
2024-02-13,399.43914794921875,403.12564326770877,396.55877347389134,398.0825128718903,27824900,MSFT
2024-02-14,403.2998962402344,403.6446114435303,398.4542867149953,401.90137863544226,20401200,MSFT
2024-02-15,400.4141540527344,402.94531135993617,398.17847977076707,401.97028650604454,21825500,MSFT
2024-02-16,397.9519348144531,402.11800189970467,397.3413119912312,401.7929735865366,22296500,MSFT
2024-02-20,396.701171875,398.3754555316585,391.99343067715284,397.1443513475326,24307900,MSFT
2024-02-21,396.100341796875,396.20869458459015,391.2153292491478,394.12074688500724,18518900,MSFT
2024-02-22,405.42718505859375,406.5893400835542,402.393757864311,403.9892639250621,27009900,MSFT
2024-02-23,404.13702392578125,409.5735691126935,402.7877385663373,409.38646893086735,16295900,MSFT
2024-02-26,401.37939453125,405.929551090099,401.2020926741633,405.2401206785282,16193500,MSFT
2024-02-27,401.3202209472656,402.1475192363306,397.74509008849367,401.82249094576025,14835800,MSFT
2024-02-28,401.556640625,403.1127430930959,399.1929265964819,402.00967855020446,13183100,MSFT
2024-02-29,407.38714599609375,407.93867824413843,399.7838456551883,402.4627294555139,31947300,MSFT
2024-03-01,409.218994140625,409.583396137478,404.6688382927548,405.0529271345384,17823400,MSFT
2024-03-04,408.6477966308594,411.04105586312363,406.08709401097116,407.1901585103068,17596000,MSFT
2024-03-05,396.5632629394531,407.9879154671031,394.58366790374333,407.7022908884421,26919200,MSFT
2024-03-06,396.0117492675781,399.03534841652714,392.3676988449284,396.87845143918287,22344100,MSFT
2024-03-07,402.9552001953125,403.58550992875143,396.15948083378726,399.98083315410713,18718500,MSFT
2024-03-08,400.07928466796875,404.21580644025056,398.2178408535662,401.79297194630584,18002200,MSFT
2024-03-11,398.40496826171875,399.54743645794565,395.19426925023413,397.6564774172096,16120800,MSFT
2024-03-12,409.00238037109375,409.2880049750951,400.6407298572385,401.45816986092404,22457000,MSFT
2024-03-13,408.8250427246094,411.8584699071754,405.2302248765396,411.7796924719957,17115900,MSFT
2024-03-14,418.79205322265625,421.35275566223316,411.6713365651744,413.8873238589186,34157300,MSFT
2024-03-15,410.1251220703125,416.2116937258995,406.54999083820695,412.95173236718284,45079900,MSFT
2024-03-18,411.0115051269531,414.3699607798189,407.52500983634934,407.9879061886506,20106000,MSFT
2024-03-19,415.0396728515625,415.295752126201,409.2682411150174,411.5137738248201,19837900,MSFT
2024-03-20,418.8019714355469,419.52091706855344,414.3010471653659,415.62078729077075,17860100,MSFT
2024-03-21,422.8793640136719,424.30745690999566,420.70278020104655,423.3324019440985,21296200,MSFT
2024-03-22,422.2588806152344,423.36194516542855,419.62925888508494,423.2043902779049,17648500,MSFT
2024-03-25,416.46771240234375,420.94894917769574,415.2366083524533,418.81173932233537,18060500,MSFT
2024-03-26,415.2760314941406,419.55042134825453,414.98057853086766,419.17616089060704,16725600,MSFT
2024-03-27,415.05938720703125,418.0337541903471,412.67598630724365,418.0238957387452,16705000,MSFT
2024-03-28,414.360107421875,415.4927172172239,412.78428811448583,414.5964697982947,21871200,MSFT
2024-04-01,418.1518859863281,421.4217055688743,415.83740435240986,417.5412631842415,16316000,MSFT
2024-04-02,415.0692138671875,415.9950065592136,411.5236280313696,413.7593022671653,17912000,MSFT
2024-04-03,414.09423828125,416.86175823561996,412.7547812256396,413.3851210297518,16502300,MSFT
2024-04-04,411.56304931640625,422.1899488258563,411.2577378896696,418.5655553413228,19370900,MSFT
2024-04-05,419.0875549316406,420.0626098925823,411.99641280038685,413.6608680769513,16554800,MSFT
2024-04-08,418.171630859375,420.820969557038,416.9011228829619,418.7428800514856,14272400,MSFT
2024-04-09,419.8360900878906,421.2740114208572,415.246529885916,419.9936750369666,12496900,MSFT
2024-04-10,416.8616943359375,417.62004361877445,413.3555123677214,415.8078620441207,16216600,MSFT
2024-04-11,421.46112060546875,422.87935502001585,415.97531318643956,419.38303118441615,17966400,MSFT
2024-04-12,415.52227783203125,418.75269400595073,413.4244714952131,417.6397710155257,19253800,MSFT
2024-04-15,407.38714599609375,420.36790078356154,407.18029886088704,420.15122525352587,20273500,MSFT
2024-04-16,408.3128662109375,412.07512727036436,407.47573953105865,408.30303781713025,16765600,MSFT
2024-04-17,405.6143493652344,412.5479364642673,404.127165910336,410.9425718180864,15855500,MSFT
2024-04-18,398.1587829589844,405.6636193685748,397.843643128254,404.42265672373026,21029900,MSFT
2024-04-19,393.08660888671875,399.35048216055003,391.7570104509112,397.922389385747,30565800,MSFT
2024-04-22,394.8988037109375,396.7602475945419,389.76757007965125,394.0321015888098,20286900,MSFT
2024-04-23,401.408935546875,402.02941689941457,396.9671017838586,398.12925698523895,15734500,MSFT
2024-04-24,402.8763732910156,406.23482905911584,400.63084049682084,403.36881495690267,15065300,MSFT
2024-04-25,393.0078430175781,393.8449998393028,382.16426819567243,388.0735680343126,40586500,MSFT
2024-04-26,400.17779541015625,406.7568087350332,399.6262631587446,405.9393688090581,29694700,MSFT
2024-04-29,396.1692810058594,400.1777629830485,393.1555407133354,399.12393070882416,19582100,MSFT
2024-04-30,383.44464111328125,396.0807119739039,383.2870862186978,395.4208268707794,28781400,MSFT
2024-05-01,388.9698486328125,395.64735681788176,384.4098337259813,386.6750535015372,23562500,MSFT
2024-05-02,391.8259582519531,393.88436068854867,388.68417820234623,391.6486864760746,17709400,MSFT
2024-05-03,400.5126647949219,400.9952480161036,395.7852067038653,396.1988709336313,17446700,MSFT
2024-05-06,407.2886657714844,407.67275464571117,400.22703898277103,402.58092459776026,16996600,MSFT
2024-05-07,403.15216064453125,408.4016059107325,402.9059397986261,408.3917474588945,20018200,MSFT
2024-05-08,404.3339538574219,405.9984088555703,400.56183440244655,401.999785502548,11792300,MSFT
2024-05-09,406.0871276855469,406.48107503136987,402.91580195884967,404.3635817483474,14689700,MSFT
2024-05-10,408.47052001953125,409.1008598045123,405.5749605018169,406.6977419727187,13402300,MSFT
2024-05-13,407.46588134765625,412.02589540221663,404.60972606039115,411.6910387187959,15440200,MSFT
2024-05-14,410.2630310058594,411.1789653639721,405.3287555020644,405.7916519071735,15109300,MSFT
2024-05-15,417.43603515625,418.1563076849087,411.703543849402,412.32514437118755,22239500,MSFT
2024-05-16,415.37384033203125,419.7447655066684,414.74239380752215,416.1730322472247,17530100,MSFT
2024-05-17,414.60430908203125,417.2781788386251,412.4533979292135,416.903243294278,15352200,MSFT
2024-05-20,419.6658935546875,421.0768099021397,414.3872573782501,414.6043237478942,16272100,MSFT
2024-05-21,423.3164978027344,427.1940633042462,419.1823911367933,421.1359581260157,21453300,MSFT
2024-05-22,424.7767639160156,426.6415653807663,421.43200286988593,424.35250743086516,18073700,MSFT
2024-05-23,421.3037109375,427.8156712738496,419.7448017896618,427.194070817087,17211700,MSFT
2024-05-24,424.42156982421875,425.30955759417924,418.7482761527639,421.49118910602255,11855300,MSFT
2024-05-28,424.5794372558594,425.0727671383065,420.9090617260336,423.8986396092449,15718000,MSFT
2024-05-29,423.4447937011719,425.1911706830153,420.0112068053538,420.0112068053538,15517100,MSFT
2024-05-30,409.1382141113281,418.639722265152,408.7139275324575,418.639722265152,28394500,MSFT
2024-05-31,409.5920715332031,411.19045552886206,399.1137496856911,411.19045552886206,47995300,MSFT
2024-06-03,408.00347900390625,410.8746621379711,403.4648687982132,409.98667449383385,17484700,MSFT
2024-06-04,410.51953125,410.88459054146256,404.21476096620233,406.9280752908703,14348900,MSFT
2024-06-05,418.3536071777344,418.42265047577604,410.7464388812518,412.23630472822083,16988000,MSFT
2024-06-06,418.8568115234375,419.63628120393724,414.96936946485204,418.35363549566944,14861300,MSFT
2024-06-07,418.1957702636719,420.59334639709124,417.3571033955117,420.51442686018504,13621700,MSFT
2024-06-10,422.1620788574219,422.3692689624298,418.2351925422475,419.03438448631385,13982900,MSFT
2024-06-11,426.907958984375,427.04610581067664,419.57708382911113,419.8040264249776,14551100,MSFT
2024-06-12,435.1761779785156,437.48495834500466,427.47036718999846,429.51276024474697,22366200,MSFT
2024-06-13,435.6891784667969,437.47506023111936,433.50866895377334,434.9689361541973,15960600,MSFT
2024-06-14,436.666015625,437.22841891267086,430.89405002785384,432.43323683903066,13582000,MSFT
2024-06-17,442.3886413574219,444.92436422206765,434.84070005199675,436.68574902549324,20790000,MSFT
2024-06-18,440.38568115234375,444.1350060298183,438.95504267224476,443.71071948038815,17112500,MSFT
2024-06-20,439.7542724609375,440.57318682315986,435.38334678666155,440.3462442358131,19877400,MSFT
2024-06-21,443.7798156738281,444.56913141990066,440.553449170913,441.4118383251449,34187100,MSFT
2024-06-24,441.697998046875,446.71021649298933,440.45479708566984,443.7995580906483,15913700,MSFT
2024-06-25,444.9342041015625,445.3979353653379,440.79022131418793,442.27021086532676,16413400,MSFT
2024-06-26,446.1280822753906,447.5488747436615,442.21104180989477,443.0102338094888,16507000,MSFT
2024-06-27,446.8088684082031,450.0845859651154,445.74325902922413,446.14779313508967,14806300,MSFT
2024-06-28,440.98760986328125,449.3051447547128,440.4548051400977,447.02596302446955,28362300,MSFT
2024-07-01,450.6371154785156,451.2685620568994,439.71478489170136,442.6747641221356,17662800,MSFT
2024-07-02,453.153076171875,453.45893827703065,447.0653724350894,447.15419830732895,13979800,MSFT
2024-07-03,454.62322998046875,454.86989493305913,451.7717987859675,452.07766091834213,9932800,MSFT
2024-07-05,461.3226318359375,462.1021014719612,452.8472281684966,453.478674753155,16000300,MSFT
2024-07-08,460.0202331542969,461.4607780718062,458.26398000009,460.326095268591,12962300,MSFT
2024-07-09,453.40966796875,461.0957263862654,451.89020339539763,460.770141890067,17207200,MSFT
2024-07-10,460.0301208496094,460.2373109717691,452.73869064735504,455.0672233776237,18196100,MSFT
2024-07-11,448.63421630859375,458.57973369334036,445.5262138972975,456.8037581244286,23111200,MSFT
2024-07-12,447.49951171875,450.2720231711714,444.6382045032453,448.2691051092715,16324300,MSFT
2024-07-15,447.9040832519531,451.1600787227488,445.40783511291056,447.25288415779397,14429400,MSFT
2024-07-16,443.52325439453125,448.23948652304546,440.7014221253391,448.16056699620316,17175700,MSFT
2024-07-17,437.60333251953125,438.9156068819966,433.3212327097638,436.68574615539535,21778000,MSFT
2024-07-18,434.4953918457031,438.7182947848892,428.6050313568636,438.4124326412694,20794800,MSFT
2024-07-19,431.2788391113281,435.2551069043024,426.23702212212055,427.3223538949878,20940400,MSFT
2024-07-22,437.0310974121094,438.6689563053254,433.05485959349295,435.8964446559175,15808800,MSFT
2024-07-23,438.9156494140625,442.4084337865644,437.1889946406873,437.97831049289954,13107100,MSFT
2024-07-24,423.17840576171875,435.5906035987281,421.88588376058476,434.5743451525585,26805800,MSFT
2024-07-25,412.8184814453125,424.0663978828946,411.94036982301,423.0797380180107,29943800,MSFT
2024-07-26,419.59674072265625,423.19807255246826,411.70346348114055,412.6210798444187,23583800,MSFT
2024-07-29,421.0373229980469,426.38500194360023,419.0344049240428,425.8225986635412,15125800,MSFT
2024-07-30,417.2781677246094,423.32636688783225,411.7923116419938,422.0141226280364,32687600,MSFT
2024-07-31,412.7691345214844,416.1533704185598,406.7110288792971,414.89044707540063,42891400,MSFT
2024-08-01,411.5456237792969,421.75755796351626,407.57926252131097,415.1765544542287,30296400,MSFT
2024-08-02,403.0406494140625,409.46381430513844,398.9460172931046,406.98728858808795,29437900,MSFT
2024-08-05,389.87860107421875,395.6900415573509,380.43625987349014,383.9783949357412,40709200,MSFT
2024-08-06,394.2790832519531,400.25826896287094,393.18390539634436,394.66389500260414,24946500,MSFT
2024-08-07,393.1148681640625,404.60944914169323,392.16768315982324,403.18868669056855,20650900,MSFT
2024-08-08,397.3180847167969,400.4457797944305,394.60476994278486,397.0714197373412,20203000,MSFT
2024-08-09,400.60357666015625,402.6064947272633,396.89375651412195,398.64013341356633,19276700,MSFT
2024-08-12,401.3830261230469,403.3070245629386,398.84730349296393,401.6296910455733,16762900,MSFT
2024-08-13,408.4870300292969,409.41449264240543,404.10625814496586,404.1259805010332,19414300,MSFT
2024-08-14,411.29901123046875,412.1475543601763,406.94786778270196,409.2664943452795,18267000,MSFT
2024-08-15,416.162109375,416.2411711538097,412.8310776655769,414.94631960204117,20752100,MSFT
2024-08-16,413.6317443847656,416.4685572584128,412.4752583913715,415.73712262611093,22775600,MSFT
2024-08-19,416.6563415527344,416.8737991572246,411.6449527797598,414.11604821044875,15234000,MSFT
2024-08-20,419.8885192871094,420.93626132598814,416.7650812391523,416.82438511571235,16387600,MSFT
2024-08-21,419.23614501953125,421.46999458583696,416.8441115746798,419.17681098270833,16067300,MSFT
2024-08-22,410.7454528808594,421.8555179747642,409.8163186254232,419.45359039351575,19361900,MSFT
2024-08-23,411.97113037109375,414.41257372157986,407.32545916499066,412.15893602611095,18493800,MSFT
2024-08-26,408.70928955078125,412.4554786638681,406.58415351672016,411.55599630876077,13152800,MSFT
2024-08-27,409.05523681640625,409.5692137906275,405.5067475085558,408.0865565785304,13492900,MSFT
2024-08-28,405.8526916503906,410.201813276276,402.60072184118246,410.0832055301203,14882700,MSFT
2024-08-29,408.34356689453125,417.17031240351145,405.85271359636084,410.14253158113485,17045200,MSFT
2024-08-30,412.317138671875,412.66306792136305,407.36505347568107,410.79493534811195,24308300,MSFT
2024-09-03,404.7061462402344,415.0254436454868,402.3240065159735,413.0782191501631,20313600,MSFT
2024-09-04,404.1723937988281,406.4853356806643,399.6947697394898,401.2169730883832,15135800,MSFT
2024-09-05,403.66827392578125,408.32380920500026,401.43439403542544,402.90715723849786,14195500,MSFT
2024-09-06,397.0556335449219,405.9021372589665,396.16601504088436,404.3305241544344,19609500,MSFT
2024-09-09,401.0291442871094,403.9252609488484,397.50041270369564,402.5315594789773,15295100,MSFT
2024-09-10,409.4111022949219,411.5164502597468,402.9862541865475,403.48047327180706,19594300,MSFT
2024-09-11,418.1488952636719,419.08789343392027,404.84449566929334,410.6960629554886,19266900,MSFT
2024-09-12,422.06304931640625,422.4287665702525,414.8968734205188,418.4157104817343,17395700,MSFT
2024-09-13,425.6115417480469,426.8371952929349,420.54084966063596,420.9065669174341,15874600,MSFT
2024-09-16,426.3529052734375,428.517587221267,423.2689830915265,425.6214706998335,13834700,MSFT
2024-09-17,430.1188659667969,436.741413807479,427.2721591954558,435.1401487897844,18874200,MSFT
2024-09-18,425.8290100097656,430.9886580324637,425.43364080776206,429.9705680090547,18898000,MSFT
2024-09-19,433.617919921875,436.39542861722236,431.8486072464737,436.12856118496126,21706600,MSFT
2024-09-20,430.2374572753906,434.1615578880838,429.1996092968504,432.1649237095232,55167100,MSFT
2024-09-23,428.497802734375,431.41367697848,425.4138807437856,429.25888919848313,15128900,MSFT
2024-09-24,424.2080383300781,428.33970279345715,421.17352579677157,427.9937433882553,17015800,MSFT
2024-09-25,427.1139221191406,428.1122541341339,423.61487337986136,424.86028472573474,13396400,MSFT
2024-09-26,426.3232421875,430.2671006249204,424.1684543301705,430.0595370663028,14492000,MSFT
2024-09-27,423.0712585449219,426.85699330507344,422.52762966372916,426.5307918445686,14896100,MSFT
2024-09-30,425.32489013671875,425.44352804368714,420.45189768334603,423.2590581868764,16807300,MSFT
2024-10-01,415.8260803222656,423.52602256028683,413.96781162828705,423.49637062005274,19092900,MSFT
2024-10-02,412.30718994140625,417.93140514988795,411.89203266645677,417.6941594936009,16582300,MSFT
2024-10-03,411.7240295410156,414.699207817815,409.50004373541833,412.80142348929195,13686400,MSFT
2024-10-04,411.24957275390625,414.8969119270876,410.172178794162,413.40436067339476,19169700,MSFT
2024-10-07,404.80499267578125,412.287446994849,404.27122759664127,411.1902950616205,20919800,MSFT
2024-10-08,409.9151916503906,410.8542199929417,403.4508276328713,406.14924457508937,19229300,MSFT
2024-10-09,412.63336181640625,415.51961434814075,409.5098937927917,411.0518548194861,14974300,MSFT
2024-10-10,411.0321044921875,412.5246557071608,408.37320353432506,410.42917171763446,13848400,MSFT
2024-10-11,411.5066223144531,412.3072548892894,408.4721096265101,411.32871066776545,14144900,MSFT
2024-10-14,414.29400634765625,419.1373475498946,412.6927111070291,412.9398206598447,16653100,MSFT
2024-10-15,413.8985290527344,417.5953077792985,410.4587840301926,417.2987582728739,18900200,MSFT
2024-10-16,411.30889892578125,411.5461144410461,405.7341231638779,410.369900734698,15508900,MSFT
2024-10-17,411.9019470214844,417.61511832115826,410.78500708577025,417.4767225011017,14820000,MSFT
2024-10-18,413.3253173828125,414.79808063402476,411.44729085370335,412.3171212877513,17145300,MSFT
2024-10-21,413.9380798339844,414.1159914410674,408.96623771559626,411.3088310363951,14206100,MSFT
2024-10-22,422.56719970703125,425.60168187753965,413.2066892964129,413.6514683614362,25482200,MSFT
2024-10-23,419.69085693359375,426.0959170295647,417.64478266305224,425.8784594235447,19654400,MSFT
2024-10-24,419.8193359375,421.0548835944768,417.5162582126422,420.4123746810587,13581600,MSFT
2024-10-25,423.1997375488281,427.51920692415774,421.6380187300836,421.8258243694227,16899100,MSFT
2024-10-28,421.6578369140625,426.94598717649535,421.3711813975522,426.669225694439,14882400,MSFT
2024-10-29,426.95587158203125,428.16176733338216,420.87695281886124,423.05152881793293,17644100,MSFT
2024-10-30,427.5291442871094,433.43012114532394,427.10412312962825,432.38237913794643,29749100,MSFT
2024-10-31,401.65185546875,411.3484314804884,401.60241546152275,410.55766284750285,53971000,MSFT
2024-11-01,405.6253662109375,410.69605883957496,402.78855349489004,404.2811047814158,24230400,MSFT
2024-11-04,403.7373962402344,405.67475653100576,400.88082597000493,405.06189960347484,19672300,MSFT
2024-11-05,406.7027587890625,410.102988488707,403.3618329661191,403.6484884800003,17626000,MSFT
2024-11-06,415.3219299316406,415.58882753455555,405.77361389082967,407.65167048638625,26681800,MSFT
2024-11-07,420.51123046875,421.91482589939426,415.0254108601489,416.40921822256973,19901800,MSFT
2024-11-08,417.6546325683594,421.568838898406,416.90340997880253,420.4024892096892,16891400,MSFT
2024-11-11,413.17706298828125,419.8984307044044,411.19029254705583,417.6348987728619,24503300,MSFT
2024-11-12,418.13897705078125,419.5326784209289,412.37639607879026,413.41424403977334,19401200,MSFT
2024-11-13,420.2839050292969,424.366129168666,413.3747019871383,416.7650676989441,21502200,MSFT
2024-11-14,421.9543762207031,423.21957584577814,415.14402288993426,420.086213638624,30246900,MSFT
2024-11-15,410.2018737792969,417.9116800639509,408.8576122382768,414.9661533841751,28247600,MSFT
2024-11-18,410.9530029296875,413.56246363004436,407.3353161383932,410.0732786083585,24727000,MSFT
2024-11-19,412.9595642089844,413.10782389174204,406.79168992363145,408.3336509537854,18133500,MSFT
2024-11-20,410.6861572265625,412.46536399512735,405.8329222910528,412.05020669970736,19191700,MSFT
2024-11-21,408.913330078125,415.7571129679985,406.35806834126146,415.4797975064388,20780200,MSFT
2024-11-22,413.00372314453125,413.39988374041405,407.1206461090675,407.4276728377604,24814600,MSFT
2024-11-25,414.776611328125,417.0446437711569,410.87436717729366,414.37053686089325,27691100,MSFT
2024-11-26,423.8883972167969,424.92835279721186,414.8360050762814,415.56890369905886,23458900,MSFT
2024-11-27,418.93634033203125,423.13572759358533,417.97563494679554,421.03601885024915,18332400,MSFT
2024-11-29,419.4018249511719,420.808229889217,413.7960631011275,416.06412568619913,16271900,MSFT
2024-12-02,426.84979248046875,428.8504232970242,417.27244986667705,417.52996787602956,20207200,MSFT
2024-12-03,427.0676574707031,428.32547569363487,423.6407942127541,425.72067515411175,18302000,MSFT
2024-12-04,433.2280578613281,435.4564952904926,428.483953715763,428.8801143248133,26009400,MSFT
2024-12-05,438.3782043457031,440.3986627358307,431.9900352112823,433.72326431540773,21697800,MSFT
2024-12-06,439.3191223144531,441.82487523918803,437.5363542028089,438.0612738202398,18821000,MSFT
2024-12-09,441.74560546875,444.03346541962105,436.2785166631167,438.3583975889403,19144400,MSFT
2024-12-10,439.0814208984375,445.31115038441584,437.36801935702954,440.13129040416726,18469500,MSFT
2024-12-11,444.68719482421875,446.0341772846715,439.7945337941877,439.7945337941877,19200200,MSFT
2024-12-12,445.251708984375,451.7884649521135,444.8060093995974,444.8060093995974,20834800,MSFT
2024-12-13,442.983642578125,447.10377945438483,441.30983602760955,444.142443353527,20177800,MSFT
2024-12-16,447.26226806640625,447.8466102847365,441.0127411892908,442.9836607244317,23598800,MSFT
2024-12-17,450.1047058105469,450.9267684894764,445.26158450169066,446.6877867800923,22733500,MSFT
2024-12-18,433.1983337402344,448.3120705924071,432.83185420697276,446.9948298056794,24444500,MSFT
2024-12-19,432.8417663574219,438.93282241461935,432.13857903304347,437.38777493352876,22963700,MSFT
2024-12-20,432.4158935546875,439.48745236080407,424.5222720446017,428.95931906801104,64263700,MSFT
2024-12-23,431.0788269042969,433.455820708947,428.6820054234919,432.5545379722653,19152500,MSFT
2024-12-24,435.1197204589844,435.3871522905164,430.02899474815183,430.484577930417,7164500,MSFT
2024-12-26,433.9114074707031,436.7143034093448,432.44561022869516,434.8721127935591,8194200,MSFT
2024-12-27,426.404052734375,431.0491089535002,422.2641186475361,430.43505550450976,18117700,MSFT
2024-12-30,420.7586975097656,423.45263204127576,417.8567839421245,421.9769208859116,13158700,MSFT
